HTTP status: 200
Page length: 98134
Rows found: 25
Found 25 domains

=== BUY CANDIDATES ===

=== REVIEW MANUALLY ===
iclinicsaudeestetica.com | Brand: 45 | SEO: 16 | Final: 61 | Status: AVAILABLE | Action: REVIEW | Premium: NO | Reg Price: $17.29 | Renew: $17.29

=== SKIP ===
crafthouseprints.com | Brand: 12 | SEO: 5 | Final: 17 | Status: AVAILABLE | Action: SKIP | Premium: NO | Reg Price: $17.29 | Renew: $17.29
tbunkerarchitect.com | Brand: 12 | SEO: 5 | Final: 17 | Status: AVAILABLE | Action: SKIP | Premium: NO | Reg Price: $17.29 | Renew: $17.29
lagrangeboatclub.com | Brand: 12 | SEO: 5 | Final: 17 | Status: AVAILABLE | Action: SKIP | Premium: NO | Reg Price: $17.29 | Renew: $17.29
keystonecarshurricane.com | Brand: 12 | SEO: 5 | Final: 17 | Status: AVAILABLE | Action: SKIP | Premium: NO | Reg Price: $17.29 | Renew: $17.29
keystonecarscedarcity.com | Brand: 12 | SEO: 5 | Final: 17 | Status: AVAILABLE | Action: SKIP | Premium: NO | Reg Price: $17.29 | Renew: $17.29
lakeworthbestpublicadjuster.com | Brand: -11 | SEO: 5 | Final: -6 | Status: AVAILABLE | Action: SKIP | Premium: NO | Reg Price: $17.29 | Renew: $17.29
keithconstructionnz.com | Brand: -11 | SEO: 5 | Final: -6 | Status: AVAILABLE | Action: SKIP | Premium: NO | Reg Price: $17.29 | Renew: $17.29
wesmor-arizona.com | Brand: -3 | SEO: -10 | Final: -13 | Status: AVAILABLE | Action: SKIP | Premium: NO | Reg Price: $17.29 | Renew: $17.29
guy76c.com | Brand: -20 | SEO: 1 | Final: -19 | Status: AVAILABLE | Action: SKIP | Premium: NO | Reg Price: $17.29 | Renew: $17.29
bkisscake.com | Brand: -28 | SEO: 9 | Final: -19 | Status: AVAILABLE | Action: SKIP | Premium: NO | Reg Price: $17.29 | Renew: $17.29
keopkapek.com | Brand: -28 | SEO: 9 | Final: -19 | Status: AVAILABLE | Action: SKIP | Premium: NO | Reg Price: $17.29 | Renew: $17.29
isatourcv.com | Brand: -28 | SEO: 9 | Final: -19 | Status: AVAILABLE | Action: SKIP | Premium: NO | Reg Price: $17.29 | Renew: $17.29
isabelleyi.com | Brand: -28 | SEO: 9 | Final: -19 | Status: AVAILABLE | Action: SKIP | Premium: NO | Reg Price: $17.29 | Renew: $17.29
bikisscake.com | Brand: -28 | SEO: 9 | Final: -19 | Status: AVAILABLE | Action: SKIP | Premium: NO | Reg Price: $17.29 | Renew: $17.29
kevinhartin.com | Brand: -38 | SEO: 5 | Final: -33 | Status: AVAILABLE | Action: SKIP | Premium: NO | Reg Price: $17.29 | Renew: $17.29
pagcormantap.com | Brand: -38 | SEO: 5 | Final: -33 | Status: AVAILABLE | Action: SKIP | Premium: NO | Reg Price: $17.29 | Renew: $17.29
kiddushfest.com | Brand: -60 | SEO: 5 | Final: -55 | Status: AVAILABLE | Action: SKIP | Premium: NO | Reg Price: $17.29 | Renew: $17.29
elwakelservice.com | Brand: -63 | SEO: 5 | Final: -58 | Status: AVAILABLE | Action: SKIP | Premium: NO | Reg Price: $17.29 | Renew: $17.29
gamesgearshop.com | Brand: -63 | SEO: 5 | Final: -58 | Status: AVAILABLE | Action: SKIP | Premium: NO | Reg Price: $17.29 | Renew: $17.29
nutribloomfit.com | Brand: -63 | SEO: 5 | Final: -58 | Status: AVAILABLE | Action: SKIP | Premium: NO | Reg Price: $17.29 | Renew: $17.29
tryrankwizards.com | Brand: -108 | SEO: 5 | Final: -103 | Status: AVAILABLE | Action: SKIP | Premium: NO | Reg Price: $17.29 | Renew: $17.29
acerentalmgmt.com | Brand: -109 | SEO: 5 | Final: -104 | Status: AVAILABLE | Action: SKIP | Premium: NO | Reg Price: $17.29 | Renew: $17.29
kc1propertygroup.com | Brand: -131 | SEO: -10 | Final: -141 | Status: AVAILABLE | Action: SKIP | Premium: NO | Reg Price: $17.29 | Renew: $17.29

=== TAKEN ===
milestonebuilt.com | Brand: -63 | SEO: 5 | Final: -58 | Status: NOT AVAILABLE | Action: TAKEN
HTTP status: 200
Page length: 98134
Rows found: 25
Found 25 domains

=== BUY CANDIDATES ===

=== REVIEW MANUALLY ===
iclinicsaudeestetica.com | Brand: 45 | SEO: 16 | Final: 61 | Status: AVAILABLE | Action: REVIEW | Premium: NO | Reg Price: $17.29 | Renew: $17.29

=== SKIP ===
crafthouseprints.com | Brand: 12 | SEO: 5 | Final: 17 | Status: AVAILABLE | Action: SKIP | Premium: NO | Reg Price: $17.29 | Renew: $17.29
tbunkerarchitect.com | Brand: 12 | SEO: 5 | Final: 17 | Status: AVAILABLE | Action: SKIP | Premium: NO | Reg Price: $17.29 | Renew: $17.29
lagrangeboatclub.com | Brand: 12 | SEO: 5 | Final: 17 | Status: AVAILABLE | Action: SKIP | Premium: NO | Reg Price: $17.29 | Renew: $17.29
keystonecarshurricane.com | Brand: 12 | SEO: 5 | Final: 17 | Status: AVAILABLE | Action: SKIP | Premium: NO | Reg Price: $17.29 | Renew: $17.29
keystonecarscedarcity.com | Brand: 12 | SEO: 5 | Final: 17 | Status: AVAILABLE | Action: SKIP | Premium: NO | Reg Price: $17.29 | Renew: $17.29
lakeworthbestpublicadjuster.com | Brand: -11 | SEO: 5 | Final: -6 | Status: AVAILABLE | Action: SKIP | Premium: NO | Reg Price: $17.29 | Renew: $17.29
keithconstructionnz.com | Brand: -11 | SEO: 5 | Final: -6 | Status: AVAILABLE | Action: SKIP | Premium: NO | Reg Price: $17.29 | Renew: $17.29
wesmor-arizona.com | Brand: -3 | SEO: -10 | Final: -13 | Status: AVAILABLE | Action: SKIP | Premium: NO | Reg Price: $17.29 | Renew: $17.29
guy76c.com | Brand: -20 | SEO: 1 | Final: -19 | Status: AVAILABLE | Action: SKIP | Premium: NO | Reg Price: $17.29 | Renew: $17.29
bkisscake.com | Brand: -28 | SEO: 9 | Final: -19 | Status: AVAILABLE | Action: SKIP | Premium: NO | Reg Price: $17.29 | Renew: $17.29
keopkapek.com | Brand: -28 | SEO: 9 | Final: -19 | Status: AVAILABLE | Action: SKIP | Premium: NO | Reg Price: $17.29 | Renew: $17.29
isatourcv.com | Brand: -28 | SEO: 9 | Final: -19 | Status: AVAILABLE | Action: SKIP | Premium: NO | Reg Price: $17.29 | Renew: $17.29
isabelleyi.com | Brand: -28 | SEO: 9 | Final: -19 | Status: AVAILABLE | Action: SKIP | Premium: NO | Reg Price: $17.29 | Renew: $17.29
bikisscake.com | Brand: -28 | SEO: 9 | Final: -19 | Status: AVAILABLE | Action: SKIP | Premium: NO | Reg Price: $17.29 | Renew: $17.29
kevinhartin.com | Brand: -38 | SEO: 5 | Final: -33 | Status: AVAILABLE | Action: SKIP | Premium: NO | Reg Price: $17.29 | Renew: $17.29
pagcormantap.com | Brand: -38 | SEO: 5 | Final: -33 | Status: AVAILABLE | Action: SKIP | Premium: NO | Reg Price: $17.29 | Renew: $17.29
kiddushfest.com | Brand: -60 | SEO: 5 | Final: -55 | Status: AVAILABLE | Action: SKIP | Premium: NO | Reg Price: $17.29 | Renew: $17.29
elwakelservice.com | Brand: -63 | SEO: 5 | Final: -58 | Status: AVAILABLE | Action: SKIP | Premium: NO | Reg Price: $17.29 | Renew: $17.29
gamesgearshop.com | Brand: -63 | SEO: 5 | Final: -58 | Status: AVAILABLE | Action: SKIP | Premium: NO | Reg Price: $17.29 | Renew: $17.29
nutribloomfit.com | Brand: -63 | SEO: 5 | Final: -58 | Status: AVAILABLE | Action: SKIP | Premium: NO | Reg Price: $17.29 | Renew: $17.29
tryrankwizards.com | Brand: -108 | SEO: 5 | Final: -103 | Status: AVAILABLE | Action: SKIP | Premium: NO | Reg Price: $17.29 | Renew: $17.29
acerentalmgmt.com | Brand: -109 | SEO: 5 | Final: -104 | Status: AVAILABLE | Action: SKIP | Premium: NO | Reg Price: $17.29 | Renew: $17.29
kc1propertygroup.com | Brand: -131 | SEO: -10 | Final: -141 | Status: AVAILABLE | Action: SKIP | Premium: NO | Reg Price: $17.29 | Renew: $17.29

=== TAKEN ===
milestonebuilt.com | Brand: -63 | SEO: 5 | Final: -58 | Status: NOT AVAILABLE | Action: TAKEN
HTTP status: 200
Page length: 98170
Rows found: 25
Found 25 domains

=== BUY CANDIDATES ===

=== REVIEW MANUALLY ===
iclinicsaudeestetica.com | Brand: 45 | SEO: 16 | Final: 61 | Status: AVAILABLE | Action: REVIEW | Premium: NO | Reg Price: $17.29 | Renew: $17.29

=== SKIP ===
crafthouseprints.com | Brand: 12 | SEO: 5 | Final: 17 | Status: AVAILABLE | Action: SKIP | Premium: NO | Reg Price: $17.29 | Renew: $17.29
tbunkerarchitect.com | Brand: 12 | SEO: 5 | Final: 17 | Status: AVAILABLE | Action: SKIP | Premium: NO | Reg Price: $17.29 | Renew: $17.29
lagrangeboatclub.com | Brand: 12 | SEO: 5 | Final: 17 | Status: AVAILABLE | Action: SKIP | Premium: NO | Reg Price: $17.29 | Renew: $17.29
keystonecarshurricane.com | Brand: 12 | SEO: 5 | Final: 17 | Status: AVAILABLE | Action: SKIP | Premium: NO | Reg Price: $17.29 | Renew: $17.29
keystonecarscedarcity.com | Brand: 12 | SEO: 5 | Final: 17 | Status: AVAILABLE | Action: SKIP | Premium: NO | Reg Price: $17.29 | Renew: $17.29
lakeworthbestpublicadjuster.com | Brand: -11 | SEO: 5 | Final: -6 | Status: AVAILABLE | Action: SKIP | Premium: NO | Reg Price: $17.29 | Renew: $17.29
keithconstructionnz.com | Brand: -11 | SEO: 5 | Final: -6 | Status: AVAILABLE | Action: SKIP | Premium: NO | Reg Price: $17.29 | Renew: $17.29
wesmor-arizona.com | Brand: -3 | SEO: -10 | Final: -13 | Status: AVAILABLE | Action: SKIP | Premium: NO | Reg Price: $17.29 | Renew: $17.29
guy76c.com | Brand: -20 | SEO: 1 | Final: -19 | Status: AVAILABLE | Action: SKIP | Premium: NO | Reg Price: $17.29 | Renew: $17.29
bkisscake.com | Brand: -28 | SEO: 9 | Final: -19 | Status: AVAILABLE | Action: SKIP | Premium: NO | Reg Price: $17.29 | Renew: $17.29
keopkapek.com | Brand: -28 | SEO: 9 | Final: -19 | Status: AVAILABLE | Action: SKIP | Premium: NO | Reg Price: $17.29 | Renew: $17.29
isatourcv.com | Brand: -28 | SEO: 9 | Final: -19 | Status: AVAILABLE | Action: SKIP | Premium: NO | Reg Price: $17.29 | Renew: $17.29
isabelleyi.com | Brand: -28 | SEO: 9 | Final: -19 | Status: AVAILABLE | Action: SKIP | Premium: NO | Reg Price: $17.29 | Renew: $17.29
bikisscake.com | Brand: -28 | SEO: 9 | Final: -19 | Status: AVAILABLE | Action: SKIP | Premium: NO | Reg Price: $17.29 | Renew: $17.29
kevinhartin.com | Brand: -38 | SEO: 5 | Final: -33 | Status: AVAILABLE | Action: SKIP | Premium: NO | Reg Price: $17.29 | Renew: $17.29
pagcormantap.com | Brand: -38 | SEO: 5 | Final: -33 | Status: AVAILABLE | Action: SKIP | Premium: NO | Reg Price: $17.29 | Renew: $17.29
kiddushfest.com | Brand: -60 | SEO: 5 | Final: -55 | Status: AVAILABLE | Action: SKIP | Premium: NO | Reg Price: $17.29 | Renew: $17.29
elwakelservice.com | Brand: -63 | SEO: 5 | Final: -58 | Status: AVAILABLE | Action: SKIP | Premium: NO | Reg Price: $17.29 | Renew: $17.29
gamesgearshop.com | Brand: -63 | SEO: 5 | Final: -58 | Status: AVAILABLE | Action: SKIP | Premium: NO | Reg Price: $17.29 | Renew: $17.29
nutribloomfit.com | Brand: -63 | SEO: 5 | Final: -58 | Status: AVAILABLE | Action: SKIP | Premium: NO | Reg Price: $17.29 | Renew: $17.29
tryrankwizards.com | Brand: -108 | SEO: 5 | Final: -103 | Status: AVAILABLE | Action: SKIP | Premium: NO | Reg Price: $17.29 | Renew: $17.29
acerentalmgmt.com | Brand: -109 | SEO: 5 | Final: -104 | Status: AVAILABLE | Action: SKIP | Premium: NO | Reg Price: $17.29 | Renew: $17.29
kc1propertygroup.com | Brand: -131 | SEO: -10 | Final: -141 | Status: AVAILABLE | Action: SKIP | Premium: NO | Reg Price: $17.29 | Renew: $17.29

=== TAKEN ===
milestonebuilt.com | Brand: -63 | SEO: 5 | Final: -58 | Status: NOT AVAILABLE | Action: TAKEN
HTTP status: 200
Page length: 98170
Rows found: 25
Found 25 domains

=== BUY CANDIDATES ===

=== REVIEW MANUALLY ===
iclinicsaudeestetica.com | Brand: 45 | SEO: 16 | Final: 61 | Status: AVAILABLE | Action: REVIEW | Premium: NO | Reg Price: $17.29 | Renew: $17.29

=== SKIP ===
crafthouseprints.com | Brand: 12 | SEO: 5 | Final: 17 | Status: AVAILABLE | Action: SKIP | Premium: NO | Reg Price: $17.29 | Renew: $17.29
keystonecarshurricane.com | Brand: 12 | SEO: 5 | Final: 17 | Status: AVAILABLE | Action: SKIP | Premium: NO | Reg Price: $17.29 | Renew: $17.29
keystonecarscedarcity.com | Brand: 12 | SEO: 5 | Final: 17 | Status: AVAILABLE | Action: SKIP | Premium: NO | Reg Price: $17.29 | Renew: $17.29
lakeworthbestpublicadjuster.com | Brand: -11 | SEO: 5 | Final: -6 | Status: AVAILABLE | Action: SKIP | Premium: NO | Reg Price: $17.29 | Renew: $17.29
keithconstructionnz.com | Brand: -11 | SEO: 5 | Final: -6 | Status: AVAILABLE | Action: SKIP | Premium: NO | Reg Price: $17.29 | Renew: $17.29
wesmor-arizona.com | Brand: -3 | SEO: -10 | Final: -13 | Status: AVAILABLE | Action: SKIP | Premium: NO | Reg Price: $17.29 | Renew: $17.29
guy76c.com | Brand: -20 | SEO: 1 | Final: -19 | Status: AVAILABLE | Action: SKIP | Premium: NO | Reg Price: $17.29 | Renew: $17.29
bkisscake.com | Brand: -28 | SEO: 9 | Final: -19 | Status: AVAILABLE | Action: SKIP | Premium: NO | Reg Price: $17.29 | Renew: $17.29
keopkapek.com | Brand: -28 | SEO: 9 | Final: -19 | Status: AVAILABLE | Action: SKIP | Premium: NO | Reg Price: $17.29 | Renew: $17.29
isatourcv.com | Brand: -28 | SEO: 9 | Final: -19 | Status: AVAILABLE | Action: SKIP | Premium: NO | Reg Price: $17.29 | Renew: $17.29
isabelleyi.com | Brand: -28 | SEO: 9 | Final: -19 | Status: AVAILABLE | Action: SKIP | Premium: NO | Reg Price: $17.29 | Renew: $17.29
bikisscake.com | Brand: -28 | SEO: 9 | Final: -19 | Status: AVAILABLE | Action: SKIP | Premium: NO | Reg Price: $17.29 | Renew: $17.29
kevinhartin.com | Brand: -38 | SEO: 5 | Final: -33 | Status: AVAILABLE | Action: SKIP | Premium: NO | Reg Price: $17.29 | Renew: $17.29
pagcormantap.com | Brand: -38 | SEO: 5 | Final: -33 | Status: AVAILABLE | Action: SKIP | Premium: NO | Reg Price: $17.29 | Renew: $17.29
kiddushfest.com | Brand: -60 | SEO: 5 | Final: -55 | Status: AVAILABLE | Action: SKIP | Premium: NO | Reg Price: $17.29 | Renew: $17.29
elwakelservice.com | Brand: -63 | SEO: 5 | Final: -58 | Status: AVAILABLE | Action: SKIP | Premium: NO | Reg Price: $17.29 | Renew: $17.29
gamesgearshop.com | Brand: -63 | SEO: 5 | Final: -58 | Status: AVAILABLE | Action: SKIP | Premium: NO | Reg Price: $17.29 | Renew: $17.29
nutribloomfit.com | Brand: -63 | SEO: 5 | Final: -58 | Status: AVAILABLE | Action: SKIP | Premium: NO | Reg Price: $17.29 | Renew: $17.29
tryrankwizards.com | Brand: -108 | SEO: 5 | Final: -103 | Status: AVAILABLE | Action: SKIP | Premium: NO | Reg Price: $17.29 | Renew: $17.29
acerentalmgmt.com | Brand: -109 | SEO: 5 | Final: -104 | Status: AVAILABLE | Action: SKIP | Premium: NO | Reg Price: $17.29 | Renew: $17.29

=== TAKEN ===
tbunkerarchitect.com | Brand: 12 | SEO: 5 | Final: 17 | Status: NOT AVAILABLE | Action: TAKEN
lagrangeboatclub.com | Brand: 12 | SEO: 5 | Final: 17 | Status: NOT AVAILABLE | Action: TAKEN
milestonebuilt.com | Brand: -63 | SEO: 5 | Final: -58 | Status: NOT AVAILABLE | Action: TAKEN
kc1propertygroup.com | Brand: -131 | SEO: -10 | Final: -141 | Status: NOT AVAILABLE | Action: TAKEN
HTTP status: 200
Page length: 97978
Rows found: 25
Found 25 domains

=== BUY CANDIDATES ===

=== REVIEW MANUALLY ===
iclinicsaudeestetica.com | Brand: 45 | SEO: 16 | Final: 61 | Status: AVAILABLE | Action: REVIEW | Premium: NO | Reg Price: $17.29 | Renew: $17.29

=== SKIP ===
crafthouseprints.com | Brand: 12 | SEO: 5 | Final: 17 | Status: AVAILABLE | Action: SKIP | Premium: NO | Reg Price: $17.29 | Renew: $17.29
keystonecarshurricane.com | Brand: 12 | SEO: 5 | Final: 17 | Status: AVAILABLE | Action: SKIP | Premium: NO | Reg Price: $17.29 | Renew: $17.29
keystonecarscedarcity.com | Brand: 12 | SEO: 5 | Final: 17 | Status: AVAILABLE | Action: SKIP | Premium: NO | Reg Price: $17.29 | Renew: $17.29
lakeworthbestpublicadjuster.com | Brand: -11 | SEO: 5 | Final: -6 | Status: AVAILABLE | Action: SKIP | Premium: NO | Reg Price: $17.29 | Renew: $17.29
keithconstructionnz.com | Brand: -11 | SEO: 5 | Final: -6 | Status: AVAILABLE | Action: SKIP | Premium: NO | Reg Price: $17.29 | Renew: $17.29
wesmor-arizona.com | Brand: -3 | SEO: -10 | Final: -13 | Status: AVAILABLE | Action: SKIP | Premium: NO | Reg Price: $17.29 | Renew: $17.29
guy76c.com | Brand: -20 | SEO: 1 | Final: -19 | Status: AVAILABLE | Action: SKIP | Premium: NO | Reg Price: $17.29 | Renew: $17.29
bkisscake.com | Brand: -28 | SEO: 9 | Final: -19 | Status: AVAILABLE | Action: SKIP | Premium: NO | Reg Price: $17.29 | Renew: $17.29
keopkapek.com | Brand: -28 | SEO: 9 | Final: -19 | Status: AVAILABLE | Action: SKIP | Premium: NO | Reg Price: $17.29 | Renew: $17.29
isatourcv.com | Brand: -28 | SEO: 9 | Final: -19 | Status: AVAILABLE | Action: SKIP | Premium: NO | Reg Price: $17.29 | Renew: $17.29
isabelleyi.com | Brand: -28 | SEO: 9 | Final: -19 | Status: AVAILABLE | Action: SKIP | Premium: NO | Reg Price: $17.29 | Renew: $17.29
bikisscake.com | Brand: -28 | SEO: 9 | Final: -19 | Status: AVAILABLE | Action: SKIP | Premium: NO | Reg Price: $17.29 | Renew: $17.29
kevinhartin.com | Brand: -38 | SEO: 5 | Final: -33 | Status: AVAILABLE | Action: SKIP | Premium: NO | Reg Price: $17.29 | Renew: $17.29
pagcormantap.com | Brand: -38 | SEO: 5 | Final: -33 | Status: AVAILABLE | Action: SKIP | Premium: NO | Reg Price: $17.29 | Renew: $17.29
kiddushfest.com | Brand: -60 | SEO: 5 | Final: -55 | Status: AVAILABLE | Action: SKIP | Premium: NO | Reg Price: $17.29 | Renew: $17.29
elwakelservice.com | Brand: -63 | SEO: 5 | Final: -58 | Status: AVAILABLE | Action: SKIP | Premium: NO | Reg Price: $17.29 | Renew: $17.29
gamesgearshop.com | Brand: -63 | SEO: 5 | Final: -58 | Status: AVAILABLE | Action: SKIP | Premium: NO | Reg Price: $17.29 | Renew: $17.29
nutribloomfit.com | Brand: -63 | SEO: 5 | Final: -58 | Status: AVAILABLE | Action: SKIP | Premium: NO | Reg Price: $17.29 | Renew: $17.29
tryrankwizards.com | Brand: -108 | SEO: 5 | Final: -103 | Status: AVAILABLE | Action: SKIP | Premium: NO | Reg Price: $17.29 | Renew: $17.29
acerentalmgmt.com | Brand: -109 | SEO: 5 | Final: -104 | Status: AVAILABLE | Action: SKIP | Premium: NO | Reg Price: $17.29 | Renew: $17.29

=== TAKEN ===
tbunkerarchitect.com | Brand: 12 | SEO: 5 | Final: 17 | Status: NOT AVAILABLE | Action: TAKEN
lagrangeboatclub.com | Brand: 12 | SEO: 5 | Final: 17 | Status: NOT AVAILABLE | Action: TAKEN
milestonebuilt.com | Brand: -63 | SEO: 5 | Final: -58 | Status: NOT AVAILABLE | Action: TAKEN
kc1propertygroup.com | Brand: -131 | SEO: -10 | Final: -141 | Status: NOT AVAILABLE | Action: TAKEN
HTTP status: 200
Page length: 97978
Rows found: 25
Found 25 domains

=== BUY CANDIDATES ===

=== REVIEW MANUALLY ===
iclinicsaudeestetica.com | Brand: 45 | SEO: 16 | Final: 61 | Status: AVAILABLE | Action: REVIEW | Premium: NO | Reg Price: $17.29 | Renew: $17.29

=== SKIP ===
keystonecarshurricane.com | Brand: 12 | SEO: 5 | Final: 17 | Status: AVAILABLE | Action: SKIP | Premium: NO | Reg Price: $17.29 | Renew: $17.29
keystonecarscedarcity.com | Brand: 12 | SEO: 5 | Final: 17 | Status: AVAILABLE | Action: SKIP | Premium: NO | Reg Price: $17.29 | Renew: $17.29
lakeworthbestpublicadjuster.com | Brand: -11 | SEO: 5 | Final: -6 | Status: AVAILABLE | Action: SKIP | Premium: NO | Reg Price: $17.29 | Renew: $17.29
keithconstructionnz.com | Brand: -11 | SEO: 5 | Final: -6 | Status: AVAILABLE | Action: SKIP | Premium: NO | Reg Price: $17.29 | Renew: $17.29
wesmor-arizona.com | Brand: -3 | SEO: -10 | Final: -13 | Status: AVAILABLE | Action: SKIP | Premium: NO | Reg Price: $17.29 | Renew: $17.29
guy76c.com | Brand: -20 | SEO: 1 | Final: -19 | Status: AVAILABLE | Action: SKIP | Premium: NO | Reg Price: $17.29 | Renew: $17.29
bkisscake.com | Brand: -28 | SEO: 9 | Final: -19 | Status: AVAILABLE | Action: SKIP | Premium: NO | Reg Price: $17.29 | Renew: $17.29
keopkapek.com | Brand: -28 | SEO: 9 | Final: -19 | Status: AVAILABLE | Action: SKIP | Premium: NO | Reg Price: $17.29 | Renew: $17.29
isatourcv.com | Brand: -28 | SEO: 9 | Final: -19 | Status: AVAILABLE | Action: SKIP | Premium: NO | Reg Price: $17.29 | Renew: $17.29
isabelleyi.com | Brand: -28 | SEO: 9 | Final: -19 | Status: AVAILABLE | Action: SKIP | Premium: NO | Reg Price: $17.29 | Renew: $17.29
bikisscake.com | Brand: -28 | SEO: 9 | Final: -19 | Status: AVAILABLE | Action: SKIP | Premium: NO | Reg Price: $17.29 | Renew: $17.29
kevinhartin.com | Brand: -38 | SEO: 5 | Final: -33 | Status: AVAILABLE | Action: SKIP | Premium: NO | Reg Price: $17.29 | Renew: $17.29
pagcormantap.com | Brand: -38 | SEO: 5 | Final: -33 | Status: AVAILABLE | Action: SKIP | Premium: NO | Reg Price: $17.29 | Renew: $17.29
kiddushfest.com | Brand: -60 | SEO: 5 | Final: -55 | Status: AVAILABLE | Action: SKIP | Premium: NO | Reg Price: $17.29 | Renew: $17.29
elwakelservice.com | Brand: -63 | SEO: 5 | Final: -58 | Status: AVAILABLE | Action: SKIP | Premium: NO | Reg Price: $17.29 | Renew: $17.29
gamesgearshop.com | Brand: -63 | SEO: 5 | Final: -58 | Status: AVAILABLE | Action: SKIP | Premium: NO | Reg Price: $17.29 | Renew: $17.29
nutribloomfit.com | Brand: -63 | SEO: 5 | Final: -58 | Status: AVAILABLE | Action: SKIP | Premium: NO | Reg Price: $17.29 | Renew: $17.29
tryrankwizards.com | Brand: -108 | SEO: 5 | Final: -103 | Status: AVAILABLE | Action: SKIP | Premium: NO | Reg Price: $17.29 | Renew: $17.29
acerentalmgmt.com | Brand: -109 | SEO: 5 | Final: -104 | Status: AVAILABLE | Action: SKIP | Premium: NO | Reg Price: $17.29 | Renew: $17.29

=== TAKEN ===
crafthouseprints.com | Brand: 12 | SEO: 5 | Final: 17 | Status: NOT AVAILABLE | Action: TAKEN
tbunkerarchitect.com | Brand: 12 | SEO: 5 | Final: 17 | Status: NOT AVAILABLE | Action: TAKEN
lagrangeboatclub.com | Brand: 12 | SEO: 5 | Final: 17 | Status: NOT AVAILABLE | Action: TAKEN
milestonebuilt.com | Brand: -63 | SEO: 5 | Final: -58 | Status: NOT AVAILABLE | Action: TAKEN
kc1propertygroup.com | Brand: -131 | SEO: -10 | Final: -141 | Status: NOT AVAILABLE | Action: TAKEN
HTTP status: 200
Page length: 97978
Rows found: 25
Found 25 domains

=== BUY CANDIDATES ===

=== REVIEW MANUALLY ===
iclinicsaudeestetica.com | Brand: 45 | SEO: 16 | Final: 61 | Status: AVAILABLE | Action: REVIEW | Premium: NO | Reg Price: $17.29 | Renew: $17.29

=== SKIP ===
keystonecarshurricane.com | Brand: 12 | SEO: 5 | Final: 17 | Status: AVAILABLE | Action: SKIP | Premium: NO | Reg Price: $17.29 | Renew: $17.29
keystonecarscedarcity.com | Brand: 12 | SEO: 5 | Final: 17 | Status: AVAILABLE | Action: SKIP | Premium: NO | Reg Price: $17.29 | Renew: $17.29
lakeworthbestpublicadjuster.com | Brand: -11 | SEO: 5 | Final: -6 | Status: AVAILABLE | Action: SKIP | Premium: NO | Reg Price: $17.29 | Renew: $17.29
keithconstructionnz.com | Brand: -11 | SEO: 5 | Final: -6 | Status: AVAILABLE | Action: SKIP | Premium: NO | Reg Price: $17.29 | Renew: $17.29
wesmor-arizona.com | Brand: -3 | SEO: -10 | Final: -13 | Status: AVAILABLE | Action: SKIP | Premium: NO | Reg Price: $17.29 | Renew: $17.29
guy76c.com | Brand: -20 | SEO: 1 | Final: -19 | Status: AVAILABLE | Action: SKIP | Premium: NO | Reg Price: $17.29 | Renew: $17.29
bkisscake.com | Brand: -28 | SEO: 9 | Final: -19 | Status: AVAILABLE | Action: SKIP | Premium: NO | Reg Price: $17.29 | Renew: $17.29
keopkapek.com | Brand: -28 | SEO: 9 | Final: -19 | Status: AVAILABLE | Action: SKIP | Premium: NO | Reg Price: $17.29 | Renew: $17.29
isatourcv.com | Brand: -28 | SEO: 9 | Final: -19 | Status: AVAILABLE | Action: SKIP | Premium: NO | Reg Price: $17.29 | Renew: $17.29
isabelleyi.com | Brand: -28 | SEO: 9 | Final: -19 | Status: AVAILABLE | Action: SKIP | Premium: NO | Reg Price: $17.29 | Renew: $17.29
bikisscake.com | Brand: -28 | SEO: 9 | Final: -19 | Status: AVAILABLE | Action: SKIP | Premium: NO | Reg Price: $17.29 | Renew: $17.29
kevinhartin.com | Brand: -38 | SEO: 5 | Final: -33 | Status: AVAILABLE | Action: SKIP | Premium: NO | Reg Price: $17.29 | Renew: $17.29
pagcormantap.com | Brand: -38 | SEO: 5 | Final: -33 | Status: AVAILABLE | Action: SKIP | Premium: NO | Reg Price: $17.29 | Renew: $17.29
kiddushfest.com | Brand: -60 | SEO: 5 | Final: -55 | Status: AVAILABLE | Action: SKIP | Premium: NO | Reg Price: $17.29 | Renew: $17.29
elwakelservice.com | Brand: -63 | SEO: 5 | Final: -58 | Status: AVAILABLE | Action: SKIP | Premium: NO | Reg Price: $17.29 | Renew: $17.29
gamesgearshop.com | Brand: -63 | SEO: 5 | Final: -58 | Status: AVAILABLE | Action: SKIP | Premium: NO | Reg Price: $17.29 | Renew: $17.29
nutribloomfit.com | Brand: -63 | SEO: 5 | Final: -58 | Status: AVAILABLE | Action: SKIP | Premium: NO | Reg Price: $17.29 | Renew: $17.29
tryrankwizards.com | Brand: -108 | SEO: 5 | Final: -103 | Status: AVAILABLE | Action: SKIP | Premium: NO | Reg Price: $17.29 | Renew: $17.29
acerentalmgmt.com | Brand: -109 | SEO: 5 | Final: -104 | Status: AVAILABLE | Action: SKIP | Premium: NO | Reg Price: $17.29 | Renew: $17.29

=== TAKEN ===
crafthouseprints.com | Brand: 12 | SEO: 5 | Final: 17 | Status: NOT AVAILABLE | Action: TAKEN
tbunkerarchitect.com | Brand: 12 | SEO: 5 | Final: 17 | Status: NOT AVAILABLE | Action: TAKEN
lagrangeboatclub.com | Brand: 12 | SEO: 5 | Final: 17 | Status: NOT AVAILABLE | Action: TAKEN
milestonebuilt.com | Brand: -63 | SEO: 5 | Final: -58 | Status: NOT AVAILABLE | Action: TAKEN
kc1propertygroup.com | Brand: -131 | SEO: -10 | Final: -141 | Status: NOT AVAILABLE | Action: TAKEN
HTTP status: 200
Page length: 97914
Rows found: 25
Found 25 domains

=== BUY CANDIDATES ===

=== REVIEW MANUALLY ===
iclinicsaudeestetica.com | Brand: 45 | SEO: 16 | Final: 61 | Status: AVAILABLE | Action: REVIEW | Premium: NO | Reg Price: $17.29 | Renew: $17.29

=== SKIP ===
keystonecarshurricane.com | Brand: 12 | SEO: 5 | Final: 17 | Status: AVAILABLE | Action: SKIP | Premium: NO | Reg Price: $17.29 | Renew: $17.29
keystonecarscedarcity.com | Brand: 12 | SEO: 5 | Final: 17 | Status: AVAILABLE | Action: SKIP | Premium: NO | Reg Price: $17.29 | Renew: $17.29
lakeworthbestpublicadjuster.com | Brand: -11 | SEO: 5 | Final: -6 | Status: AVAILABLE | Action: SKIP | Premium: NO | Reg Price: $17.29 | Renew: $17.29
keithconstructionnz.com | Brand: -11 | SEO: 5 | Final: -6 | Status: AVAILABLE | Action: SKIP | Premium: NO | Reg Price: $17.29 | Renew: $17.29
wesmor-arizona.com | Brand: -3 | SEO: -10 | Final: -13 | Status: AVAILABLE | Action: SKIP | Premium: NO | Reg Price: $17.29 | Renew: $17.29
guy76c.com | Brand: -20 | SEO: 1 | Final: -19 | Status: AVAILABLE | Action: SKIP | Premium: NO | Reg Price: $17.29 | Renew: $17.29
bkisscake.com | Brand: -28 | SEO: 9 | Final: -19 | Status: AVAILABLE | Action: SKIP | Premium: NO | Reg Price: $17.29 | Renew: $17.29
keopkapek.com | Brand: -28 | SEO: 9 | Final: -19 | Status: AVAILABLE | Action: SKIP | Premium: NO | Reg Price: $17.29 | Renew: $17.29
isatourcv.com | Brand: -28 | SEO: 9 | Final: -19 | Status: AVAILABLE | Action: SKIP | Premium: NO | Reg Price: $17.29 | Renew: $17.29
isabelleyi.com | Brand: -28 | SEO: 9 | Final: -19 | Status: AVAILABLE | Action: SKIP | Premium: NO | Reg Price: $17.29 | Renew: $17.29
bikisscake.com | Brand: -28 | SEO: 9 | Final: -19 | Status: AVAILABLE | Action: SKIP | Premium: NO | Reg Price: $17.29 | Renew: $17.29
kevinhartin.com | Brand: -38 | SEO: 5 | Final: -33 | Status: AVAILABLE | Action: SKIP | Premium: NO | Reg Price: $17.29 | Renew: $17.29
pagcormantap.com | Brand: -38 | SEO: 5 | Final: -33 | Status: AVAILABLE | Action: SKIP | Premium: NO | Reg Price: $17.29 | Renew: $17.29
kiddushfest.com | Brand: -60 | SEO: 5 | Final: -55 | Status: AVAILABLE | Action: SKIP | Premium: NO | Reg Price: $17.29 | Renew: $17.29
elwakelservice.com | Brand: -63 | SEO: 5 | Final: -58 | Status: AVAILABLE | Action: SKIP | Premium: NO | Reg Price: $17.29 | Renew: $17.29
gamesgearshop.com | Brand: -63 | SEO: 5 | Final: -58 | Status: AVAILABLE | Action: SKIP | Premium: NO | Reg Price: $17.29 | Renew: $17.29
nutribloomfit.com | Brand: -63 | SEO: 5 | Final: -58 | Status: AVAILABLE | Action: SKIP | Premium: NO | Reg Price: $17.29 | Renew: $17.29
tryrankwizards.com | Brand: -108 | SEO: 5 | Final: -103 | Status: AVAILABLE | Action: SKIP | Premium: NO | Reg Price: $17.29 | Renew: $17.29
acerentalmgmt.com | Brand: -109 | SEO: 5 | Final: -104 | Status: AVAILABLE | Action: SKIP | Premium: NO | Reg Price: $17.29 | Renew: $17.29

=== TAKEN ===
crafthouseprints.com | Brand: 12 | SEO: 5 | Final: 17 | Status: NOT AVAILABLE | Action: TAKEN
tbunkerarchitect.com | Brand: 12 | SEO: 5 | Final: 17 | Status: NOT AVAILABLE | Action: TAKEN
lagrangeboatclub.com | Brand: 12 | SEO: 5 | Final: 17 | Status: NOT AVAILABLE | Action: TAKEN
milestonebuilt.com | Brand: -63 | SEO: 5 | Final: -58 | Status: NOT AVAILABLE | Action: TAKEN
kc1propertygroup.com | Brand: -131 | SEO: -10 | Final: -141 | Status: NOT AVAILABLE | Action: TAKEN
HTTP status: 200
Page length: 97914
Rows found: 25
Found 25 domains

=== BUY CANDIDATES ===

=== REVIEW MANUALLY ===
iclinicsaudeestetica.com | Brand: 45 | SEO: 16 | Final: 61 | Status: AVAILABLE | Action: REVIEW | Premium: NO | Reg Price: $17.29 | Renew: $17.29

=== SKIP ===
keystonecarshurricane.com | Brand: 12 | SEO: 5 | Final: 17 | Status: AVAILABLE | Action: SKIP | Premium: NO | Reg Price: $17.29 | Renew: $17.29
keystonecarscedarcity.com | Brand: 12 | SEO: 5 | Final: 17 | Status: AVAILABLE | Action: SKIP | Premium: NO | Reg Price: $17.29 | Renew: $17.29
lakeworthbestpublicadjuster.com | Brand: -11 | SEO: 5 | Final: -6 | Status: AVAILABLE | Action: SKIP | Premium: NO | Reg Price: $17.29 | Renew: $17.29
keithconstructionnz.com | Brand: -11 | SEO: 5 | Final: -6 | Status: AVAILABLE | Action: SKIP | Premium: NO | Reg Price: $17.29 | Renew: $17.29
wesmor-arizona.com | Brand: -3 | SEO: -10 | Final: -13 | Status: AVAILABLE | Action: SKIP | Premium: NO | Reg Price: $17.29 | Renew: $17.29
guy76c.com | Brand: -20 | SEO: 1 | Final: -19 | Status: AVAILABLE | Action: SKIP | Premium: NO | Reg Price: $17.29 | Renew: $17.29
bkisscake.com | Brand: -28 | SEO: 9 | Final: -19 | Status: AVAILABLE | Action: SKIP | Premium: NO | Reg Price: $17.29 | Renew: $17.29
keopkapek.com | Brand: -28 | SEO: 9 | Final: -19 | Status: AVAILABLE | Action: SKIP | Premium: NO | Reg Price: $17.29 | Renew: $17.29
isatourcv.com | Brand: -28 | SEO: 9 | Final: -19 | Status: AVAILABLE | Action: SKIP | Premium: NO | Reg Price: $17.29 | Renew: $17.29
isabelleyi.com | Brand: -28 | SEO: 9 | Final: -19 | Status: AVAILABLE | Action: SKIP | Premium: NO | Reg Price: $17.29 | Renew: $17.29
bikisscake.com | Brand: -28 | SEO: 9 | Final: -19 | Status: AVAILABLE | Action: SKIP | Premium: NO | Reg Price: $17.29 | Renew: $17.29
pagcormantap.com | Brand: -38 | SEO: 5 | Final: -33 | Status: AVAILABLE | Action: SKIP | Premium: NO | Reg Price: $17.29 | Renew: $17.29
kiddushfest.com | Brand: -60 | SEO: 5 | Final: -55 | Status: AVAILABLE | Action: SKIP | Premium: NO | Reg Price: $17.29 | Renew: $17.29
elwakelservice.com | Brand: -63 | SEO: 5 | Final: -58 | Status: AVAILABLE | Action: SKIP | Premium: NO | Reg Price: $17.29 | Renew: $17.29
gamesgearshop.com | Brand: -63 | SEO: 5 | Final: -58 | Status: AVAILABLE | Action: SKIP | Premium: NO | Reg Price: $17.29 | Renew: $17.29
nutribloomfit.com | Brand: -63 | SEO: 5 | Final: -58 | Status: AVAILABLE | Action: SKIP | Premium: NO | Reg Price: $17.29 | Renew: $17.29
tryrankwizards.com | Brand: -108 | SEO: 5 | Final: -103 | Status: AVAILABLE | Action: SKIP | Premium: NO | Reg Price: $17.29 | Renew: $17.29
acerentalmgmt.com | Brand: -109 | SEO: 5 | Final: -104 | Status: AVAILABLE | Action: SKIP | Premium: NO | Reg Price: $17.29 | Renew: $17.29

=== TAKEN ===
crafthouseprints.com | Brand: 12 | SEO: 5 | Final: 17 | Status: NOT AVAILABLE | Action: TAKEN
tbunkerarchitect.com | Brand: 12 | SEO: 5 | Final: 17 | Status: NOT AVAILABLE | Action: TAKEN
lagrangeboatclub.com | Brand: 12 | SEO: 5 | Final: 17 | Status: NOT AVAILABLE | Action: TAKEN
kevinhartin.com | Brand: -38 | SEO: 5 | Final: -33 | Status: NOT AVAILABLE | Action: TAKEN
milestonebuilt.com | Brand: -63 | SEO: 5 | Final: -58 | Status: NOT AVAILABLE | Action: TAKEN
kc1propertygroup.com | Brand: -131 | SEO: -10 | Final: -141 | Status: NOT AVAILABLE | Action: TAKEN
HTTP status: 200
Page length: 97914
Rows found: 25
Found 25 domains

=== BUY CANDIDATES ===

=== REVIEW MANUALLY ===
iclinicsaudeestetica.com | Brand: 45 | SEO: 16 | Final: 61 | Status: AVAILABLE | Action: REVIEW | Premium: NO | Reg Price: $17.29 | Renew: $17.29

=== SKIP ===
keystonecarshurricane.com | Brand: 12 | SEO: 5 | Final: 17 | Status: AVAILABLE | Action: SKIP | Premium: NO | Reg Price: $17.29 | Renew: $17.29
keystonecarscedarcity.com | Brand: 12 | SEO: 5 | Final: 17 | Status: AVAILABLE | Action: SKIP | Premium: NO | Reg Price: $17.29 | Renew: $17.29
lakeworthbestpublicadjuster.com | Brand: -11 | SEO: 5 | Final: -6 | Status: AVAILABLE | Action: SKIP | Premium: NO | Reg Price: $17.29 | Renew: $17.29
keithconstructionnz.com | Brand: -11 | SEO: 5 | Final: -6 | Status: AVAILABLE | Action: SKIP | Premium: NO | Reg Price: $17.29 | Renew: $17.29
wesmor-arizona.com | Brand: -3 | SEO: -10 | Final: -13 | Status: AVAILABLE | Action: SKIP | Premium: NO | Reg Price: $17.29 | Renew: $17.29
guy76c.com | Brand: -20 | SEO: 1 | Final: -19 | Status: AVAILABLE | Action: SKIP | Premium: NO | Reg Price: $17.29 | Renew: $17.29
bkisscake.com | Brand: -28 | SEO: 9 | Final: -19 | Status: AVAILABLE | Action: SKIP | Premium: NO | Reg Price: $17.29 | Renew: $17.29
keopkapek.com | Brand: -28 | SEO: 9 | Final: -19 | Status: AVAILABLE | Action: SKIP | Premium: NO | Reg Price: $17.29 | Renew: $17.29
isatourcv.com | Brand: -28 | SEO: 9 | Final: -19 | Status: AVAILABLE | Action: SKIP | Premium: NO | Reg Price: $17.29 | Renew: $17.29
isabelleyi.com | Brand: -28 | SEO: 9 | Final: -19 | Status: AVAILABLE | Action: SKIP | Premium: NO | Reg Price: $17.29 | Renew: $17.29
bikisscake.com | Brand: -28 | SEO: 9 | Final: -19 | Status: AVAILABLE | Action: SKIP | Premium: NO | Reg Price: $17.29 | Renew: $17.29
pagcormantap.com | Brand: -38 | SEO: 5 | Final: -33 | Status: AVAILABLE | Action: SKIP | Premium: NO | Reg Price: $17.29 | Renew: $17.29
kiddushfest.com | Brand: -60 | SEO: 5 | Final: -55 | Status: AVAILABLE | Action: SKIP | Premium: NO | Reg Price: $17.29 | Renew: $17.29
elwakelservice.com | Brand: -63 | SEO: 5 | Final: -58 | Status: AVAILABLE | Action: SKIP | Premium: NO | Reg Price: $17.29 | Renew: $17.29
gamesgearshop.com | Brand: -63 | SEO: 5 | Final: -58 | Status: AVAILABLE | Action: SKIP | Premium: NO | Reg Price: $17.29 | Renew: $17.29
nutribloomfit.com | Brand: -63 | SEO: 5 | Final: -58 | Status: AVAILABLE | Action: SKIP | Premium: NO | Reg Price: $17.29 | Renew: $17.29
tryrankwizards.com | Brand: -108 | SEO: 5 | Final: -103 | Status: AVAILABLE | Action: SKIP | Premium: NO | Reg Price: $17.29 | Renew: $17.29
acerentalmgmt.com | Brand: -109 | SEO: 5 | Final: -104 | Status: AVAILABLE | Action: SKIP | Premium: NO | Reg Price: $17.29 | Renew: $17.29

=== TAKEN ===
crafthouseprints.com | Brand: 12 | SEO: 5 | Final: 17 | Status: NOT AVAILABLE | Action: TAKEN
tbunkerarchitect.com | Brand: 12 | SEO: 5 | Final: 17 | Status: NOT AVAILABLE | Action: TAKEN
lagrangeboatclub.com | Brand: 12 | SEO: 5 | Final: 17 | Status: NOT AVAILABLE | Action: TAKEN
kevinhartin.com | Brand: -38 | SEO: 5 | Final: -33 | Status: NOT AVAILABLE | Action: TAKEN
milestonebuilt.com | Brand: -63 | SEO: 5 | Final: -58 | Status: NOT AVAILABLE | Action: TAKEN
kc1propertygroup.com | Brand: -131 | SEO: -10 | Final: -141 | Status: NOT AVAILABLE | Action: TAKEN
HTTP status: 200
Page length: 97914
Rows found: 25
Found 25 domains

=== BUY CANDIDATES ===

=== REVIEW MANUALLY ===
iclinicsaudeestetica.com | Brand: 45 | SEO: 16 | Final: 61 | Status: AVAILABLE | Action: REVIEW | Premium: NO | Reg Price: $17.29 | Renew: $17.29

=== SKIP ===
keystonecarshurricane.com | Brand: 12 | SEO: 5 | Final: 17 | Status: AVAILABLE | Action: SKIP | Premium: NO | Reg Price: $17.29 | Renew: $17.29
keystonecarscedarcity.com | Brand: 12 | SEO: 5 | Final: 17 | Status: AVAILABLE | Action: SKIP | Premium: NO | Reg Price: $17.29 | Renew: $17.29
lakeworthbestpublicadjuster.com | Brand: -11 | SEO: 5 | Final: -6 | Status: AVAILABLE | Action: SKIP | Premium: NO | Reg Price: $17.29 | Renew: $17.29
keithconstructionnz.com | Brand: -11 | SEO: 5 | Final: -6 | Status: AVAILABLE | Action: SKIP | Premium: NO | Reg Price: $17.29 | Renew: $17.29
wesmor-arizona.com | Brand: -3 | SEO: -10 | Final: -13 | Status: AVAILABLE | Action: SKIP | Premium: NO | Reg Price: $17.29 | Renew: $17.29
guy76c.com | Brand: -20 | SEO: 1 | Final: -19 | Status: AVAILABLE | Action: SKIP | Premium: NO | Reg Price: $17.29 | Renew: $17.29
bkisscake.com | Brand: -28 | SEO: 9 | Final: -19 | Status: AVAILABLE | Action: SKIP | Premium: NO | Reg Price: $17.29 | Renew: $17.29
keopkapek.com | Brand: -28 | SEO: 9 | Final: -19 | Status: AVAILABLE | Action: SKIP | Premium: NO | Reg Price: $17.29 | Renew: $17.29
isatourcv.com | Brand: -28 | SEO: 9 | Final: -19 | Status: AVAILABLE | Action: SKIP | Premium: NO | Reg Price: $17.29 | Renew: $17.29
isabelleyi.com | Brand: -28 | SEO: 9 | Final: -19 | Status: AVAILABLE | Action: SKIP | Premium: NO | Reg Price: $17.29 | Renew: $17.29
bikisscake.com | Brand: -28 | SEO: 9 | Final: -19 | Status: AVAILABLE | Action: SKIP | Premium: NO | Reg Price: $17.29 | Renew: $17.29
pagcormantap.com | Brand: -38 | SEO: 5 | Final: -33 | Status: AVAILABLE | Action: SKIP | Premium: NO | Reg Price: $17.29 | Renew: $17.29
kiddushfest.com | Brand: -60 | SEO: 5 | Final: -55 | Status: AVAILABLE | Action: SKIP | Premium: NO | Reg Price: $17.29 | Renew: $17.29
elwakelservice.com | Brand: -63 | SEO: 5 | Final: -58 | Status: AVAILABLE | Action: SKIP | Premium: NO | Reg Price: $17.29 | Renew: $17.29
gamesgearshop.com | Brand: -63 | SEO: 5 | Final: -58 | Status: AVAILABLE | Action: SKIP | Premium: NO | Reg Price: $17.29 | Renew: $17.29
nutribloomfit.com | Brand: -63 | SEO: 5 | Final: -58 | Status: AVAILABLE | Action: SKIP | Premium: NO | Reg Price: $17.29 | Renew: $17.29
tryrankwizards.com | Brand: -108 | SEO: 5 | Final: -103 | Status: AVAILABLE | Action: SKIP | Premium: NO | Reg Price: $17.29 | Renew: $17.29
acerentalmgmt.com | Brand: -109 | SEO: 5 | Final: -104 | Status: AVAILABLE | Action: SKIP | Premium: NO | Reg Price: $17.29 | Renew: $17.29

=== TAKEN ===
crafthouseprints.com | Brand: 12 | SEO: 5 | Final: 17 | Status: NOT AVAILABLE | Action: TAKEN
tbunkerarchitect.com | Brand: 12 | SEO: 5 | Final: 17 | Status: NOT AVAILABLE | Action: TAKEN
lagrangeboatclub.com | Brand: 12 | SEO: 5 | Final: 17 | Status: NOT AVAILABLE | Action: TAKEN
kevinhartin.com | Brand: -38 | SEO: 5 | Final: -33 | Status: NOT AVAILABLE | Action: TAKEN
milestonebuilt.com | Brand: -63 | SEO: 5 | Final: -58 | Status: NOT AVAILABLE | Action: TAKEN
kc1propertygroup.com | Brand: -131 | SEO: -10 | Final: -141 | Status: NOT AVAILABLE | Action: TAKEN
HTTP status: 200
Page length: 97850
Rows found: 25
Found 25 domains

=== BUY CANDIDATES ===

=== REVIEW MANUALLY ===
iclinicsaudeestetica.com | Brand: 45 | SEO: 16 | Final: 61 | Status: AVAILABLE | Action: REVIEW | Premium: NO | Reg Price: $17.29 | Renew: $17.29

=== SKIP ===
keystonecarshurricane.com | Brand: 12 | SEO: 5 | Final: 17 | Status: AVAILABLE | Action: SKIP | Premium: NO | Reg Price: $17.29 | Renew: $17.29
keystonecarscedarcity.com | Brand: 12 | SEO: 5 | Final: 17 | Status: AVAILABLE | Action: SKIP | Premium: NO | Reg Price: $17.29 | Renew: $17.29
lakeworthbestpublicadjuster.com | Brand: -11 | SEO: 5 | Final: -6 | Status: AVAILABLE | Action: SKIP | Premium: NO | Reg Price: $17.29 | Renew: $17.29
keithconstructionnz.com | Brand: -11 | SEO: 5 | Final: -6 | Status: AVAILABLE | Action: SKIP | Premium: NO | Reg Price: $17.29 | Renew: $17.29
wesmor-arizona.com | Brand: -3 | SEO: -10 | Final: -13 | Status: AVAILABLE | Action: SKIP | Premium: NO | Reg Price: $17.29 | Renew: $17.29
guy76c.com | Brand: -20 | SEO: 1 | Final: -19 | Status: AVAILABLE | Action: SKIP | Premium: NO | Reg Price: $17.29 | Renew: $17.29
bkisscake.com | Brand: -28 | SEO: 9 | Final: -19 | Status: AVAILABLE | Action: SKIP | Premium: NO | Reg Price: $17.29 | Renew: $17.29
keopkapek.com | Brand: -28 | SEO: 9 | Final: -19 | Status: AVAILABLE | Action: SKIP | Premium: NO | Reg Price: $17.29 | Renew: $17.29
isatourcv.com | Brand: -28 | SEO: 9 | Final: -19 | Status: AVAILABLE | Action: SKIP | Premium: NO | Reg Price: $17.29 | Renew: $17.29
isabelleyi.com | Brand: -28 | SEO: 9 | Final: -19 | Status: AVAILABLE | Action: SKIP | Premium: NO | Reg Price: $17.29 | Renew: $17.29
bikisscake.com | Brand: -28 | SEO: 9 | Final: -19 | Status: AVAILABLE | Action: SKIP | Premium: NO | Reg Price: $17.29 | Renew: $17.29
pagcormantap.com | Brand: -38 | SEO: 5 | Final: -33 | Status: AVAILABLE | Action: SKIP | Premium: NO | Reg Price: $17.29 | Renew: $17.29
kiddushfest.com | Brand: -60 | SEO: 5 | Final: -55 | Status: AVAILABLE | Action: SKIP | Premium: NO | Reg Price: $17.29 | Renew: $17.29
elwakelservice.com | Brand: -63 | SEO: 5 | Final: -58 | Status: AVAILABLE | Action: SKIP | Premium: NO | Reg Price: $17.29 | Renew: $17.29
gamesgearshop.com | Brand: -63 | SEO: 5 | Final: -58 | Status: AVAILABLE | Action: SKIP | Premium: NO | Reg Price: $17.29 | Renew: $17.29
nutribloomfit.com | Brand: -63 | SEO: 5 | Final: -58 | Status: AVAILABLE | Action: SKIP | Premium: NO | Reg Price: $17.29 | Renew: $17.29
tryrankwizards.com | Brand: -108 | SEO: 5 | Final: -103 | Status: AVAILABLE | Action: SKIP | Premium: NO | Reg Price: $17.29 | Renew: $17.29
acerentalmgmt.com | Brand: -109 | SEO: 5 | Final: -104 | Status: AVAILABLE | Action: SKIP | Premium: NO | Reg Price: $17.29 | Renew: $17.29

=== TAKEN ===
crafthouseprints.com | Brand: 12 | SEO: 5 | Final: 17 | Status: NOT AVAILABLE | Action: TAKEN
tbunkerarchitect.com | Brand: 12 | SEO: 5 | Final: 17 | Status: NOT AVAILABLE | Action: TAKEN
lagrangeboatclub.com | Brand: 12 | SEO: 5 | Final: 17 | Status: NOT AVAILABLE | Action: TAKEN
kevinhartin.com | Brand: -38 | SEO: 5 | Final: -33 | Status: NOT AVAILABLE | Action: TAKEN
milestonebuilt.com | Brand: -63 | SEO: 5 | Final: -58 | Status: NOT AVAILABLE | Action: TAKEN
kc1propertygroup.com | Brand: -131 | SEO: -10 | Final: -141 | Status: NOT AVAILABLE | Action: TAKEN
HTTP status: 200
Page length: 97850
Rows found: 25
Found 25 domains

=== BUY CANDIDATES ===

=== REVIEW MANUALLY ===
iclinicsaudeestetica.com | Brand: 45 | SEO: 16 | Final: 61 | Status: AVAILABLE | Action: REVIEW | Premium: NO | Reg Price: $17.29 | Renew: $17.29

=== SKIP ===
keystonecarshurricane.com | Brand: 12 | SEO: 5 | Final: 17 | Status: AVAILABLE | Action: SKIP | Premium: NO | Reg Price: $17.29 | Renew: $17.29
keystonecarscedarcity.com | Brand: 12 | SEO: 5 | Final: 17 | Status: AVAILABLE | Action: SKIP | Premium: NO | Reg Price: $17.29 | Renew: $17.29
lakeworthbestpublicadjuster.com | Brand: -11 | SEO: 5 | Final: -6 | Status: AVAILABLE | Action: SKIP | Premium: NO | Reg Price: $17.29 | Renew: $17.29
keithconstructionnz.com | Brand: -11 | SEO: 5 | Final: -6 | Status: AVAILABLE | Action: SKIP | Premium: NO | Reg Price: $17.29 | Renew: $17.29
wesmor-arizona.com | Brand: -3 | SEO: -10 | Final: -13 | Status: AVAILABLE | Action: SKIP | Premium: NO | Reg Price: $17.29 | Renew: $17.29
guy76c.com | Brand: -20 | SEO: 1 | Final: -19 | Status: AVAILABLE | Action: SKIP | Premium: NO | Reg Price: $17.29 | Renew: $17.29
bkisscake.com | Brand: -28 | SEO: 9 | Final: -19 | Status: AVAILABLE | Action: SKIP | Premium: NO | Reg Price: $17.29 | Renew: $17.29
keopkapek.com | Brand: -28 | SEO: 9 | Final: -19 | Status: AVAILABLE | Action: SKIP | Premium: NO | Reg Price: $17.29 | Renew: $17.29
isatourcv.com | Brand: -28 | SEO: 9 | Final: -19 | Status: AVAILABLE | Action: SKIP | Premium: NO | Reg Price: $17.29 | Renew: $17.29
isabelleyi.com | Brand: -28 | SEO: 9 | Final: -19 | Status: AVAILABLE | Action: SKIP | Premium: NO | Reg Price: $17.29 | Renew: $17.29
bikisscake.com | Brand: -28 | SEO: 9 | Final: -19 | Status: AVAILABLE | Action: SKIP | Premium: NO | Reg Price: $17.29 | Renew: $17.29
pagcormantap.com | Brand: -38 | SEO: 5 | Final: -33 | Status: AVAILABLE | Action: SKIP | Premium: NO | Reg Price: $17.29 | Renew: $17.29
kiddushfest.com | Brand: -60 | SEO: 5 | Final: -55 | Status: AVAILABLE | Action: SKIP | Premium: NO | Reg Price: $17.29 | Renew: $17.29
elwakelservice.com | Brand: -63 | SEO: 5 | Final: -58 | Status: AVAILABLE | Action: SKIP | Premium: NO | Reg Price: $17.29 | Renew: $17.29
gamesgearshop.com | Brand: -63 | SEO: 5 | Final: -58 | Status: AVAILABLE | Action: SKIP | Premium: NO | Reg Price: $17.29 | Renew: $17.29
nutribloomfit.com | Brand: -63 | SEO: 5 | Final: -58 | Status: AVAILABLE | Action: SKIP | Premium: NO | Reg Price: $17.29 | Renew: $17.29
tryrankwizards.com | Brand: -108 | SEO: 5 | Final: -103 | Status: AVAILABLE | Action: SKIP | Premium: NO | Reg Price: $17.29 | Renew: $17.29
acerentalmgmt.com | Brand: -109 | SEO: 5 | Final: -104 | Status: AVAILABLE | Action: SKIP | Premium: NO | Reg Price: $17.29 | Renew: $17.29

=== TAKEN ===
crafthouseprints.com | Brand: 12 | SEO: 5 | Final: 17 | Status: NOT AVAILABLE | Action: TAKEN
tbunkerarchitect.com | Brand: 12 | SEO: 5 | Final: 17 | Status: NOT AVAILABLE | Action: TAKEN
lagrangeboatclub.com | Brand: 12 | SEO: 5 | Final: 17 | Status: NOT AVAILABLE | Action: TAKEN
kevinhartin.com | Brand: -38 | SEO: 5 | Final: -33 | Status: NOT AVAILABLE | Action: TAKEN
milestonebuilt.com | Brand: -63 | SEO: 5 | Final: -58 | Status: NOT AVAILABLE | Action: TAKEN
kc1propertygroup.com | Brand: -131 | SEO: -10 | Final: -141 | Status: NOT AVAILABLE | Action: TAKEN
HTTP status: 200
Page length: 97850
Rows found: 25
Found 25 domains

=== BUY CANDIDATES ===

=== REVIEW MANUALLY ===
iclinicsaudeestetica.com | Brand: 45 | SEO: 16 | Final: 61 | Status: AVAILABLE | Action: REVIEW | Premium: NO | Reg Price: $17.29 | Renew: $17.29

=== SKIP ===
keystonecarshurricane.com | Brand: 12 | SEO: 5 | Final: 17 | Status: AVAILABLE | Action: SKIP | Premium: NO | Reg Price: $17.29 | Renew: $17.29
keystonecarscedarcity.com | Brand: 12 | SEO: 5 | Final: 17 | Status: AVAILABLE | Action: SKIP | Premium: NO | Reg Price: $17.29 | Renew: $17.29
lakeworthbestpublicadjuster.com | Brand: -11 | SEO: 5 | Final: -6 | Status: AVAILABLE | Action: SKIP | Premium: NO | Reg Price: $17.29 | Renew: $17.29
keithconstructionnz.com | Brand: -11 | SEO: 5 | Final: -6 | Status: AVAILABLE | Action: SKIP | Premium: NO | Reg Price: $17.29 | Renew: $17.29
wesmor-arizona.com | Brand: -3 | SEO: -10 | Final: -13 | Status: AVAILABLE | Action: SKIP | Premium: NO | Reg Price: $17.29 | Renew: $17.29
guy76c.com | Brand: -20 | SEO: 1 | Final: -19 | Status: AVAILABLE | Action: SKIP | Premium: NO | Reg Price: $17.29 | Renew: $17.29
bkisscake.com | Brand: -28 | SEO: 9 | Final: -19 | Status: AVAILABLE | Action: SKIP | Premium: NO | Reg Price: $17.29 | Renew: $17.29
keopkapek.com | Brand: -28 | SEO: 9 | Final: -19 | Status: AVAILABLE | Action: SKIP | Premium: NO | Reg Price: $17.29 | Renew: $17.29
isatourcv.com | Brand: -28 | SEO: 9 | Final: -19 | Status: AVAILABLE | Action: SKIP | Premium: NO | Reg Price: $17.29 | Renew: $17.29
isabelleyi.com | Brand: -28 | SEO: 9 | Final: -19 | Status: AVAILABLE | Action: SKIP | Premium: NO | Reg Price: $17.29 | Renew: $17.29
bikisscake.com | Brand: -28 | SEO: 9 | Final: -19 | Status: AVAILABLE | Action: SKIP | Premium: NO | Reg Price: $17.29 | Renew: $17.29
pagcormantap.com | Brand: -38 | SEO: 5 | Final: -33 | Status: AVAILABLE | Action: SKIP | Premium: NO | Reg Price: $17.29 | Renew: $17.29
elwakelservice.com | Brand: -63 | SEO: 5 | Final: -58 | Status: AVAILABLE | Action: SKIP | Premium: NO | Reg Price: $17.29 | Renew: $17.29
gamesgearshop.com | Brand: -63 | SEO: 5 | Final: -58 | Status: AVAILABLE | Action: SKIP | Premium: NO | Reg Price: $17.29 | Renew: $17.29
nutribloomfit.com | Brand: -63 | SEO: 5 | Final: -58 | Status: AVAILABLE | Action: SKIP | Premium: NO | Reg Price: $17.29 | Renew: $17.29
tryrankwizards.com | Brand: -108 | SEO: 5 | Final: -103 | Status: AVAILABLE | Action: SKIP | Premium: NO | Reg Price: $17.29 | Renew: $17.29
acerentalmgmt.com | Brand: -109 | SEO: 5 | Final: -104 | Status: AVAILABLE | Action: SKIP | Premium: NO | Reg Price: $17.29 | Renew: $17.29

=== TAKEN ===
crafthouseprints.com | Brand: 12 | SEO: 5 | Final: 17 | Status: NOT AVAILABLE | Action: TAKEN
tbunkerarchitect.com | Brand: 12 | SEO: 5 | Final: 17 | Status: NOT AVAILABLE | Action: TAKEN
lagrangeboatclub.com | Brand: 12 | SEO: 5 | Final: 17 | Status: NOT AVAILABLE | Action: TAKEN
kevinhartin.com | Brand: -38 | SEO: 5 | Final: -33 | Status: NOT AVAILABLE | Action: TAKEN
kiddushfest.com | Brand: -60 | SEO: 5 | Final: -55 | Status: NOT AVAILABLE | Action: TAKEN
milestonebuilt.com | Brand: -63 | SEO: 5 | Final: -58 | Status: NOT AVAILABLE | Action: TAKEN
kc1propertygroup.com | Brand: -131 | SEO: -10 | Final: -141 | Status: NOT AVAILABLE | Action: TAKEN
HTTP status: 200
Page length: 97850
Rows found: 25
Found 25 domains

=== BUY CANDIDATES ===

=== REVIEW MANUALLY ===

=== SKIP ===
keystonecarshurricane.com | Brand: 12 | SEO: 5 | Final: 17 | Status: AVAILABLE | Action: SKIP | Premium: NO | Reg Price: $17.29 | Renew: $17.29
keystonecarscedarcity.com | Brand: 12 | SEO: 5 | Final: 17 | Status: AVAILABLE | Action: SKIP | Premium: NO | Reg Price: $17.29 | Renew: $17.29
lakeworthbestpublicadjuster.com | Brand: -11 | SEO: 5 | Final: -6 | Status: AVAILABLE | Action: SKIP | Premium: NO | Reg Price: $17.29 | Renew: $17.29
keithconstructionnz.com | Brand: -11 | SEO: 5 | Final: -6 | Status: AVAILABLE | Action: SKIP | Premium: NO | Reg Price: $17.29 | Renew: $17.29
wesmor-arizona.com | Brand: -3 | SEO: -10 | Final: -13 | Status: AVAILABLE | Action: SKIP | Premium: NO | Reg Price: $17.29 | Renew: $17.29
guy76c.com | Brand: -20 | SEO: 1 | Final: -19 | Status: AVAILABLE | Action: SKIP | Premium: NO | Reg Price: $17.29 | Renew: $17.29
bkisscake.com | Brand: -28 | SEO: 9 | Final: -19 | Status: AVAILABLE | Action: SKIP | Premium: NO | Reg Price: $17.29 | Renew: $17.29
keopkapek.com | Brand: -28 | SEO: 9 | Final: -19 | Status: AVAILABLE | Action: SKIP | Premium: NO | Reg Price: $17.29 | Renew: $17.29
isatourcv.com | Brand: -28 | SEO: 9 | Final: -19 | Status: AVAILABLE | Action: SKIP | Premium: NO | Reg Price: $17.29 | Renew: $17.29
isabelleyi.com | Brand: -28 | SEO: 9 | Final: -19 | Status: AVAILABLE | Action: SKIP | Premium: NO | Reg Price: $17.29 | Renew: $17.29
bikisscake.com | Brand: -28 | SEO: 9 | Final: -19 | Status: AVAILABLE | Action: SKIP | Premium: NO | Reg Price: $17.29 | Renew: $17.29
pagcormantap.com | Brand: -38 | SEO: 5 | Final: -33 | Status: AVAILABLE | Action: SKIP | Premium: NO | Reg Price: $17.29 | Renew: $17.29
elwakelservice.com | Brand: -63 | SEO: 5 | Final: -58 | Status: AVAILABLE | Action: SKIP | Premium: NO | Reg Price: $17.29 | Renew: $17.29
nutribloomfit.com | Brand: -63 | SEO: 5 | Final: -58 | Status: AVAILABLE | Action: SKIP | Premium: NO | Reg Price: $17.29 | Renew: $17.29
tryrankwizards.com | Brand: -108 | SEO: 5 | Final: -103 | Status: AVAILABLE | Action: SKIP | Premium: NO | Reg Price: $17.29 | Renew: $17.29
acerentalmgmt.com | Brand: -109 | SEO: 5 | Final: -104 | Status: AVAILABLE | Action: SKIP | Premium: NO | Reg Price: $17.29 | Renew: $17.29

=== TAKEN ===
iclinicsaudeestetica.com | Brand: 45 | SEO: 16 | Final: 61 | Status: NOT AVAILABLE | Action: TAKEN
crafthouseprints.com | Brand: 12 | SEO: 5 | Final: 17 | Status: NOT AVAILABLE | Action: TAKEN
tbunkerarchitect.com | Brand: 12 | SEO: 5 | Final: 17 | Status: NOT AVAILABLE | Action: TAKEN
lagrangeboatclub.com | Brand: 12 | SEO: 5 | Final: 17 | Status: NOT AVAILABLE | Action: TAKEN
kevinhartin.com | Brand: -38 | SEO: 5 | Final: -33 | Status: NOT AVAILABLE | Action: TAKEN
kiddushfest.com | Brand: -60 | SEO: 5 | Final: -55 | Status: NOT AVAILABLE | Action: TAKEN
milestonebuilt.com | Brand: -63 | SEO: 5 | Final: -58 | Status: NOT AVAILABLE | Action: TAKEN
gamesgearshop.com | Brand: -63 | SEO: 5 | Final: -58 | Status: NOT AVAILABLE | Action: TAKEN
kc1propertygroup.com | Brand: -131 | SEO: -10 | Final: -141 | Status: NOT AVAILABLE | Action: TAKEN
HTTP status: 200
Page length: 97850
Rows found: 25
Found 25 domains

=== BUY CANDIDATES ===

=== REVIEW MANUALLY ===

=== SKIP ===
keystonecarshurricane.com | Brand: 12 | SEO: 5 | Final: 17 | Status: AVAILABLE | Action: SKIP | Premium: NO | Reg Price: $17.29 | Renew: $17.29
keystonecarscedarcity.com | Brand: 12 | SEO: 5 | Final: 17 | Status: AVAILABLE | Action: SKIP | Premium: NO | Reg Price: $17.29 | Renew: $17.29
lakeworthbestpublicadjuster.com | Brand: -11 | SEO: 5 | Final: -6 | Status: AVAILABLE | Action: SKIP | Premium: NO | Reg Price: $17.29 | Renew: $17.29
keithconstructionnz.com | Brand: -11 | SEO: 5 | Final: -6 | Status: AVAILABLE | Action: SKIP | Premium: NO | Reg Price: $17.29 | Renew: $17.29
wesmor-arizona.com | Brand: -3 | SEO: -10 | Final: -13 | Status: AVAILABLE | Action: SKIP | Premium: NO | Reg Price: $17.29 | Renew: $17.29
guy76c.com | Brand: -20 | SEO: 1 | Final: -19 | Status: AVAILABLE | Action: SKIP | Premium: NO | Reg Price: $17.29 | Renew: $17.29
bkisscake.com | Brand: -28 | SEO: 9 | Final: -19 | Status: AVAILABLE | Action: SKIP | Premium: NO | Reg Price: $17.29 | Renew: $17.29
keopkapek.com | Brand: -28 | SEO: 9 | Final: -19 | Status: AVAILABLE | Action: SKIP | Premium: NO | Reg Price: $17.29 | Renew: $17.29
isatourcv.com | Brand: -28 | SEO: 9 | Final: -19 | Status: AVAILABLE | Action: SKIP | Premium: NO | Reg Price: $17.29 | Renew: $17.29
isabelleyi.com | Brand: -28 | SEO: 9 | Final: -19 | Status: AVAILABLE | Action: SKIP | Premium: NO | Reg Price: $17.29 | Renew: $17.29
bikisscake.com | Brand: -28 | SEO: 9 | Final: -19 | Status: AVAILABLE | Action: SKIP | Premium: NO | Reg Price: $17.29 | Renew: $17.29
pagcormantap.com | Brand: -38 | SEO: 5 | Final: -33 | Status: AVAILABLE | Action: SKIP | Premium: NO | Reg Price: $17.29 | Renew: $17.29
elwakelservice.com | Brand: -63 | SEO: 5 | Final: -58 | Status: AVAILABLE | Action: SKIP | Premium: NO | Reg Price: $17.29 | Renew: $17.29
nutribloomfit.com | Brand: -63 | SEO: 5 | Final: -58 | Status: AVAILABLE | Action: SKIP | Premium: NO | Reg Price: $17.29 | Renew: $17.29
tryrankwizards.com | Brand: -108 | SEO: 5 | Final: -103 | Status: AVAILABLE | Action: SKIP | Premium: NO | Reg Price: $17.29 | Renew: $17.29
acerentalmgmt.com | Brand: -109 | SEO: 5 | Final: -104 | Status: AVAILABLE | Action: SKIP | Premium: NO | Reg Price: $17.29 | Renew: $17.29

=== TAKEN ===
iclinicsaudeestetica.com | Brand: 45 | SEO: 16 | Final: 61 | Status: NOT AVAILABLE | Action: TAKEN
crafthouseprints.com | Brand: 12 | SEO: 5 | Final: 17 | Status: NOT AVAILABLE | Action: TAKEN
tbunkerarchitect.com | Brand: 12 | SEO: 5 | Final: 17 | Status: NOT AVAILABLE | Action: TAKEN
lagrangeboatclub.com | Brand: 12 | SEO: 5 | Final: 17 | Status: NOT AVAILABLE | Action: TAKEN
kevinhartin.com | Brand: -38 | SEO: 5 | Final: -33 | Status: NOT AVAILABLE | Action: TAKEN
kiddushfest.com | Brand: -60 | SEO: 5 | Final: -55 | Status: NOT AVAILABLE | Action: TAKEN
milestonebuilt.com | Brand: -63 | SEO: 5 | Final: -58 | Status: NOT AVAILABLE | Action: TAKEN
gamesgearshop.com | Brand: -63 | SEO: 5 | Final: -58 | Status: NOT AVAILABLE | Action: TAKEN
kc1propertygroup.com | Brand: -131 | SEO: -10 | Final: -141 | Status: NOT AVAILABLE | Action: TAKEN
HTTP status: 200
Page length: 97850
Rows found: 25
Found 25 domains

=== BUY CANDIDATES ===

=== REVIEW MANUALLY ===

=== SKIP ===
keystonecarshurricane.com | Brand: 12 | SEO: 5 | Final: 17 | Status: AVAILABLE | Action: SKIP | Premium: NO | Reg Price: $17.29 | Renew: $17.29
keystonecarscedarcity.com | Brand: 12 | SEO: 5 | Final: 17 | Status: AVAILABLE | Action: SKIP | Premium: NO | Reg Price: $17.29 | Renew: $17.29
lakeworthbestpublicadjuster.com | Brand: -11 | SEO: 5 | Final: -6 | Status: AVAILABLE | Action: SKIP | Premium: NO | Reg Price: $17.29 | Renew: $17.29
keithconstructionnz.com | Brand: -11 | SEO: 5 | Final: -6 | Status: AVAILABLE | Action: SKIP | Premium: NO | Reg Price: $17.29 | Renew: $17.29
wesmor-arizona.com | Brand: -3 | SEO: -10 | Final: -13 | Status: AVAILABLE | Action: SKIP | Premium: NO | Reg Price: $17.29 | Renew: $17.29
guy76c.com | Brand: -20 | SEO: 1 | Final: -19 | Status: AVAILABLE | Action: SKIP | Premium: NO | Reg Price: $17.29 | Renew: $17.29
bkisscake.com | Brand: -28 | SEO: 9 | Final: -19 | Status: AVAILABLE | Action: SKIP | Premium: NO | Reg Price: $17.29 | Renew: $17.29
keopkapek.com | Brand: -28 | SEO: 9 | Final: -19 | Status: AVAILABLE | Action: SKIP | Premium: NO | Reg Price: $17.29 | Renew: $17.29
isatourcv.com | Brand: -28 | SEO: 9 | Final: -19 | Status: AVAILABLE | Action: SKIP | Premium: NO | Reg Price: $17.29 | Renew: $17.29
isabelleyi.com | Brand: -28 | SEO: 9 | Final: -19 | Status: AVAILABLE | Action: SKIP | Premium: NO | Reg Price: $17.29 | Renew: $17.29
bikisscake.com | Brand: -28 | SEO: 9 | Final: -19 | Status: AVAILABLE | Action: SKIP | Premium: NO | Reg Price: $17.29 | Renew: $17.29
pagcormantap.com | Brand: -38 | SEO: 5 | Final: -33 | Status: AVAILABLE | Action: SKIP | Premium: NO | Reg Price: $17.29 | Renew: $17.29
elwakelservice.com | Brand: -63 | SEO: 5 | Final: -58 | Status: AVAILABLE | Action: SKIP | Premium: NO | Reg Price: $17.29 | Renew: $17.29
nutribloomfit.com | Brand: -63 | SEO: 5 | Final: -58 | Status: AVAILABLE | Action: SKIP | Premium: NO | Reg Price: $17.29 | Renew: $17.29
tryrankwizards.com | Brand: -108 | SEO: 5 | Final: -103 | Status: AVAILABLE | Action: SKIP | Premium: NO | Reg Price: $17.29 | Renew: $17.29
acerentalmgmt.com | Brand: -109 | SEO: 5 | Final: -104 | Status: AVAILABLE | Action: SKIP | Premium: NO | Reg Price: $17.29 | Renew: $17.29

=== TAKEN ===
iclinicsaudeestetica.com | Brand: 45 | SEO: 16 | Final: 61 | Status: NOT AVAILABLE | Action: TAKEN
crafthouseprints.com | Brand: 12 | SEO: 5 | Final: 17 | Status: NOT AVAILABLE | Action: TAKEN
tbunkerarchitect.com | Brand: 12 | SEO: 5 | Final: 17 | Status: NOT AVAILABLE | Action: TAKEN
lagrangeboatclub.com | Brand: 12 | SEO: 5 | Final: 17 | Status: NOT AVAILABLE | Action: TAKEN
kevinhartin.com | Brand: -38 | SEO: 5 | Final: -33 | Status: NOT AVAILABLE | Action: TAKEN
kiddushfest.com | Brand: -60 | SEO: 5 | Final: -55 | Status: NOT AVAILABLE | Action: TAKEN
milestonebuilt.com | Brand: -63 | SEO: 5 | Final: -58 | Status: NOT AVAILABLE | Action: TAKEN
gamesgearshop.com | Brand: -63 | SEO: 5 | Final: -58 | Status: NOT AVAILABLE | Action: TAKEN
kc1propertygroup.com | Brand: -131 | SEO: -10 | Final: -141 | Status: NOT AVAILABLE | Action: TAKEN
HTTP status: 200
Page length: 97722
Rows found: 25
Found 25 domains

=== BUY CANDIDATES ===

=== REVIEW MANUALLY ===

=== SKIP ===
keystonecarshurricane.com | Brand: 12 | SEO: 5 | Final: 17 | Status: AVAILABLE | Action: SKIP | Premium: NO | Reg Price: $17.29 | Renew: $17.29
keystonecarscedarcity.com | Brand: 12 | SEO: 5 | Final: 17 | Status: AVAILABLE | Action: SKIP | Premium: NO | Reg Price: $17.29 | Renew: $17.29
lakeworthbestpublicadjuster.com | Brand: -11 | SEO: 5 | Final: -6 | Status: AVAILABLE | Action: SKIP | Premium: NO | Reg Price: $17.29 | Renew: $17.29
keithconstructionnz.com | Brand: -11 | SEO: 5 | Final: -6 | Status: AVAILABLE | Action: SKIP | Premium: NO | Reg Price: $17.29 | Renew: $17.29
wesmor-arizona.com | Brand: -3 | SEO: -10 | Final: -13 | Status: AVAILABLE | Action: SKIP | Premium: NO | Reg Price: $17.29 | Renew: $17.29
guy76c.com | Brand: -20 | SEO: 1 | Final: -19 | Status: AVAILABLE | Action: SKIP | Premium: NO | Reg Price: $17.29 | Renew: $17.29
bkisscake.com | Brand: -28 | SEO: 9 | Final: -19 | Status: AVAILABLE | Action: SKIP | Premium: NO | Reg Price: $17.29 | Renew: $17.29
keopkapek.com | Brand: -28 | SEO: 9 | Final: -19 | Status: AVAILABLE | Action: SKIP | Premium: NO | Reg Price: $17.29 | Renew: $17.29
isatourcv.com | Brand: -28 | SEO: 9 | Final: -19 | Status: AVAILABLE | Action: SKIP | Premium: NO | Reg Price: $17.29 | Renew: $17.29
isabelleyi.com | Brand: -28 | SEO: 9 | Final: -19 | Status: AVAILABLE | Action: SKIP | Premium: NO | Reg Price: $17.29 | Renew: $17.29
bikisscake.com | Brand: -28 | SEO: 9 | Final: -19 | Status: AVAILABLE | Action: SKIP | Premium: NO | Reg Price: $17.29 | Renew: $17.29
pagcormantap.com | Brand: -38 | SEO: 5 | Final: -33 | Status: AVAILABLE | Action: SKIP | Premium: NO | Reg Price: $17.29 | Renew: $17.29
elwakelservice.com | Brand: -63 | SEO: 5 | Final: -58 | Status: AVAILABLE | Action: SKIP | Premium: NO | Reg Price: $17.29 | Renew: $17.29
nutribloomfit.com | Brand: -63 | SEO: 5 | Final: -58 | Status: AVAILABLE | Action: SKIP | Premium: NO | Reg Price: $17.29 | Renew: $17.29
tryrankwizards.com | Brand: -108 | SEO: 5 | Final: -103 | Status: AVAILABLE | Action: SKIP | Premium: NO | Reg Price: $17.29 | Renew: $17.29
acerentalmgmt.com | Brand: -109 | SEO: 5 | Final: -104 | Status: AVAILABLE | Action: SKIP | Premium: NO | Reg Price: $17.29 | Renew: $17.29

=== TAKEN ===
iclinicsaudeestetica.com | Brand: 45 | SEO: 16 | Final: 61 | Status: NOT AVAILABLE | Action: TAKEN
crafthouseprints.com | Brand: 12 | SEO: 5 | Final: 17 | Status: NOT AVAILABLE | Action: TAKEN
tbunkerarchitect.com | Brand: 12 | SEO: 5 | Final: 17 | Status: NOT AVAILABLE | Action: TAKEN
lagrangeboatclub.com | Brand: 12 | SEO: 5 | Final: 17 | Status: NOT AVAILABLE | Action: TAKEN
kevinhartin.com | Brand: -38 | SEO: 5 | Final: -33 | Status: NOT AVAILABLE | Action: TAKEN
kiddushfest.com | Brand: -60 | SEO: 5 | Final: -55 | Status: NOT AVAILABLE | Action: TAKEN
milestonebuilt.com | Brand: -63 | SEO: 5 | Final: -58 | Status: NOT AVAILABLE | Action: TAKEN
gamesgearshop.com | Brand: -63 | SEO: 5 | Final: -58 | Status: NOT AVAILABLE | Action: TAKEN
kc1propertygroup.com | Brand: -131 | SEO: -10 | Final: -141 | Status: NOT AVAILABLE | Action: TAKEN
HTTP status: 200
Page length: 97658
Rows found: 25
Found 25 domains

=== BUY CANDIDATES ===

=== REVIEW MANUALLY ===

=== SKIP ===
keystonecarshurricane.com | Brand: 12 | SEO: 5 | Final: 17 | Status: AVAILABLE | Action: SKIP | Premium: NO | Reg Price: $17.29 | Renew: $17.29
keystonecarscedarcity.com | Brand: 12 | SEO: 5 | Final: 17 | Status: AVAILABLE | Action: SKIP | Premium: NO | Reg Price: $17.29 | Renew: $17.29
lakeworthbestpublicadjuster.com | Brand: -11 | SEO: 5 | Final: -6 | Status: AVAILABLE | Action: SKIP | Premium: NO | Reg Price: $17.29 | Renew: $17.29
keithconstructionnz.com | Brand: -11 | SEO: 5 | Final: -6 | Status: AVAILABLE | Action: SKIP | Premium: NO | Reg Price: $17.29 | Renew: $17.29
wesmor-arizona.com | Brand: -3 | SEO: -10 | Final: -13 | Status: AVAILABLE | Action: SKIP | Premium: NO | Reg Price: $17.29 | Renew: $17.29
guy76c.com | Brand: -20 | SEO: 1 | Final: -19 | Status: AVAILABLE | Action: SKIP | Premium: NO | Reg Price: $17.29 | Renew: $17.29
bkisscake.com | Brand: -28 | SEO: 9 | Final: -19 | Status: AVAILABLE | Action: SKIP | Premium: NO | Reg Price: $17.29 | Renew: $17.29
keopkapek.com | Brand: -28 | SEO: 9 | Final: -19 | Status: AVAILABLE | Action: SKIP | Premium: NO | Reg Price: $17.29 | Renew: $17.29
isatourcv.com | Brand: -28 | SEO: 9 | Final: -19 | Status: AVAILABLE | Action: SKIP | Premium: NO | Reg Price: $17.29 | Renew: $17.29
isabelleyi.com | Brand: -28 | SEO: 9 | Final: -19 | Status: AVAILABLE | Action: SKIP | Premium: NO | Reg Price: $17.29 | Renew: $17.29
bikisscake.com | Brand: -28 | SEO: 9 | Final: -19 | Status: AVAILABLE | Action: SKIP | Premium: NO | Reg Price: $17.29 | Renew: $17.29
pagcormantap.com | Brand: -38 | SEO: 5 | Final: -33 | Status: AVAILABLE | Action: SKIP | Premium: NO | Reg Price: $17.29 | Renew: $17.29
elwakelservice.com | Brand: -63 | SEO: 5 | Final: -58 | Status: AVAILABLE | Action: SKIP | Premium: NO | Reg Price: $17.29 | Renew: $17.29
nutribloomfit.com | Brand: -63 | SEO: 5 | Final: -58 | Status: AVAILABLE | Action: SKIP | Premium: NO | Reg Price: $17.29 | Renew: $17.29
tryrankwizards.com | Brand: -108 | SEO: 5 | Final: -103 | Status: AVAILABLE | Action: SKIP | Premium: NO | Reg Price: $17.29 | Renew: $17.29
acerentalmgmt.com | Brand: -109 | SEO: 5 | Final: -104 | Status: AVAILABLE | Action: SKIP | Premium: NO | Reg Price: $17.29 | Renew: $17.29

=== TAKEN ===
iclinicsaudeestetica.com | Brand: 45 | SEO: 16 | Final: 61 | Status: NOT AVAILABLE | Action: TAKEN
crafthouseprints.com | Brand: 12 | SEO: 5 | Final: 17 | Status: NOT AVAILABLE | Action: TAKEN
tbunkerarchitect.com | Brand: 12 | SEO: 5 | Final: 17 | Status: NOT AVAILABLE | Action: TAKEN
lagrangeboatclub.com | Brand: 12 | SEO: 5 | Final: 17 | Status: NOT AVAILABLE | Action: TAKEN
kevinhartin.com | Brand: -38 | SEO: 5 | Final: -33 | Status: NOT AVAILABLE | Action: TAKEN
kiddushfest.com | Brand: -60 | SEO: 5 | Final: -55 | Status: NOT AVAILABLE | Action: TAKEN
milestonebuilt.com | Brand: -63 | SEO: 5 | Final: -58 | Status: NOT AVAILABLE | Action: TAKEN
gamesgearshop.com | Brand: -63 | SEO: 5 | Final: -58 | Status: NOT AVAILABLE | Action: TAKEN
kc1propertygroup.com | Brand: -131 | SEO: -10 | Final: -141 | Status: NOT AVAILABLE | Action: TAKEN
HTTP status: 200
Page length: 97594
Rows found: 25
Found 25 domains

=== BUY CANDIDATES ===

=== REVIEW MANUALLY ===

=== SKIP ===
keystonecarshurricane.com | Brand: 12 | SEO: 5 | Final: 17 | Status: AVAILABLE | Action: SKIP | Premium: NO | Reg Price: $17.29 | Renew: $17.29
lakeworthbestpublicadjuster.com | Brand: -11 | SEO: 5 | Final: -6 | Status: AVAILABLE | Action: SKIP | Premium: NO | Reg Price: $17.29 | Renew: $17.29
keithconstructionnz.com | Brand: -11 | SEO: 5 | Final: -6 | Status: AVAILABLE | Action: SKIP | Premium: NO | Reg Price: $17.29 | Renew: $17.29
wesmor-arizona.com | Brand: -3 | SEO: -10 | Final: -13 | Status: AVAILABLE | Action: SKIP | Premium: NO | Reg Price: $17.29 | Renew: $17.29
guy76c.com | Brand: -20 | SEO: 1 | Final: -19 | Status: AVAILABLE | Action: SKIP | Premium: NO | Reg Price: $17.29 | Renew: $17.29
bkisscake.com | Brand: -28 | SEO: 9 | Final: -19 | Status: AVAILABLE | Action: SKIP | Premium: NO | Reg Price: $17.29 | Renew: $17.29
keopkapek.com | Brand: -28 | SEO: 9 | Final: -19 | Status: AVAILABLE | Action: SKIP | Premium: NO | Reg Price: $17.29 | Renew: $17.29
isatourcv.com | Brand: -28 | SEO: 9 | Final: -19 | Status: AVAILABLE | Action: SKIP | Premium: NO | Reg Price: $17.29 | Renew: $17.29
isabelleyi.com | Brand: -28 | SEO: 9 | Final: -19 | Status: AVAILABLE | Action: SKIP | Premium: NO | Reg Price: $17.29 | Renew: $17.29
bikisscake.com | Brand: -28 | SEO: 9 | Final: -19 | Status: AVAILABLE | Action: SKIP | Premium: NO | Reg Price: $17.29 | Renew: $17.29
pagcormantap.com | Brand: -38 | SEO: 5 | Final: -33 | Status: AVAILABLE | Action: SKIP | Premium: NO | Reg Price: $17.29 | Renew: $17.29
elwakelservice.com | Brand: -63 | SEO: 5 | Final: -58 | Status: AVAILABLE | Action: SKIP | Premium: NO | Reg Price: $17.29 | Renew: $17.29
nutribloomfit.com | Brand: -63 | SEO: 5 | Final: -58 | Status: AVAILABLE | Action: SKIP | Premium: NO | Reg Price: $17.29 | Renew: $17.29
tryrankwizards.com | Brand: -108 | SEO: 5 | Final: -103 | Status: AVAILABLE | Action: SKIP | Premium: NO | Reg Price: $17.29 | Renew: $17.29
acerentalmgmt.com | Brand: -109 | SEO: 5 | Final: -104 | Status: AVAILABLE | Action: SKIP | Premium: NO | Reg Price: $17.29 | Renew: $17.29

=== TAKEN ===
iclinicsaudeestetica.com | Brand: 45 | SEO: 16 | Final: 61 | Status: NOT AVAILABLE | Action: TAKEN
crafthouseprints.com | Brand: 12 | SEO: 5 | Final: 17 | Status: NOT AVAILABLE | Action: TAKEN
tbunkerarchitect.com | Brand: 12 | SEO: 5 | Final: 17 | Status: NOT AVAILABLE | Action: TAKEN
lagrangeboatclub.com | Brand: 12 | SEO: 5 | Final: 17 | Status: NOT AVAILABLE | Action: TAKEN
keystonecarscedarcity.com | Brand: 12 | SEO: 5 | Final: 17 | Status: NOT AVAILABLE | Action: TAKEN
kevinhartin.com | Brand: -38 | SEO: 5 | Final: -33 | Status: NOT AVAILABLE | Action: TAKEN
kiddushfest.com | Brand: -60 | SEO: 5 | Final: -55 | Status: NOT AVAILABLE | Action: TAKEN
milestonebuilt.com | Brand: -63 | SEO: 5 | Final: -58 | Status: NOT AVAILABLE | Action: TAKEN
gamesgearshop.com | Brand: -63 | SEO: 5 | Final: -58 | Status: NOT AVAILABLE | Action: TAKEN
kc1propertygroup.com | Brand: -131 | SEO: -10 | Final: -141 | Status: NOT AVAILABLE | Action: TAKEN
HTTP status: 200
Page length: 97594
Rows found: 25
Found 25 domains

=== BUY CANDIDATES ===

=== REVIEW MANUALLY ===

=== SKIP ===
keystonecarshurricane.com | Brand: 12 | SEO: 5 | Final: 17 | Status: AVAILABLE | Action: SKIP | Premium: NO | Reg Price: $17.29 | Renew: $17.29
lakeworthbestpublicadjuster.com | Brand: -11 | SEO: 5 | Final: -6 | Status: AVAILABLE | Action: SKIP | Premium: NO | Reg Price: $17.29 | Renew: $17.29
keithconstructionnz.com | Brand: -11 | SEO: 5 | Final: -6 | Status: AVAILABLE | Action: SKIP | Premium: NO | Reg Price: $17.29 | Renew: $17.29
wesmor-arizona.com | Brand: -3 | SEO: -10 | Final: -13 | Status: AVAILABLE | Action: SKIP | Premium: NO | Reg Price: $17.29 | Renew: $17.29
guy76c.com | Brand: -20 | SEO: 1 | Final: -19 | Status: AVAILABLE | Action: SKIP | Premium: NO | Reg Price: $17.29 | Renew: $17.29
bkisscake.com | Brand: -28 | SEO: 9 | Final: -19 | Status: AVAILABLE | Action: SKIP | Premium: NO | Reg Price: $17.29 | Renew: $17.29
keopkapek.com | Brand: -28 | SEO: 9 | Final: -19 | Status: AVAILABLE | Action: SKIP | Premium: NO | Reg Price: $17.29 | Renew: $17.29
isatourcv.com | Brand: -28 | SEO: 9 | Final: -19 | Status: AVAILABLE | Action: SKIP | Premium: NO | Reg Price: $17.29 | Renew: $17.29
isabelleyi.com | Brand: -28 | SEO: 9 | Final: -19 | Status: AVAILABLE | Action: SKIP | Premium: NO | Reg Price: $17.29 | Renew: $17.29
bikisscake.com | Brand: -28 | SEO: 9 | Final: -19 | Status: AVAILABLE | Action: SKIP | Premium: NO | Reg Price: $17.29 | Renew: $17.29
pagcormantap.com | Brand: -38 | SEO: 5 | Final: -33 | Status: AVAILABLE | Action: SKIP | Premium: NO | Reg Price: $17.29 | Renew: $17.29
elwakelservice.com | Brand: -63 | SEO: 5 | Final: -58 | Status: AVAILABLE | Action: SKIP | Premium: NO | Reg Price: $17.29 | Renew: $17.29
nutribloomfit.com | Brand: -63 | SEO: 5 | Final: -58 | Status: AVAILABLE | Action: SKIP | Premium: NO | Reg Price: $17.29 | Renew: $17.29
tryrankwizards.com | Brand: -108 | SEO: 5 | Final: -103 | Status: AVAILABLE | Action: SKIP | Premium: NO | Reg Price: $17.29 | Renew: $17.29
acerentalmgmt.com | Brand: -109 | SEO: 5 | Final: -104 | Status: AVAILABLE | Action: SKIP | Premium: NO | Reg Price: $17.29 | Renew: $17.29

=== TAKEN ===
iclinicsaudeestetica.com | Brand: 45 | SEO: 16 | Final: 61 | Status: NOT AVAILABLE | Action: TAKEN
crafthouseprints.com | Brand: 12 | SEO: 5 | Final: 17 | Status: NOT AVAILABLE | Action: TAKEN
tbunkerarchitect.com | Brand: 12 | SEO: 5 | Final: 17 | Status: NOT AVAILABLE | Action: TAKEN
lagrangeboatclub.com | Brand: 12 | SEO: 5 | Final: 17 | Status: NOT AVAILABLE | Action: TAKEN
keystonecarscedarcity.com | Brand: 12 | SEO: 5 | Final: 17 | Status: NOT AVAILABLE | Action: TAKEN
kevinhartin.com | Brand: -38 | SEO: 5 | Final: -33 | Status: NOT AVAILABLE | Action: TAKEN
kiddushfest.com | Brand: -60 | SEO: 5 | Final: -55 | Status: NOT AVAILABLE | Action: TAKEN
milestonebuilt.com | Brand: -63 | SEO: 5 | Final: -58 | Status: NOT AVAILABLE | Action: TAKEN
gamesgearshop.com | Brand: -63 | SEO: 5 | Final: -58 | Status: NOT AVAILABLE | Action: TAKEN
kc1propertygroup.com | Brand: -131 | SEO: -10 | Final: -141 | Status: NOT AVAILABLE | Action: TAKEN
HTTP status: 200
Page length: 97593
Rows found: 25
Found 25 domains

=== BUY CANDIDATES ===

=== REVIEW MANUALLY ===

=== SKIP ===
lakeworthbestpublicadjuster.com | Brand: -11 | SEO: 5 | Final: -6 | Status: AVAILABLE | Action: SKIP | Premium: NO | Reg Price: $17.29 | Renew: $17.29
keithconstructionnz.com | Brand: -11 | SEO: 5 | Final: -6 | Status: AVAILABLE | Action: SKIP | Premium: NO | Reg Price: $17.29 | Renew: $17.29
wesmor-arizona.com | Brand: -3 | SEO: -10 | Final: -13 | Status: AVAILABLE | Action: SKIP | Premium: NO | Reg Price: $17.29 | Renew: $17.29
guy76c.com | Brand: -20 | SEO: 1 | Final: -19 | Status: AVAILABLE | Action: SKIP | Premium: NO | Reg Price: $17.29 | Renew: $17.29
bkisscake.com | Brand: -28 | SEO: 9 | Final: -19 | Status: AVAILABLE | Action: SKIP | Premium: NO | Reg Price: $17.29 | Renew: $17.29
keopkapek.com | Brand: -28 | SEO: 9 | Final: -19 | Status: AVAILABLE | Action: SKIP | Premium: NO | Reg Price: $17.29 | Renew: $17.29
isatourcv.com | Brand: -28 | SEO: 9 | Final: -19 | Status: AVAILABLE | Action: SKIP | Premium: NO | Reg Price: $17.29 | Renew: $17.29
isabelleyi.com | Brand: -28 | SEO: 9 | Final: -19 | Status: AVAILABLE | Action: SKIP | Premium: NO | Reg Price: $17.29 | Renew: $17.29
bikisscake.com | Brand: -28 | SEO: 9 | Final: -19 | Status: AVAILABLE | Action: SKIP | Premium: NO | Reg Price: $17.29 | Renew: $17.29
elwakelservice.com | Brand: -63 | SEO: 5 | Final: -58 | Status: AVAILABLE | Action: SKIP | Premium: NO | Reg Price: $17.29 | Renew: $17.29
tryrankwizards.com | Brand: -108 | SEO: 5 | Final: -103 | Status: AVAILABLE | Action: SKIP | Premium: NO | Reg Price: $17.29 | Renew: $17.29

=== TAKEN ===
iclinicsaudeestetica.com | Brand: 45 | SEO: 16 | Final: 61 | Status: NOT AVAILABLE | Action: TAKEN
crafthouseprints.com | Brand: 12 | SEO: 5 | Final: 17 | Status: NOT AVAILABLE | Action: TAKEN
tbunkerarchitect.com | Brand: 12 | SEO: 5 | Final: 17 | Status: NOT AVAILABLE | Action: TAKEN
lagrangeboatclub.com | Brand: 12 | SEO: 5 | Final: 17 | Status: NOT AVAILABLE | Action: TAKEN
kiddushfest.com | Brand: -60 | SEO: 5 | Final: -55 | Status: NOT AVAILABLE | Action: TAKEN
milestonebuilt.com | Brand: -63 | SEO: 5 | Final: -58 | Status: NOT AVAILABLE | Action: TAKEN
gamesgearshop.com | Brand: -63 | SEO: 5 | Final: -58 | Status: NOT AVAILABLE | Action: TAKEN
kc1propertygroup.com | Brand: -131 | SEO: -10 | Final: -141 | Status: NOT AVAILABLE | Action: TAKEN

=== UNKNOWN ===
keystonecarshurricane.com | Brand: 12 | SEO: 5 | Final: 17 | Status: UNKNOWN | Action: UNKNOWN | ERROR: NameSilo API error 210: Misuse of API
keystonecarscedarcity.com | Brand: 12 | SEO: 5 | Final: 17 | Status: UNKNOWN | Action: UNKNOWN | ERROR: NameSilo API error 210: Misuse of API
kevinhartin.com | Brand: -38 | SEO: 5 | Final: -33 | Status: UNKNOWN | Action: UNKNOWN | ERROR: NameSilo API error 210: Misuse of API
pagcormantap.com | Brand: -38 | SEO: 5 | Final: -33 | Status: UNKNOWN | Action: UNKNOWN | ERROR: NameSilo API error 210: Misuse of API
nutribloomfit.com | Brand: -63 | SEO: 5 | Final: -58 | Status: UNKNOWN | Action: UNKNOWN | ERROR: NameSilo API error 210: Misuse of API
acerentalmgmt.com | Brand: -109 | SEO: 5 | Final: -104 | Status: UNKNOWN | Action: UNKNOWN | ERROR: NameSilo API error 210: Misuse of API
HTTP status: 200
Page length: 98104
Rows found: 25
Found 25 domains

=== BUY CANDIDATES ===

=== REVIEW MANUALLY ===

=== SKIP ===

=== TAKEN ===
namecheap.com | Brand: -28 | SEO: 9 | Final: -19 | Status: NOT AVAILABLE | Action: TAKEN

=== UNKNOWN ===
mrsewa.com | Brand: 77 | SEO: 16 | Final: 93 | Status: UNKNOWN | Action: UNKNOWN | ERROR: NameSilo API error 210: Misuse of API
beibeis.com | Brand: 72 | SEO: 16 | Final: 88 | Status: UNKNOWN | Action: UNKNOWN | ERROR: NameSilo API error 210: Misuse of API
livebrasilmail.com | Brand: 62 | SEO: 23 | Final: 85 | Status: UNKNOWN | Action: UNKNOWN | ERROR: NameSilo API error 210: Misuse of API
naplesestatehome.com | Brand: 47 | SEO: 5 | Final: 52 | Status: UNKNOWN | Action: UNKNOWN | ERROR: NameSilo API error 210: Misuse of API
mac-bonded.com | Brand: 32 | SEO: -10 | Final: 22 | Status: UNKNOWN | Action: UNKNOWN | ERROR: NameSilo API error 210: Misuse of API
laketahoedogsitter.com | Brand: 12 | SEO: 5 | Final: 17 | Status: UNKNOWN | Action: UNKNOWN | ERROR: NameSilo API error 210: Misuse of API
verifyandconnectme.com | Brand: 12 | SEO: 5 | Final: 17 | Status: UNKNOWN | Action: UNKNOWN | ERROR: NameSilo API error 210: Misuse of API
fuckodot.com | Brand: -18 | SEO: 16 | Final: -2 | Status: UNKNOWN | Action: UNKNOWN | ERROR: NameSilo API error 210: Misuse of API
kaawache.com | Brand: -18 | SEO: 16 | Final: -2 | Status: UNKNOWN | Action: UNKNOWN | ERROR: NameSilo API error 210: Misuse of API
usa-neuropulse.com | Brand: -3 | SEO: -10 | Final: -13 | Status: UNKNOWN | Action: UNKNOWN | ERROR: NameSilo API error 210: Misuse of API
dasominfo.com | Brand: -28 | SEO: 9 | Final: -19 | Status: UNKNOWN | Action: UNKNOWN | ERROR: NameSilo API error 210: Misuse of API
akavoices.com | Brand: -28 | SEO: 9 | Final: -19 | Status: UNKNOWN | Action: UNKNOWN | ERROR: NameSilo API error 210: Misuse of API
alaturka-istanbul.com | Brand: -18 | SEO: -10 | Final: -28 | Status: UNKNOWN | Action: UNKNOWN | ERROR: NameSilo API error 210: Misuse of API
bonarioresto.com | Brand: -38 | SEO: 5 | Final: -33 | Status: UNKNOWN | Action: UNKNOWN | ERROR: NameSilo API error 210: Misuse of API
mokarustore.com | Brand: -38 | SEO: 5 | Final: -33 | Status: UNKNOWN | Action: UNKNOWN | ERROR: NameSilo API error 210: Misuse of API
drawmetoons.com | Brand: -38 | SEO: 5 | Final: -33 | Status: UNKNOWN | Action: UNKNOWN | ERROR: NameSilo API error 210: Misuse of API
eyesontheus.com | Brand: -38 | SEO: 5 | Final: -33 | Status: UNKNOWN | Action: UNKNOWN | ERROR: NameSilo API error 210: Misuse of API
swiftcanopy.com | Brand: -60 | SEO: 5 | Final: -55 | Status: UNKNOWN | Action: UNKNOWN | ERROR: NameSilo API error 210: Misuse of API
babyshop31.com | Brand: -58 | SEO: -6 | Final: -64 | Status: UNKNOWN | Action: UNKNOWN | ERROR: NameSilo API error 210: Misuse of API
tx5274.com | Brand: -70 | SEO: 1 | Final: -69 | Status: UNKNOWN | Action: UNKNOWN | ERROR: NameSilo API error 210: Misuse of API
05czj.com | Brand: -70 | SEO: 1 | Final: -69 | Status: UNKNOWN | Action: UNKNOWN | ERROR: NameSilo API error 210: Misuse of API
292530.com | Brand: -70 | SEO: 1 | Final: -69 | Status: UNKNOWN | Action: UNKNOWN | ERROR: NameSilo API error 210: Misuse of API
221582.com | Brand: -70 | SEO: 1 | Final: -69 | Status: UNKNOWN | Action: UNKNOWN | ERROR: NameSilo API error 210: Misuse of API
hz123111.com | Brand: -65 | SEO: -6 | Final: -71 | Status: UNKNOWN | Action: UNKNOWN | ERROR: NameSilo API error 210: Misuse of API
HTTP status: 200
Page length: 98273
Rows found: 25
Found 25 domains

=== BUY CANDIDATES ===

=== REVIEW MANUALLY ===

=== SKIP ===

=== TAKEN ===

=== UNKNOWN ===
dolarrr.com | Brand: 50 | SEO: 16 | Final: 66 | Status: UNKNOWN | Action: UNKNOWN | ERROR: NameSilo API error 210: Misuse of API
distanciafocalestudio.com | Brand: 55 | SEO: 5 | Final: 60 | Status: UNKNOWN | Action: UNKNOWN | ERROR: NameSilo API error 210: Misuse of API
readyhomesassists.com | Brand: 47 | SEO: 5 | Final: 52 | Status: UNKNOWN | Action: UNKNOWN | ERROR: NameSilo API error 210: Misuse of API
freelancewebmax.com | Brand: 35 | SEO: 5 | Final: 40 | Status: UNKNOWN | Action: UNKNOWN | ERROR: NameSilo API error 210: Misuse of API
heronandfeather.com | Brand: 27 | SEO: 5 | Final: 32 | Status: UNKNOWN | Action: UNKNOWN | ERROR: NameSilo API error 210: Misuse of API
zlotyy.com | Brand: 5 | SEO: 16 | Final: 21 | Status: UNKNOWN | Action: UNKNOWN | ERROR: NameSilo API error 210: Misuse of API
acupunctureofthesouth.com | Brand: 12 | SEO: 5 | Final: 17 | Status: UNKNOWN | Action: UNKNOWN | ERROR: NameSilo API error 210: Misuse of API
comfortonetransportation.com | Brand: 12 | SEO: 5 | Final: 17 | Status: UNKNOWN | Action: UNKNOWN | ERROR: NameSilo API error 210: Misuse of API
cursossencillosenlinea.com | Brand: 12 | SEO: 5 | Final: 17 | Status: UNKNOWN | Action: UNKNOWN | ERROR: NameSilo API error 210: Misuse of API
chezmicouvuillaumemichel.com | Brand: 12 | SEO: 5 | Final: 17 | Status: UNKNOWN | Action: UNKNOWN | ERROR: NameSilo API error 210: Misuse of API
jhjcleaningservices.com | Brand: 9 | SEO: 5 | Final: 14 | Status: UNKNOWN | Action: UNKNOWN | ERROR: NameSilo API error 210: Misuse of API
pocoojal.com | Brand: -18 | SEO: 16 | Final: -2 | Status: UNKNOWN | Action: UNKNOWN | ERROR: NameSilo API error 210: Misuse of API
lovestrongcremationcenter.com | Brand: -11 | SEO: 5 | Final: -6 | Status: UNKNOWN | Action: UNKNOWN | ERROR: NameSilo API error 210: Misuse of API
pillvideos.com | Brand: -28 | SEO: 9 | Final: -19 | Status: UNKNOWN | Action: UNKNOWN | ERROR: NameSilo API error 210: Misuse of API
taralorenz.com | Brand: -28 | SEO: 9 | Final: -19 | Status: UNKNOWN | Action: UNKNOWN | ERROR: NameSilo API error 210: Misuse of API
mexarvoza.com | Brand: -28 | SEO: 9 | Final: -19 | Status: UNKNOWN | Action: UNKNOWN | ERROR: NameSilo API error 210: Misuse of API
fukurin24.com | Brand: -13 | SEO: -6 | Final: -19 | Status: UNKNOWN | Action: UNKNOWN | ERROR: NameSilo API error 210: Misuse of API
shopdern.com | Brand: -40 | SEO: 16 | Final: -24 | Status: UNKNOWN | Action: UNKNOWN | ERROR: NameSilo API error 210: Misuse of API
magicbeadcf.com | Brand: -38 | SEO: 5 | Final: -33 | Status: UNKNOWN | Action: UNKNOWN | ERROR: NameSilo API error 210: Misuse of API
cornford-fitness.com | Brand: -40 | SEO: -10 | Final: -50 | Status: UNKNOWN | Action: UNKNOWN | ERROR: NameSilo API error 210: Misuse of API
flipwhiskey.com | Brand: -60 | SEO: 5 | Final: -55 | Status: UNKNOWN | Action: UNKNOWN | ERROR: NameSilo API error 210: Misuse of API
leadunlocknv.com | Brand: -61 | SEO: 5 | Final: -56 | Status: UNKNOWN | Action: UNKNOWN | ERROR: NameSilo API error 210: Misuse of API
ivygoldexotic.com | Brand: -63 | SEO: 5 | Final: -58 | Status: UNKNOWN | Action: UNKNOWN | ERROR: NameSilo API error 210: Misuse of API
mjstreetwear.com | Brand: -84 | SEO: 5 | Final: -79 | Status: UNKNOWN | Action: UNKNOWN | ERROR: NameSilo API error 210: Misuse of API
brhqkgnrw.com | Brand: -138 | SEO: 9 | Final: -129 | Status: UNKNOWN | Action: UNKNOWN | ERROR: NameSilo API error 210: Misuse of API
HTTP status: 200
Page length: 98209
Rows found: 25
Found 25 domains

=== BUY CANDIDATES ===

=== REVIEW MANUALLY ===
dolarrr.com | Brand: 50 | SEO: 16 | Final: 66 | Status: AVAILABLE | Action: REVIEW | Premium: NO | Reg Price: $17.29 | Renew: $17.29
distanciafocalestudio.com | Brand: 55 | SEO: 5 | Final: 60 | Status: AVAILABLE | Action: REVIEW | Premium: NO | Reg Price: $17.29 | Renew: $17.29
readyhomesassists.com | Brand: 47 | SEO: 5 | Final: 52 | Status: AVAILABLE | Action: REVIEW | Premium: NO | Reg Price: $17.29 | Renew: $17.29
freelancewebmax.com | Brand: 35 | SEO: 5 | Final: 40 | Status: AVAILABLE | Action: REVIEW | Premium: NO | Reg Price: $17.29 | Renew: $17.29

=== SKIP ===
heronandfeather.com | Brand: 27 | SEO: 5 | Final: 32 | Status: AVAILABLE | Action: SKIP | Premium: NO | Reg Price: $17.29 | Renew: $17.29
zlotyy.com | Brand: 5 | SEO: 16 | Final: 21 | Status: AVAILABLE | Action: SKIP | Premium: NO | Reg Price: $17.29 | Renew: $17.29
acupunctureofthesouth.com | Brand: 12 | SEO: 5 | Final: 17 | Status: AVAILABLE | Action: SKIP | Premium: NO | Reg Price: $17.29 | Renew: $17.29
comfortonetransportation.com | Brand: 12 | SEO: 5 | Final: 17 | Status: AVAILABLE | Action: SKIP | Premium: NO | Reg Price: $17.29 | Renew: $17.29
cursossencillosenlinea.com | Brand: 12 | SEO: 5 | Final: 17 | Status: AVAILABLE | Action: SKIP | Premium: NO | Reg Price: $17.29 | Renew: $17.29
chezmicouvuillaumemichel.com | Brand: 12 | SEO: 5 | Final: 17 | Status: AVAILABLE | Action: SKIP | Premium: NO | Reg Price: $17.29 | Renew: $17.29
jhjcleaningservices.com | Brand: 9 | SEO: 5 | Final: 14 | Status: AVAILABLE | Action: SKIP | Premium: NO | Reg Price: $17.29 | Renew: $17.29
pocoojal.com | Brand: -18 | SEO: 16 | Final: -2 | Status: AVAILABLE | Action: SKIP | Premium: NO | Reg Price: $17.29 | Renew: $17.29
lovestrongcremationcenter.com | Brand: -11 | SEO: 5 | Final: -6 | Status: AVAILABLE | Action: SKIP | Premium: NO | Reg Price: $17.29 | Renew: $17.29
pillvideos.com | Brand: -28 | SEO: 9 | Final: -19 | Status: AVAILABLE | Action: SKIP | Premium: NO | Reg Price: $17.29 | Renew: $17.29
taralorenz.com | Brand: -28 | SEO: 9 | Final: -19 | Status: AVAILABLE | Action: SKIP | Premium: NO | Reg Price: $17.29 | Renew: $17.29
fukurin24.com | Brand: -13 | SEO: -6 | Final: -19 | Status: AVAILABLE | Action: SKIP | Premium: NO | Reg Price: $17.29 | Renew: $17.29
shopdern.com | Brand: -40 | SEO: 16 | Final: -24 | Status: AVAILABLE | Action: SKIP | Premium: NO | Reg Price: $17.29 | Renew: $17.29
magicbeadcf.com | Brand: -38 | SEO: 5 | Final: -33 | Status: AVAILABLE | Action: SKIP | Premium: NO | Reg Price: $17.29 | Renew: $17.29
cornford-fitness.com | Brand: -40 | SEO: -10 | Final: -50 | Status: AVAILABLE | Action: SKIP | Premium: NO | Reg Price: $17.29 | Renew: $17.29
flipwhiskey.com | Brand: -60 | SEO: 5 | Final: -55 | Status: AVAILABLE | Action: SKIP | Premium: NO | Reg Price: $17.29 | Renew: $17.29
leadunlocknv.com | Brand: -61 | SEO: 5 | Final: -56 | Status: AVAILABLE | Action: SKIP | Premium: NO | Reg Price: $17.29 | Renew: $17.29
ivygoldexotic.com | Brand: -63 | SEO: 5 | Final: -58 | Status: AVAILABLE | Action: SKIP | Premium: NO | Reg Price: $17.29 | Renew: $17.29
mjstreetwear.com | Brand: -84 | SEO: 5 | Final: -79 | Status: AVAILABLE | Action: SKIP | Premium: NO | Reg Price: $17.29 | Renew: $17.29
brhqkgnrw.com | Brand: -138 | SEO: 9 | Final: -129 | Status: AVAILABLE | Action: SKIP | Premium: NO | Reg Price: $17.29 | Renew: $17.29

=== TAKEN ===
mexarvoza.com | Brand: -28 | SEO: 9 | Final: -19 | Status: NOT AVAILABLE | Action: TAKEN
HTTP status: 200
Page length: 98209
Rows found: 25
Found 25 domains

=== BUY CANDIDATES ===

=== REVIEW MANUALLY ===
dolarrr.com | Brand: 50 | SEO: 16 | Final: 66 | Status: AVAILABLE | Action: REVIEW | Premium: NO | Reg Price: $17.29 | Renew: $17.29
distanciafocalestudio.com | Brand: 55 | SEO: 5 | Final: 60 | Status: AVAILABLE | Action: REVIEW | Premium: NO | Reg Price: $17.29 | Renew: $17.29
readyhomesassists.com | Brand: 47 | SEO: 5 | Final: 52 | Status: AVAILABLE | Action: REVIEW | Premium: NO | Reg Price: $17.29 | Renew: $17.29
freelancewebmax.com | Brand: 35 | SEO: 5 | Final: 40 | Status: AVAILABLE | Action: REVIEW | Premium: NO | Reg Price: $17.29 | Renew: $17.29

=== SKIP ===
heronandfeather.com | Brand: 27 | SEO: 5 | Final: 32 | Status: AVAILABLE | Action: SKIP | Premium: NO | Reg Price: $17.29 | Renew: $17.29
zlotyy.com | Brand: 5 | SEO: 16 | Final: 21 | Status: AVAILABLE | Action: SKIP | Premium: NO | Reg Price: $17.29 | Renew: $17.29
acupunctureofthesouth.com | Brand: 12 | SEO: 5 | Final: 17 | Status: AVAILABLE | Action: SKIP | Premium: NO | Reg Price: $17.29 | Renew: $17.29
comfortonetransportation.com | Brand: 12 | SEO: 5 | Final: 17 | Status: AVAILABLE | Action: SKIP | Premium: NO | Reg Price: $17.29 | Renew: $17.29
cursossencillosenlinea.com | Brand: 12 | SEO: 5 | Final: 17 | Status: AVAILABLE | Action: SKIP | Premium: NO | Reg Price: $17.29 | Renew: $17.29
chezmicouvuillaumemichel.com | Brand: 12 | SEO: 5 | Final: 17 | Status: AVAILABLE | Action: SKIP | Premium: NO | Reg Price: $17.29 | Renew: $17.29
jhjcleaningservices.com | Brand: 9 | SEO: 5 | Final: 14 | Status: AVAILABLE | Action: SKIP | Premium: NO | Reg Price: $17.29 | Renew: $17.29
pocoojal.com | Brand: -18 | SEO: 16 | Final: -2 | Status: AVAILABLE | Action: SKIP | Premium: NO | Reg Price: $17.29 | Renew: $17.29
lovestrongcremationcenter.com | Brand: -11 | SEO: 5 | Final: -6 | Status: AVAILABLE | Action: SKIP | Premium: NO | Reg Price: $17.29 | Renew: $17.29
pillvideos.com | Brand: -28 | SEO: 9 | Final: -19 | Status: AVAILABLE | Action: SKIP | Premium: NO | Reg Price: $17.29 | Renew: $17.29
taralorenz.com | Brand: -28 | SEO: 9 | Final: -19 | Status: AVAILABLE | Action: SKIP | Premium: NO | Reg Price: $17.29 | Renew: $17.29
fukurin24.com | Brand: -13 | SEO: -6 | Final: -19 | Status: AVAILABLE | Action: SKIP | Premium: NO | Reg Price: $17.29 | Renew: $17.29
shopdern.com | Brand: -40 | SEO: 16 | Final: -24 | Status: AVAILABLE | Action: SKIP | Premium: NO | Reg Price: $17.29 | Renew: $17.29
magicbeadcf.com | Brand: -38 | SEO: 5 | Final: -33 | Status: AVAILABLE | Action: SKIP | Premium: NO | Reg Price: $17.29 | Renew: $17.29
cornford-fitness.com | Brand: -40 | SEO: -10 | Final: -50 | Status: AVAILABLE | Action: SKIP | Premium: NO | Reg Price: $17.29 | Renew: $17.29
flipwhiskey.com | Brand: -60 | SEO: 5 | Final: -55 | Status: AVAILABLE | Action: SKIP | Premium: NO | Reg Price: $17.29 | Renew: $17.29
leadunlocknv.com | Brand: -61 | SEO: 5 | Final: -56 | Status: AVAILABLE | Action: SKIP | Premium: NO | Reg Price: $17.29 | Renew: $17.29
ivygoldexotic.com | Brand: -63 | SEO: 5 | Final: -58 | Status: AVAILABLE | Action: SKIP | Premium: NO | Reg Price: $17.29 | Renew: $17.29
mjstreetwear.com | Brand: -84 | SEO: 5 | Final: -79 | Status: AVAILABLE | Action: SKIP | Premium: NO | Reg Price: $17.29 | Renew: $17.29
brhqkgnrw.com | Brand: -138 | SEO: 9 | Final: -129 | Status: AVAILABLE | Action: SKIP | Premium: NO | Reg Price: $17.29 | Renew: $17.29

=== TAKEN ===
mexarvoza.com | Brand: -28 | SEO: 9 | Final: -19 | Status: NOT AVAILABLE | Action: TAKEN
HTTP status: 200
Page length: 98309
Rows found: 25
Found 25 domains

=== BUY CANDIDATES ===

=== REVIEW MANUALLY ===
dolarrr.com | Brand: 50 | SEO: 16 | Final: 66 | Status: AVAILABLE | Action: REVIEW | Premium: NO | Reg Price: $17.29 | Renew: $17.29
distanciafocalestudio.com | Brand: 55 | SEO: 5 | Final: 60 | Status: AVAILABLE | Action: REVIEW | Premium: NO | Reg Price: $17.29 | Renew: $17.29
readyhomesassists.com | Brand: 47 | SEO: 5 | Final: 52 | Status: AVAILABLE | Action: REVIEW | Premium: NO | Reg Price: $17.29 | Renew: $17.29
freelancewebmax.com | Brand: 35 | SEO: 5 | Final: 40 | Status: AVAILABLE | Action: REVIEW | Premium: NO | Reg Price: $17.29 | Renew: $17.29

=== SKIP ===
heronandfeather.com | Brand: 27 | SEO: 5 | Final: 32 | Status: AVAILABLE | Action: SKIP | Premium: NO | Reg Price: $17.29 | Renew: $17.29
zlotyy.com | Brand: 5 | SEO: 16 | Final: 21 | Status: AVAILABLE | Action: SKIP | Premium: NO | Reg Price: $17.29 | Renew: $17.29
acupunctureofthesouth.com | Brand: 12 | SEO: 5 | Final: 17 | Status: AVAILABLE | Action: SKIP | Premium: NO | Reg Price: $17.29 | Renew: $17.29
comfortonetransportation.com | Brand: 12 | SEO: 5 | Final: 17 | Status: AVAILABLE | Action: SKIP | Premium: NO | Reg Price: $17.29 | Renew: $17.29
cursossencillosenlinea.com | Brand: 12 | SEO: 5 | Final: 17 | Status: AVAILABLE | Action: SKIP | Premium: NO | Reg Price: $17.29 | Renew: $17.29
chezmicouvuillaumemichel.com | Brand: 12 | SEO: 5 | Final: 17 | Status: AVAILABLE | Action: SKIP | Premium: NO | Reg Price: $17.29 | Renew: $17.29
jhjcleaningservices.com | Brand: 9 | SEO: 5 | Final: 14 | Status: AVAILABLE | Action: SKIP | Premium: NO | Reg Price: $17.29 | Renew: $17.29
pocoojal.com | Brand: -18 | SEO: 16 | Final: -2 | Status: AVAILABLE | Action: SKIP | Premium: NO | Reg Price: $17.29 | Renew: $17.29
lovestrongcremationcenter.com | Brand: -11 | SEO: 5 | Final: -6 | Status: AVAILABLE | Action: SKIP | Premium: NO | Reg Price: $17.29 | Renew: $17.29
pillvideos.com | Brand: -28 | SEO: 9 | Final: -19 | Status: AVAILABLE | Action: SKIP | Premium: NO | Reg Price: $17.29 | Renew: $17.29
taralorenz.com | Brand: -28 | SEO: 9 | Final: -19 | Status: AVAILABLE | Action: SKIP | Premium: NO | Reg Price: $17.29 | Renew: $17.29
fukurin24.com | Brand: -13 | SEO: -6 | Final: -19 | Status: AVAILABLE | Action: SKIP | Premium: NO | Reg Price: $17.29 | Renew: $17.29
shopdern.com | Brand: -40 | SEO: 16 | Final: -24 | Status: AVAILABLE | Action: SKIP | Premium: NO | Reg Price: $17.29 | Renew: $17.29
magicbeadcf.com | Brand: -38 | SEO: 5 | Final: -33 | Status: AVAILABLE | Action: SKIP | Premium: NO | Reg Price: $17.29 | Renew: $17.29
cornford-fitness.com | Brand: -40 | SEO: -10 | Final: -50 | Status: AVAILABLE | Action: SKIP | Premium: NO | Reg Price: $17.29 | Renew: $17.29
flipwhiskey.com | Brand: -60 | SEO: 5 | Final: -55 | Status: AVAILABLE | Action: SKIP | Premium: NO | Reg Price: $17.29 | Renew: $17.29
leadunlocknv.com | Brand: -61 | SEO: 5 | Final: -56 | Status: AVAILABLE | Action: SKIP | Premium: NO | Reg Price: $17.29 | Renew: $17.29
ivygoldexotic.com | Brand: -63 | SEO: 5 | Final: -58 | Status: AVAILABLE | Action: SKIP | Premium: NO | Reg Price: $17.29 | Renew: $17.29
mjstreetwear.com | Brand: -84 | SEO: 5 | Final: -79 | Status: AVAILABLE | Action: SKIP | Premium: NO | Reg Price: $17.29 | Renew: $17.29
brhqkgnrw.com | Brand: -138 | SEO: 9 | Final: -129 | Status: AVAILABLE | Action: SKIP | Premium: NO | Reg Price: $17.29 | Renew: $17.29

=== TAKEN ===
mexarvoza.com | Brand: -28 | SEO: 9 | Final: -19 | Status: NOT AVAILABLE | Action: TAKEN
HTTP status: 200
Page length: 98309
Rows found: 25
Found 25 domains

=== BUY CANDIDATES ===

=== REVIEW MANUALLY ===
dolarrr.com | Brand: 50 | SEO: 16 | Final: 66 | Status: AVAILABLE | Action: REVIEW | Premium: NO | Reg Price: $17.29 | Renew: $17.29
distanciafocalestudio.com | Brand: 55 | SEO: 5 | Final: 60 | Status: AVAILABLE | Action: REVIEW | Premium: NO | Reg Price: $17.29 | Renew: $17.29
readyhomesassists.com | Brand: 47 | SEO: 5 | Final: 52 | Status: AVAILABLE | Action: REVIEW | Premium: NO | Reg Price: $17.29 | Renew: $17.29
freelancewebmax.com | Brand: 35 | SEO: 5 | Final: 40 | Status: AVAILABLE | Action: REVIEW | Premium: NO | Reg Price: $17.29 | Renew: $17.29

=== SKIP ===
heronandfeather.com | Brand: 27 | SEO: 5 | Final: 32 | Status: AVAILABLE | Action: SKIP | Premium: NO | Reg Price: $17.29 | Renew: $17.29
zlotyy.com | Brand: 5 | SEO: 16 | Final: 21 | Status: AVAILABLE | Action: SKIP | Premium: NO | Reg Price: $17.29 | Renew: $17.29
acupunctureofthesouth.com | Brand: 12 | SEO: 5 | Final: 17 | Status: AVAILABLE | Action: SKIP | Premium: NO | Reg Price: $17.29 | Renew: $17.29
comfortonetransportation.com | Brand: 12 | SEO: 5 | Final: 17 | Status: AVAILABLE | Action: SKIP | Premium: NO | Reg Price: $17.29 | Renew: $17.29
cursossencillosenlinea.com | Brand: 12 | SEO: 5 | Final: 17 | Status: AVAILABLE | Action: SKIP | Premium: NO | Reg Price: $17.29 | Renew: $17.29
chezmicouvuillaumemichel.com | Brand: 12 | SEO: 5 | Final: 17 | Status: AVAILABLE | Action: SKIP | Premium: NO | Reg Price: $17.29 | Renew: $17.29
jhjcleaningservices.com | Brand: 9 | SEO: 5 | Final: 14 | Status: AVAILABLE | Action: SKIP | Premium: NO | Reg Price: $17.29 | Renew: $17.29
pocoojal.com | Brand: -18 | SEO: 16 | Final: -2 | Status: AVAILABLE | Action: SKIP | Premium: NO | Reg Price: $17.29 | Renew: $17.29
lovestrongcremationcenter.com | Brand: -11 | SEO: 5 | Final: -6 | Status: AVAILABLE | Action: SKIP | Premium: NO | Reg Price: $17.29 | Renew: $17.29
pillvideos.com | Brand: -28 | SEO: 9 | Final: -19 | Status: AVAILABLE | Action: SKIP | Premium: NO | Reg Price: $17.29 | Renew: $17.29
taralorenz.com | Brand: -28 | SEO: 9 | Final: -19 | Status: AVAILABLE | Action: SKIP | Premium: NO | Reg Price: $17.29 | Renew: $17.29
fukurin24.com | Brand: -13 | SEO: -6 | Final: -19 | Status: AVAILABLE | Action: SKIP | Premium: NO | Reg Price: $17.29 | Renew: $17.29
shopdern.com | Brand: -40 | SEO: 16 | Final: -24 | Status: AVAILABLE | Action: SKIP | Premium: NO | Reg Price: $17.29 | Renew: $17.29
magicbeadcf.com | Brand: -38 | SEO: 5 | Final: -33 | Status: AVAILABLE | Action: SKIP | Premium: NO | Reg Price: $17.29 | Renew: $17.29
cornford-fitness.com | Brand: -40 | SEO: -10 | Final: -50 | Status: AVAILABLE | Action: SKIP | Premium: NO | Reg Price: $17.29 | Renew: $17.29
flipwhiskey.com | Brand: -60 | SEO: 5 | Final: -55 | Status: AVAILABLE | Action: SKIP | Premium: NO | Reg Price: $17.29 | Renew: $17.29
leadunlocknv.com | Brand: -61 | SEO: 5 | Final: -56 | Status: AVAILABLE | Action: SKIP | Premium: NO | Reg Price: $17.29 | Renew: $17.29
ivygoldexotic.com | Brand: -63 | SEO: 5 | Final: -58 | Status: AVAILABLE | Action: SKIP | Premium: NO | Reg Price: $17.29 | Renew: $17.29
mjstreetwear.com | Brand: -84 | SEO: 5 | Final: -79 | Status: AVAILABLE | Action: SKIP | Premium: NO | Reg Price: $17.29 | Renew: $17.29
brhqkgnrw.com | Brand: -138 | SEO: 9 | Final: -129 | Status: AVAILABLE | Action: SKIP | Premium: NO | Reg Price: $17.29 | Renew: $17.29

=== TAKEN ===
mexarvoza.com | Brand: -28 | SEO: 9 | Final: -19 | Status: NOT AVAILABLE | Action: TAKEN
HTTP status: 200
Page length: 98309
Rows found: 25
Found 25 domains

=== BUY CANDIDATES ===

=== REVIEW MANUALLY ===
dolarrr.com | Brand: 50 | SEO: 16 | Final: 66 | Status: AVAILABLE | Action: REVIEW | Premium: NO | Reg Price: $17.29 | Renew: $17.29
distanciafocalestudio.com | Brand: 55 | SEO: 5 | Final: 60 | Status: AVAILABLE | Action: REVIEW | Premium: NO | Reg Price: $17.29 | Renew: $17.29
readyhomesassists.com | Brand: 47 | SEO: 5 | Final: 52 | Status: AVAILABLE | Action: REVIEW | Premium: NO | Reg Price: $17.29 | Renew: $17.29
freelancewebmax.com | Brand: 35 | SEO: 5 | Final: 40 | Status: AVAILABLE | Action: REVIEW | Premium: NO | Reg Price: $17.29 | Renew: $17.29

=== SKIP ===
heronandfeather.com | Brand: 27 | SEO: 5 | Final: 32 | Status: AVAILABLE | Action: SKIP | Premium: NO | Reg Price: $17.29 | Renew: $17.29
zlotyy.com | Brand: 5 | SEO: 16 | Final: 21 | Status: AVAILABLE | Action: SKIP | Premium: NO | Reg Price: $17.29 | Renew: $17.29
acupunctureofthesouth.com | Brand: 12 | SEO: 5 | Final: 17 | Status: AVAILABLE | Action: SKIP | Premium: NO | Reg Price: $17.29 | Renew: $17.29
comfortonetransportation.com | Brand: 12 | SEO: 5 | Final: 17 | Status: AVAILABLE | Action: SKIP | Premium: NO | Reg Price: $17.29 | Renew: $17.29
cursossencillosenlinea.com | Brand: 12 | SEO: 5 | Final: 17 | Status: AVAILABLE | Action: SKIP | Premium: NO | Reg Price: $17.29 | Renew: $17.29
chezmicouvuillaumemichel.com | Brand: 12 | SEO: 5 | Final: 17 | Status: AVAILABLE | Action: SKIP | Premium: NO | Reg Price: $17.29 | Renew: $17.29
jhjcleaningservices.com | Brand: 9 | SEO: 5 | Final: 14 | Status: AVAILABLE | Action: SKIP | Premium: NO | Reg Price: $17.29 | Renew: $17.29
pocoojal.com | Brand: -18 | SEO: 16 | Final: -2 | Status: AVAILABLE | Action: SKIP | Premium: NO | Reg Price: $17.29 | Renew: $17.29
lovestrongcremationcenter.com | Brand: -11 | SEO: 5 | Final: -6 | Status: AVAILABLE | Action: SKIP | Premium: NO | Reg Price: $17.29 | Renew: $17.29
pillvideos.com | Brand: -28 | SEO: 9 | Final: -19 | Status: AVAILABLE | Action: SKIP | Premium: NO | Reg Price: $17.29 | Renew: $17.29
taralorenz.com | Brand: -28 | SEO: 9 | Final: -19 | Status: AVAILABLE | Action: SKIP | Premium: NO | Reg Price: $17.29 | Renew: $17.29
fukurin24.com | Brand: -13 | SEO: -6 | Final: -19 | Status: AVAILABLE | Action: SKIP | Premium: NO | Reg Price: $17.29 | Renew: $17.29
shopdern.com | Brand: -40 | SEO: 16 | Final: -24 | Status: AVAILABLE | Action: SKIP | Premium: NO | Reg Price: $17.29 | Renew: $17.29
magicbeadcf.com | Brand: -38 | SEO: 5 | Final: -33 | Status: AVAILABLE | Action: SKIP | Premium: NO | Reg Price: $17.29 | Renew: $17.29
cornford-fitness.com | Brand: -40 | SEO: -10 | Final: -50 | Status: AVAILABLE | Action: SKIP | Premium: NO | Reg Price: $17.29 | Renew: $17.29
flipwhiskey.com | Brand: -60 | SEO: 5 | Final: -55 | Status: AVAILABLE | Action: SKIP | Premium: NO | Reg Price: $17.29 | Renew: $17.29
leadunlocknv.com | Brand: -61 | SEO: 5 | Final: -56 | Status: AVAILABLE | Action: SKIP | Premium: NO | Reg Price: $17.29 | Renew: $17.29
ivygoldexotic.com | Brand: -63 | SEO: 5 | Final: -58 | Status: AVAILABLE | Action: SKIP | Premium: NO | Reg Price: $17.29 | Renew: $17.29
mjstreetwear.com | Brand: -84 | SEO: 5 | Final: -79 | Status: AVAILABLE | Action: SKIP | Premium: NO | Reg Price: $17.29 | Renew: $17.29
brhqkgnrw.com | Brand: -138 | SEO: 9 | Final: -129 | Status: AVAILABLE | Action: SKIP | Premium: NO | Reg Price: $17.29 | Renew: $17.29

=== TAKEN ===
mexarvoza.com | Brand: -28 | SEO: 9 | Final: -19 | Status: NOT AVAILABLE | Action: TAKEN
HTTP status: 200
Page length: 98309
Rows found: 25
Found 25 domains

=== BUY CANDIDATES ===

=== REVIEW MANUALLY ===
dolarrr.com | Brand: 50 | SEO: 16 | Final: 66 | Status: AVAILABLE | Action: REVIEW | Premium: NO | Reg Price: $17.29 | Renew: $17.29
distanciafocalestudio.com | Brand: 55 | SEO: 5 | Final: 60 | Status: AVAILABLE | Action: REVIEW | Premium: NO | Reg Price: $17.29 | Renew: $17.29
readyhomesassists.com | Brand: 47 | SEO: 5 | Final: 52 | Status: AVAILABLE | Action: REVIEW | Premium: NO | Reg Price: $17.29 | Renew: $17.29
freelancewebmax.com | Brand: 35 | SEO: 5 | Final: 40 | Status: AVAILABLE | Action: REVIEW | Premium: NO | Reg Price: $17.29 | Renew: $17.29

=== SKIP ===
heronandfeather.com | Brand: 27 | SEO: 5 | Final: 32 | Status: AVAILABLE | Action: SKIP | Premium: NO | Reg Price: $17.29 | Renew: $17.29
zlotyy.com | Brand: 5 | SEO: 16 | Final: 21 | Status: AVAILABLE | Action: SKIP | Premium: NO | Reg Price: $17.29 | Renew: $17.29
acupunctureofthesouth.com | Brand: 12 | SEO: 5 | Final: 17 | Status: AVAILABLE | Action: SKIP | Premium: NO | Reg Price: $17.29 | Renew: $17.29
comfortonetransportation.com | Brand: 12 | SEO: 5 | Final: 17 | Status: AVAILABLE | Action: SKIP | Premium: NO | Reg Price: $17.29 | Renew: $17.29
cursossencillosenlinea.com | Brand: 12 | SEO: 5 | Final: 17 | Status: AVAILABLE | Action: SKIP | Premium: NO | Reg Price: $17.29 | Renew: $17.29
chezmicouvuillaumemichel.com | Brand: 12 | SEO: 5 | Final: 17 | Status: AVAILABLE | Action: SKIP | Premium: NO | Reg Price: $17.29 | Renew: $17.29
jhjcleaningservices.com | Brand: 9 | SEO: 5 | Final: 14 | Status: AVAILABLE | Action: SKIP | Premium: NO | Reg Price: $17.29 | Renew: $17.29
pocoojal.com | Brand: -18 | SEO: 16 | Final: -2 | Status: AVAILABLE | Action: SKIP | Premium: NO | Reg Price: $17.29 | Renew: $17.29
lovestrongcremationcenter.com | Brand: -11 | SEO: 5 | Final: -6 | Status: AVAILABLE | Action: SKIP | Premium: NO | Reg Price: $17.29 | Renew: $17.29
pillvideos.com | Brand: -28 | SEO: 9 | Final: -19 | Status: AVAILABLE | Action: SKIP | Premium: NO | Reg Price: $17.29 | Renew: $17.29
taralorenz.com | Brand: -28 | SEO: 9 | Final: -19 | Status: AVAILABLE | Action: SKIP | Premium: NO | Reg Price: $17.29 | Renew: $17.29
fukurin24.com | Brand: -13 | SEO: -6 | Final: -19 | Status: AVAILABLE | Action: SKIP | Premium: NO | Reg Price: $17.29 | Renew: $17.29
shopdern.com | Brand: -40 | SEO: 16 | Final: -24 | Status: AVAILABLE | Action: SKIP | Premium: NO | Reg Price: $17.29 | Renew: $17.29
magicbeadcf.com | Brand: -38 | SEO: 5 | Final: -33 | Status: AVAILABLE | Action: SKIP | Premium: NO | Reg Price: $17.29 | Renew: $17.29
cornford-fitness.com | Brand: -40 | SEO: -10 | Final: -50 | Status: AVAILABLE | Action: SKIP | Premium: NO | Reg Price: $17.29 | Renew: $17.29
flipwhiskey.com | Brand: -60 | SEO: 5 | Final: -55 | Status: AVAILABLE | Action: SKIP | Premium: NO | Reg Price: $17.29 | Renew: $17.29
leadunlocknv.com | Brand: -61 | SEO: 5 | Final: -56 | Status: AVAILABLE | Action: SKIP | Premium: NO | Reg Price: $17.29 | Renew: $17.29
ivygoldexotic.com | Brand: -63 | SEO: 5 | Final: -58 | Status: AVAILABLE | Action: SKIP | Premium: NO | Reg Price: $17.29 | Renew: $17.29
mjstreetwear.com | Brand: -84 | SEO: 5 | Final: -79 | Status: AVAILABLE | Action: SKIP | Premium: NO | Reg Price: $17.29 | Renew: $17.29
brhqkgnrw.com | Brand: -138 | SEO: 9 | Final: -129 | Status: AVAILABLE | Action: SKIP | Premium: NO | Reg Price: $17.29 | Renew: $17.29

=== TAKEN ===
mexarvoza.com | Brand: -28 | SEO: 9 | Final: -19 | Status: NOT AVAILABLE | Action: TAKEN
HTTP status: 200
Page length: 98309
Rows found: 25
Found 25 domains

=== BUY CANDIDATES ===

=== REVIEW MANUALLY ===
dolarrr.com | Brand: 50 | SEO: 16 | Final: 66 | Status: AVAILABLE | Action: REVIEW | Premium: NO | Reg Price: $17.29 | Renew: $17.29
distanciafocalestudio.com | Brand: 55 | SEO: 5 | Final: 60 | Status: AVAILABLE | Action: REVIEW | Premium: NO | Reg Price: $17.29 | Renew: $17.29
readyhomesassists.com | Brand: 47 | SEO: 5 | Final: 52 | Status: AVAILABLE | Action: REVIEW | Premium: NO | Reg Price: $17.29 | Renew: $17.29
freelancewebmax.com | Brand: 35 | SEO: 5 | Final: 40 | Status: AVAILABLE | Action: REVIEW | Premium: NO | Reg Price: $17.29 | Renew: $17.29

=== SKIP ===
heronandfeather.com | Brand: 27 | SEO: 5 | Final: 32 | Status: AVAILABLE | Action: SKIP | Premium: NO | Reg Price: $17.29 | Renew: $17.29
zlotyy.com | Brand: 5 | SEO: 16 | Final: 21 | Status: AVAILABLE | Action: SKIP | Premium: NO | Reg Price: $17.29 | Renew: $17.29
acupunctureofthesouth.com | Brand: 12 | SEO: 5 | Final: 17 | Status: AVAILABLE | Action: SKIP | Premium: NO | Reg Price: $17.29 | Renew: $17.29
comfortonetransportation.com | Brand: 12 | SEO: 5 | Final: 17 | Status: AVAILABLE | Action: SKIP | Premium: NO | Reg Price: $17.29 | Renew: $17.29
cursossencillosenlinea.com | Brand: 12 | SEO: 5 | Final: 17 | Status: AVAILABLE | Action: SKIP | Premium: NO | Reg Price: $17.29 | Renew: $17.29
chezmicouvuillaumemichel.com | Brand: 12 | SEO: 5 | Final: 17 | Status: AVAILABLE | Action: SKIP | Premium: NO | Reg Price: $17.29 | Renew: $17.29
jhjcleaningservices.com | Brand: 9 | SEO: 5 | Final: 14 | Status: AVAILABLE | Action: SKIP | Premium: NO | Reg Price: $17.29 | Renew: $17.29
pocoojal.com | Brand: -18 | SEO: 16 | Final: -2 | Status: AVAILABLE | Action: SKIP | Premium: NO | Reg Price: $17.29 | Renew: $17.29
lovestrongcremationcenter.com | Brand: -11 | SEO: 5 | Final: -6 | Status: AVAILABLE | Action: SKIP | Premium: NO | Reg Price: $17.29 | Renew: $17.29
pillvideos.com | Brand: -28 | SEO: 9 | Final: -19 | Status: AVAILABLE | Action: SKIP | Premium: NO | Reg Price: $17.29 | Renew: $17.29
taralorenz.com | Brand: -28 | SEO: 9 | Final: -19 | Status: AVAILABLE | Action: SKIP | Premium: NO | Reg Price: $17.29 | Renew: $17.29
fukurin24.com | Brand: -13 | SEO: -6 | Final: -19 | Status: AVAILABLE | Action: SKIP | Premium: NO | Reg Price: $17.29 | Renew: $17.29
shopdern.com | Brand: -40 | SEO: 16 | Final: -24 | Status: AVAILABLE | Action: SKIP | Premium: NO | Reg Price: $17.29 | Renew: $17.29
magicbeadcf.com | Brand: -38 | SEO: 5 | Final: -33 | Status: AVAILABLE | Action: SKIP | Premium: NO | Reg Price: $17.29 | Renew: $17.29
cornford-fitness.com | Brand: -40 | SEO: -10 | Final: -50 | Status: AVAILABLE | Action: SKIP | Premium: NO | Reg Price: $17.29 | Renew: $17.29
flipwhiskey.com | Brand: -60 | SEO: 5 | Final: -55 | Status: AVAILABLE | Action: SKIP | Premium: NO | Reg Price: $17.29 | Renew: $17.29
leadunlocknv.com | Brand: -61 | SEO: 5 | Final: -56 | Status: AVAILABLE | Action: SKIP | Premium: NO | Reg Price: $17.29 | Renew: $17.29
ivygoldexotic.com | Brand: -63 | SEO: 5 | Final: -58 | Status: AVAILABLE | Action: SKIP | Premium: NO | Reg Price: $17.29 | Renew: $17.29
mjstreetwear.com | Brand: -84 | SEO: 5 | Final: -79 | Status: AVAILABLE | Action: SKIP | Premium: NO | Reg Price: $17.29 | Renew: $17.29
brhqkgnrw.com | Brand: -138 | SEO: 9 | Final: -129 | Status: AVAILABLE | Action: SKIP | Premium: NO | Reg Price: $17.29 | Renew: $17.29

=== TAKEN ===
mexarvoza.com | Brand: -28 | SEO: 9 | Final: -19 | Status: NOT AVAILABLE | Action: TAKEN
HTTP status: 200
Page length: 98309
Rows found: 25
Found 25 domains

=== BUY CANDIDATES ===

=== REVIEW MANUALLY ===
dolarrr.com | Brand: 50 | SEO: 16 | Final: 66 | Status: AVAILABLE | Action: REVIEW | Premium: NO | Reg Price: $17.29 | Renew: $17.29
distanciafocalestudio.com | Brand: 55 | SEO: 5 | Final: 60 | Status: AVAILABLE | Action: REVIEW | Premium: NO | Reg Price: $17.29 | Renew: $17.29
readyhomesassists.com | Brand: 47 | SEO: 5 | Final: 52 | Status: AVAILABLE | Action: REVIEW | Premium: NO | Reg Price: $17.29 | Renew: $17.29
freelancewebmax.com | Brand: 35 | SEO: 5 | Final: 40 | Status: AVAILABLE | Action: REVIEW | Premium: NO | Reg Price: $17.29 | Renew: $17.29

=== SKIP ===
heronandfeather.com | Brand: 27 | SEO: 5 | Final: 32 | Status: AVAILABLE | Action: SKIP | Premium: NO | Reg Price: $17.29 | Renew: $17.29
zlotyy.com | Brand: 5 | SEO: 16 | Final: 21 | Status: AVAILABLE | Action: SKIP | Premium: NO | Reg Price: $17.29 | Renew: $17.29
acupunctureofthesouth.com | Brand: 12 | SEO: 5 | Final: 17 | Status: AVAILABLE | Action: SKIP | Premium: NO | Reg Price: $17.29 | Renew: $17.29
comfortonetransportation.com | Brand: 12 | SEO: 5 | Final: 17 | Status: AVAILABLE | Action: SKIP | Premium: NO | Reg Price: $17.29 | Renew: $17.29
cursossencillosenlinea.com | Brand: 12 | SEO: 5 | Final: 17 | Status: AVAILABLE | Action: SKIP | Premium: NO | Reg Price: $17.29 | Renew: $17.29
chezmicouvuillaumemichel.com | Brand: 12 | SEO: 5 | Final: 17 | Status: AVAILABLE | Action: SKIP | Premium: NO | Reg Price: $17.29 | Renew: $17.29
jhjcleaningservices.com | Brand: 9 | SEO: 5 | Final: 14 | Status: AVAILABLE | Action: SKIP | Premium: NO | Reg Price: $17.29 | Renew: $17.29
pocoojal.com | Brand: -18 | SEO: 16 | Final: -2 | Status: AVAILABLE | Action: SKIP | Premium: NO | Reg Price: $17.29 | Renew: $17.29
lovestrongcremationcenter.com | Brand: -11 | SEO: 5 | Final: -6 | Status: AVAILABLE | Action: SKIP | Premium: NO | Reg Price: $17.29 | Renew: $17.29
pillvideos.com | Brand: -28 | SEO: 9 | Final: -19 | Status: AVAILABLE | Action: SKIP | Premium: NO | Reg Price: $17.29 | Renew: $17.29
taralorenz.com | Brand: -28 | SEO: 9 | Final: -19 | Status: AVAILABLE | Action: SKIP | Premium: NO | Reg Price: $17.29 | Renew: $17.29
fukurin24.com | Brand: -13 | SEO: -6 | Final: -19 | Status: AVAILABLE | Action: SKIP | Premium: NO | Reg Price: $17.29 | Renew: $17.29
shopdern.com | Brand: -40 | SEO: 16 | Final: -24 | Status: AVAILABLE | Action: SKIP | Premium: NO | Reg Price: $17.29 | Renew: $17.29
magicbeadcf.com | Brand: -38 | SEO: 5 | Final: -33 | Status: AVAILABLE | Action: SKIP | Premium: NO | Reg Price: $17.29 | Renew: $17.29
cornford-fitness.com | Brand: -40 | SEO: -10 | Final: -50 | Status: AVAILABLE | Action: SKIP | Premium: NO | Reg Price: $17.29 | Renew: $17.29
flipwhiskey.com | Brand: -60 | SEO: 5 | Final: -55 | Status: AVAILABLE | Action: SKIP | Premium: NO | Reg Price: $17.29 | Renew: $17.29
leadunlocknv.com | Brand: -61 | SEO: 5 | Final: -56 | Status: AVAILABLE | Action: SKIP | Premium: NO | Reg Price: $17.29 | Renew: $17.29
ivygoldexotic.com | Brand: -63 | SEO: 5 | Final: -58 | Status: AVAILABLE | Action: SKIP | Premium: NO | Reg Price: $17.29 | Renew: $17.29
mjstreetwear.com | Brand: -84 | SEO: 5 | Final: -79 | Status: AVAILABLE | Action: SKIP | Premium: NO | Reg Price: $17.29 | Renew: $17.29
brhqkgnrw.com | Brand: -138 | SEO: 9 | Final: -129 | Status: AVAILABLE | Action: SKIP | Premium: NO | Reg Price: $17.29 | Renew: $17.29

=== TAKEN ===
mexarvoza.com | Brand: -28 | SEO: 9 | Final: -19 | Status: NOT AVAILABLE | Action: TAKEN
HTTP status: 200
Page length: 98309
Rows found: 25
Found 25 domains

=== BUY CANDIDATES ===

=== REVIEW MANUALLY ===
dolarrr.com | Brand: 50 | SEO: 16 | Final: 66 | Status: AVAILABLE | Action: REVIEW | Premium: NO | Reg Price: $17.29 | Renew: $17.29
distanciafocalestudio.com | Brand: 55 | SEO: 5 | Final: 60 | Status: AVAILABLE | Action: REVIEW | Premium: NO | Reg Price: $17.29 | Renew: $17.29
readyhomesassists.com | Brand: 47 | SEO: 5 | Final: 52 | Status: AVAILABLE | Action: REVIEW | Premium: NO | Reg Price: $17.29 | Renew: $17.29
freelancewebmax.com | Brand: 35 | SEO: 5 | Final: 40 | Status: AVAILABLE | Action: REVIEW | Premium: NO | Reg Price: $17.29 | Renew: $17.29

=== SKIP ===
heronandfeather.com | Brand: 27 | SEO: 5 | Final: 32 | Status: AVAILABLE | Action: SKIP | Premium: NO | Reg Price: $17.29 | Renew: $17.29
zlotyy.com | Brand: 5 | SEO: 16 | Final: 21 | Status: AVAILABLE | Action: SKIP | Premium: NO | Reg Price: $17.29 | Renew: $17.29
acupunctureofthesouth.com | Brand: 12 | SEO: 5 | Final: 17 | Status: AVAILABLE | Action: SKIP | Premium: NO | Reg Price: $17.29 | Renew: $17.29
comfortonetransportation.com | Brand: 12 | SEO: 5 | Final: 17 | Status: AVAILABLE | Action: SKIP | Premium: NO | Reg Price: $17.29 | Renew: $17.29
cursossencillosenlinea.com | Brand: 12 | SEO: 5 | Final: 17 | Status: AVAILABLE | Action: SKIP | Premium: NO | Reg Price: $17.29 | Renew: $17.29
chezmicouvuillaumemichel.com | Brand: 12 | SEO: 5 | Final: 17 | Status: AVAILABLE | Action: SKIP | Premium: NO | Reg Price: $17.29 | Renew: $17.29
jhjcleaningservices.com | Brand: 9 | SEO: 5 | Final: 14 | Status: AVAILABLE | Action: SKIP | Premium: NO | Reg Price: $17.29 | Renew: $17.29
pocoojal.com | Brand: -18 | SEO: 16 | Final: -2 | Status: AVAILABLE | Action: SKIP | Premium: NO | Reg Price: $17.29 | Renew: $17.29
lovestrongcremationcenter.com | Brand: -11 | SEO: 5 | Final: -6 | Status: AVAILABLE | Action: SKIP | Premium: NO | Reg Price: $17.29 | Renew: $17.29
pillvideos.com | Brand: -28 | SEO: 9 | Final: -19 | Status: AVAILABLE | Action: SKIP | Premium: NO | Reg Price: $17.29 | Renew: $17.29
taralorenz.com | Brand: -28 | SEO: 9 | Final: -19 | Status: AVAILABLE | Action: SKIP | Premium: NO | Reg Price: $17.29 | Renew: $17.29
fukurin24.com | Brand: -13 | SEO: -6 | Final: -19 | Status: AVAILABLE | Action: SKIP | Premium: NO | Reg Price: $17.29 | Renew: $17.29
shopdern.com | Brand: -40 | SEO: 16 | Final: -24 | Status: AVAILABLE | Action: SKIP | Premium: NO | Reg Price: $17.29 | Renew: $17.29
magicbeadcf.com | Brand: -38 | SEO: 5 | Final: -33 | Status: AVAILABLE | Action: SKIP | Premium: NO | Reg Price: $17.29 | Renew: $17.29
cornford-fitness.com | Brand: -40 | SEO: -10 | Final: -50 | Status: AVAILABLE | Action: SKIP | Premium: NO | Reg Price: $17.29 | Renew: $17.29
flipwhiskey.com | Brand: -60 | SEO: 5 | Final: -55 | Status: AVAILABLE | Action: SKIP | Premium: NO | Reg Price: $17.29 | Renew: $17.29
leadunlocknv.com | Brand: -61 | SEO: 5 | Final: -56 | Status: AVAILABLE | Action: SKIP | Premium: NO | Reg Price: $17.29 | Renew: $17.29
ivygoldexotic.com | Brand: -63 | SEO: 5 | Final: -58 | Status: AVAILABLE | Action: SKIP | Premium: NO | Reg Price: $17.29 | Renew: $17.29
mjstreetwear.com | Brand: -84 | SEO: 5 | Final: -79 | Status: AVAILABLE | Action: SKIP | Premium: NO | Reg Price: $17.29 | Renew: $17.29
brhqkgnrw.com | Brand: -138 | SEO: 9 | Final: -129 | Status: AVAILABLE | Action: SKIP | Premium: NO | Reg Price: $17.29 | Renew: $17.29

=== TAKEN ===
mexarvoza.com | Brand: -28 | SEO: 9 | Final: -19 | Status: NOT AVAILABLE | Action: TAKEN
HTTP status: 200
Page length: 98309
Rows found: 25
Found 25 domains

=== BUY CANDIDATES ===

=== REVIEW MANUALLY ===
dolarrr.com | Brand: 50 | SEO: 16 | Final: 66 | Status: AVAILABLE | Action: REVIEW | Premium: NO | Reg Price: $17.29 | Renew: $17.29
distanciafocalestudio.com | Brand: 55 | SEO: 5 | Final: 60 | Status: AVAILABLE | Action: REVIEW | Premium: NO | Reg Price: $17.29 | Renew: $17.29
readyhomesassists.com | Brand: 47 | SEO: 5 | Final: 52 | Status: AVAILABLE | Action: REVIEW | Premium: NO | Reg Price: $17.29 | Renew: $17.29
freelancewebmax.com | Brand: 35 | SEO: 5 | Final: 40 | Status: AVAILABLE | Action: REVIEW | Premium: NO | Reg Price: $17.29 | Renew: $17.29

=== SKIP ===
heronandfeather.com | Brand: 27 | SEO: 5 | Final: 32 | Status: AVAILABLE | Action: SKIP | Premium: NO | Reg Price: $17.29 | Renew: $17.29
zlotyy.com | Brand: 5 | SEO: 16 | Final: 21 | Status: AVAILABLE | Action: SKIP | Premium: NO | Reg Price: $17.29 | Renew: $17.29
acupunctureofthesouth.com | Brand: 12 | SEO: 5 | Final: 17 | Status: AVAILABLE | Action: SKIP | Premium: NO | Reg Price: $17.29 | Renew: $17.29
comfortonetransportation.com | Brand: 12 | SEO: 5 | Final: 17 | Status: AVAILABLE | Action: SKIP | Premium: NO | Reg Price: $17.29 | Renew: $17.29
cursossencillosenlinea.com | Brand: 12 | SEO: 5 | Final: 17 | Status: AVAILABLE | Action: SKIP | Premium: NO | Reg Price: $17.29 | Renew: $17.29
chezmicouvuillaumemichel.com | Brand: 12 | SEO: 5 | Final: 17 | Status: AVAILABLE | Action: SKIP | Premium: NO | Reg Price: $17.29 | Renew: $17.29
jhjcleaningservices.com | Brand: 9 | SEO: 5 | Final: 14 | Status: AVAILABLE | Action: SKIP | Premium: NO | Reg Price: $17.29 | Renew: $17.29
pocoojal.com | Brand: -18 | SEO: 16 | Final: -2 | Status: AVAILABLE | Action: SKIP | Premium: NO | Reg Price: $17.29 | Renew: $17.29
lovestrongcremationcenter.com | Brand: -11 | SEO: 5 | Final: -6 | Status: AVAILABLE | Action: SKIP | Premium: NO | Reg Price: $17.29 | Renew: $17.29
pillvideos.com | Brand: -28 | SEO: 9 | Final: -19 | Status: AVAILABLE | Action: SKIP | Premium: NO | Reg Price: $17.29 | Renew: $17.29
taralorenz.com | Brand: -28 | SEO: 9 | Final: -19 | Status: AVAILABLE | Action: SKIP | Premium: NO | Reg Price: $17.29 | Renew: $17.29
fukurin24.com | Brand: -13 | SEO: -6 | Final: -19 | Status: AVAILABLE | Action: SKIP | Premium: NO | Reg Price: $17.29 | Renew: $17.29
shopdern.com | Brand: -40 | SEO: 16 | Final: -24 | Status: AVAILABLE | Action: SKIP | Premium: NO | Reg Price: $17.29 | Renew: $17.29
magicbeadcf.com | Brand: -38 | SEO: 5 | Final: -33 | Status: AVAILABLE | Action: SKIP | Premium: NO | Reg Price: $17.29 | Renew: $17.29
cornford-fitness.com | Brand: -40 | SEO: -10 | Final: -50 | Status: AVAILABLE | Action: SKIP | Premium: NO | Reg Price: $17.29 | Renew: $17.29
flipwhiskey.com | Brand: -60 | SEO: 5 | Final: -55 | Status: AVAILABLE | Action: SKIP | Premium: NO | Reg Price: $17.29 | Renew: $17.29
leadunlocknv.com | Brand: -61 | SEO: 5 | Final: -56 | Status: AVAILABLE | Action: SKIP | Premium: NO | Reg Price: $17.29 | Renew: $17.29
ivygoldexotic.com | Brand: -63 | SEO: 5 | Final: -58 | Status: AVAILABLE | Action: SKIP | Premium: NO | Reg Price: $17.29 | Renew: $17.29
mjstreetwear.com | Brand: -84 | SEO: 5 | Final: -79 | Status: AVAILABLE | Action: SKIP | Premium: NO | Reg Price: $17.29 | Renew: $17.29
brhqkgnrw.com | Brand: -138 | SEO: 9 | Final: -129 | Status: AVAILABLE | Action: SKIP | Premium: NO | Reg Price: $17.29 | Renew: $17.29

=== TAKEN ===
mexarvoza.com | Brand: -28 | SEO: 9 | Final: -19 | Status: NOT AVAILABLE | Action: TAKEN
HTTP status: 200
Page length: 98307
Rows found: 25
Found 25 domains

=== BUY CANDIDATES ===

=== REVIEW MANUALLY ===
dolarrr.com | Brand: 50 | SEO: 16 | Final: 66 | Status: AVAILABLE | Action: REVIEW | Premium: NO | Reg Price: $17.29 | Renew: $17.29
distanciafocalestudio.com | Brand: 55 | SEO: 5 | Final: 60 | Status: AVAILABLE | Action: REVIEW | Premium: NO | Reg Price: $17.29 | Renew: $17.29
readyhomesassists.com | Brand: 47 | SEO: 5 | Final: 52 | Status: AVAILABLE | Action: REVIEW | Premium: NO | Reg Price: $17.29 | Renew: $17.29
freelancewebmax.com | Brand: 35 | SEO: 5 | Final: 40 | Status: AVAILABLE | Action: REVIEW | Premium: NO | Reg Price: $17.29 | Renew: $17.29

=== SKIP ===
heronandfeather.com | Brand: 27 | SEO: 5 | Final: 32 | Status: AVAILABLE | Action: SKIP | Premium: NO | Reg Price: $17.29 | Renew: $17.29
zlotyy.com | Brand: 5 | SEO: 16 | Final: 21 | Status: AVAILABLE | Action: SKIP | Premium: NO | Reg Price: $17.29 | Renew: $17.29
acupunctureofthesouth.com | Brand: 12 | SEO: 5 | Final: 17 | Status: AVAILABLE | Action: SKIP | Premium: NO | Reg Price: $17.29 | Renew: $17.29
comfortonetransportation.com | Brand: 12 | SEO: 5 | Final: 17 | Status: AVAILABLE | Action: SKIP | Premium: NO | Reg Price: $17.29 | Renew: $17.29
cursossencillosenlinea.com | Brand: 12 | SEO: 5 | Final: 17 | Status: AVAILABLE | Action: SKIP | Premium: NO | Reg Price: $17.29 | Renew: $17.29
chezmicouvuillaumemichel.com | Brand: 12 | SEO: 5 | Final: 17 | Status: AVAILABLE | Action: SKIP | Premium: NO | Reg Price: $17.29 | Renew: $17.29
jhjcleaningservices.com | Brand: 9 | SEO: 5 | Final: 14 | Status: AVAILABLE | Action: SKIP | Premium: NO | Reg Price: $17.29 | Renew: $17.29
pocoojal.com | Brand: -18 | SEO: 16 | Final: -2 | Status: AVAILABLE | Action: SKIP | Premium: NO | Reg Price: $17.29 | Renew: $17.29
lovestrongcremationcenter.com | Brand: -11 | SEO: 5 | Final: -6 | Status: AVAILABLE | Action: SKIP | Premium: NO | Reg Price: $17.29 | Renew: $17.29
pillvideos.com | Brand: -28 | SEO: 9 | Final: -19 | Status: AVAILABLE | Action: SKIP | Premium: NO | Reg Price: $17.29 | Renew: $17.29
taralorenz.com | Brand: -28 | SEO: 9 | Final: -19 | Status: AVAILABLE | Action: SKIP | Premium: NO | Reg Price: $17.29 | Renew: $17.29
fukurin24.com | Brand: -13 | SEO: -6 | Final: -19 | Status: AVAILABLE | Action: SKIP | Premium: NO | Reg Price: $17.29 | Renew: $17.29
shopdern.com | Brand: -40 | SEO: 16 | Final: -24 | Status: AVAILABLE | Action: SKIP | Premium: NO | Reg Price: $17.29 | Renew: $17.29
magicbeadcf.com | Brand: -38 | SEO: 5 | Final: -33 | Status: AVAILABLE | Action: SKIP | Premium: NO | Reg Price: $17.29 | Renew: $17.29
cornford-fitness.com | Brand: -40 | SEO: -10 | Final: -50 | Status: AVAILABLE | Action: SKIP | Premium: NO | Reg Price: $17.29 | Renew: $17.29
flipwhiskey.com | Brand: -60 | SEO: 5 | Final: -55 | Status: AVAILABLE | Action: SKIP | Premium: NO | Reg Price: $17.29 | Renew: $17.29
leadunlocknv.com | Brand: -61 | SEO: 5 | Final: -56 | Status: AVAILABLE | Action: SKIP | Premium: NO | Reg Price: $17.29 | Renew: $17.29
ivygoldexotic.com | Brand: -63 | SEO: 5 | Final: -58 | Status: AVAILABLE | Action: SKIP | Premium: NO | Reg Price: $17.29 | Renew: $17.29
mjstreetwear.com | Brand: -84 | SEO: 5 | Final: -79 | Status: AVAILABLE | Action: SKIP | Premium: NO | Reg Price: $17.29 | Renew: $17.29
brhqkgnrw.com | Brand: -138 | SEO: 9 | Final: -129 | Status: AVAILABLE | Action: SKIP | Premium: NO | Reg Price: $17.29 | Renew: $17.29

=== TAKEN ===
mexarvoza.com | Brand: -28 | SEO: 9 | Final: -19 | Status: NOT AVAILABLE | Action: TAKEN
HTTP status: 200
Page length: 98307
Rows found: 25
Found 25 domains

=== BUY CANDIDATES ===

=== REVIEW MANUALLY ===
dolarrr.com | Brand: 50 | SEO: 16 | Final: 66 | Status: AVAILABLE | Action: REVIEW | Premium: NO | Reg Price: $17.29 | Renew: $17.29
distanciafocalestudio.com | Brand: 55 | SEO: 5 | Final: 60 | Status: AVAILABLE | Action: REVIEW | Premium: NO | Reg Price: $17.29 | Renew: $17.29
readyhomesassists.com | Brand: 47 | SEO: 5 | Final: 52 | Status: AVAILABLE | Action: REVIEW | Premium: NO | Reg Price: $17.29 | Renew: $17.29
freelancewebmax.com | Brand: 35 | SEO: 5 | Final: 40 | Status: AVAILABLE | Action: REVIEW | Premium: NO | Reg Price: $17.29 | Renew: $17.29

=== SKIP ===
heronandfeather.com | Brand: 27 | SEO: 5 | Final: 32 | Status: AVAILABLE | Action: SKIP | Premium: NO | Reg Price: $17.29 | Renew: $17.29
zlotyy.com | Brand: 5 | SEO: 16 | Final: 21 | Status: AVAILABLE | Action: SKIP | Premium: NO | Reg Price: $17.29 | Renew: $17.29
acupunctureofthesouth.com | Brand: 12 | SEO: 5 | Final: 17 | Status: AVAILABLE | Action: SKIP | Premium: NO | Reg Price: $17.29 | Renew: $17.29
comfortonetransportation.com | Brand: 12 | SEO: 5 | Final: 17 | Status: AVAILABLE | Action: SKIP | Premium: NO | Reg Price: $17.29 | Renew: $17.29
cursossencillosenlinea.com | Brand: 12 | SEO: 5 | Final: 17 | Status: AVAILABLE | Action: SKIP | Premium: NO | Reg Price: $17.29 | Renew: $17.29
chezmicouvuillaumemichel.com | Brand: 12 | SEO: 5 | Final: 17 | Status: AVAILABLE | Action: SKIP | Premium: NO | Reg Price: $17.29 | Renew: $17.29
jhjcleaningservices.com | Brand: 9 | SEO: 5 | Final: 14 | Status: AVAILABLE | Action: SKIP | Premium: NO | Reg Price: $17.29 | Renew: $17.29
pocoojal.com | Brand: -18 | SEO: 16 | Final: -2 | Status: AVAILABLE | Action: SKIP | Premium: NO | Reg Price: $17.29 | Renew: $17.29
lovestrongcremationcenter.com | Brand: -11 | SEO: 5 | Final: -6 | Status: AVAILABLE | Action: SKIP | Premium: NO | Reg Price: $17.29 | Renew: $17.29
pillvideos.com | Brand: -28 | SEO: 9 | Final: -19 | Status: AVAILABLE | Action: SKIP | Premium: NO | Reg Price: $17.29 | Renew: $17.29
taralorenz.com | Brand: -28 | SEO: 9 | Final: -19 | Status: AVAILABLE | Action: SKIP | Premium: NO | Reg Price: $17.29 | Renew: $17.29
fukurin24.com | Brand: -13 | SEO: -6 | Final: -19 | Status: AVAILABLE | Action: SKIP | Premium: NO | Reg Price: $17.29 | Renew: $17.29
shopdern.com | Brand: -40 | SEO: 16 | Final: -24 | Status: AVAILABLE | Action: SKIP | Premium: NO | Reg Price: $17.29 | Renew: $17.29
magicbeadcf.com | Brand: -38 | SEO: 5 | Final: -33 | Status: AVAILABLE | Action: SKIP | Premium: NO | Reg Price: $17.29 | Renew: $17.29
cornford-fitness.com | Brand: -40 | SEO: -10 | Final: -50 | Status: AVAILABLE | Action: SKIP | Premium: NO | Reg Price: $17.29 | Renew: $17.29
flipwhiskey.com | Brand: -60 | SEO: 5 | Final: -55 | Status: AVAILABLE | Action: SKIP | Premium: NO | Reg Price: $17.29 | Renew: $17.29
leadunlocknv.com | Brand: -61 | SEO: 5 | Final: -56 | Status: AVAILABLE | Action: SKIP | Premium: NO | Reg Price: $17.29 | Renew: $17.29
ivygoldexotic.com | Brand: -63 | SEO: 5 | Final: -58 | Status: AVAILABLE | Action: SKIP | Premium: NO | Reg Price: $17.29 | Renew: $17.29
mjstreetwear.com | Brand: -84 | SEO: 5 | Final: -79 | Status: AVAILABLE | Action: SKIP | Premium: NO | Reg Price: $17.29 | Renew: $17.29
brhqkgnrw.com | Brand: -138 | SEO: 9 | Final: -129 | Status: AVAILABLE | Action: SKIP | Premium: NO | Reg Price: $17.29 | Renew: $17.29

=== TAKEN ===
mexarvoza.com | Brand: -28 | SEO: 9 | Final: -19 | Status: NOT AVAILABLE | Action: TAKEN
HTTP status: 200
Page length: 98307
Rows found: 25
Found 25 domains

=== BUY CANDIDATES ===

=== REVIEW MANUALLY ===
dolarrr.com | Brand: 50 | SEO: 16 | Final: 66 | Status: AVAILABLE | Action: REVIEW | Premium: NO | Reg Price: $17.29 | Renew: $17.29
distanciafocalestudio.com | Brand: 55 | SEO: 5 | Final: 60 | Status: AVAILABLE | Action: REVIEW | Premium: NO | Reg Price: $17.29 | Renew: $17.29
readyhomesassists.com | Brand: 47 | SEO: 5 | Final: 52 | Status: AVAILABLE | Action: REVIEW | Premium: NO | Reg Price: $17.29 | Renew: $17.29
freelancewebmax.com | Brand: 35 | SEO: 5 | Final: 40 | Status: AVAILABLE | Action: REVIEW | Premium: NO | Reg Price: $17.29 | Renew: $17.29

=== SKIP ===
heronandfeather.com | Brand: 27 | SEO: 5 | Final: 32 | Status: AVAILABLE | Action: SKIP | Premium: NO | Reg Price: $17.29 | Renew: $17.29
zlotyy.com | Brand: 5 | SEO: 16 | Final: 21 | Status: AVAILABLE | Action: SKIP | Premium: NO | Reg Price: $17.29 | Renew: $17.29
acupunctureofthesouth.com | Brand: 12 | SEO: 5 | Final: 17 | Status: AVAILABLE | Action: SKIP | Premium: NO | Reg Price: $17.29 | Renew: $17.29
comfortonetransportation.com | Brand: 12 | SEO: 5 | Final: 17 | Status: AVAILABLE | Action: SKIP | Premium: NO | Reg Price: $17.29 | Renew: $17.29
cursossencillosenlinea.com | Brand: 12 | SEO: 5 | Final: 17 | Status: AVAILABLE | Action: SKIP | Premium: NO | Reg Price: $17.29 | Renew: $17.29
chezmicouvuillaumemichel.com | Brand: 12 | SEO: 5 | Final: 17 | Status: AVAILABLE | Action: SKIP | Premium: NO | Reg Price: $17.29 | Renew: $17.29
jhjcleaningservices.com | Brand: 9 | SEO: 5 | Final: 14 | Status: AVAILABLE | Action: SKIP | Premium: NO | Reg Price: $17.29 | Renew: $17.29
pocoojal.com | Brand: -18 | SEO: 16 | Final: -2 | Status: AVAILABLE | Action: SKIP | Premium: NO | Reg Price: $17.29 | Renew: $17.29
lovestrongcremationcenter.com | Brand: -11 | SEO: 5 | Final: -6 | Status: AVAILABLE | Action: SKIP | Premium: NO | Reg Price: $17.29 | Renew: $17.29
pillvideos.com | Brand: -28 | SEO: 9 | Final: -19 | Status: AVAILABLE | Action: SKIP | Premium: NO | Reg Price: $17.29 | Renew: $17.29
taralorenz.com | Brand: -28 | SEO: 9 | Final: -19 | Status: AVAILABLE | Action: SKIP | Premium: NO | Reg Price: $17.29 | Renew: $17.29
fukurin24.com | Brand: -13 | SEO: -6 | Final: -19 | Status: AVAILABLE | Action: SKIP | Premium: NO | Reg Price: $17.29 | Renew: $17.29
shopdern.com | Brand: -40 | SEO: 16 | Final: -24 | Status: AVAILABLE | Action: SKIP | Premium: NO | Reg Price: $17.29 | Renew: $17.29
magicbeadcf.com | Brand: -38 | SEO: 5 | Final: -33 | Status: AVAILABLE | Action: SKIP | Premium: NO | Reg Price: $17.29 | Renew: $17.29
cornford-fitness.com | Brand: -40 | SEO: -10 | Final: -50 | Status: AVAILABLE | Action: SKIP | Premium: NO | Reg Price: $17.29 | Renew: $17.29
flipwhiskey.com | Brand: -60 | SEO: 5 | Final: -55 | Status: AVAILABLE | Action: SKIP | Premium: NO | Reg Price: $17.29 | Renew: $17.29
leadunlocknv.com | Brand: -61 | SEO: 5 | Final: -56 | Status: AVAILABLE | Action: SKIP | Premium: NO | Reg Price: $17.29 | Renew: $17.29
ivygoldexotic.com | Brand: -63 | SEO: 5 | Final: -58 | Status: AVAILABLE | Action: SKIP | Premium: NO | Reg Price: $17.29 | Renew: $17.29
mjstreetwear.com | Brand: -84 | SEO: 5 | Final: -79 | Status: AVAILABLE | Action: SKIP | Premium: NO | Reg Price: $17.29 | Renew: $17.29
brhqkgnrw.com | Brand: -138 | SEO: 9 | Final: -129 | Status: AVAILABLE | Action: SKIP | Premium: NO | Reg Price: $17.29 | Renew: $17.29

=== TAKEN ===
mexarvoza.com | Brand: -28 | SEO: 9 | Final: -19 | Status: NOT AVAILABLE | Action: TAKEN
HTTP status: 200
Page length: 98307
Rows found: 25
Found 25 domains

=== BUY CANDIDATES ===

=== REVIEW MANUALLY ===
dolarrr.com | Brand: 50 | SEO: 16 | Final: 66 | Status: AVAILABLE | Action: REVIEW | Premium: NO | Reg Price: $17.29 | Renew: $17.29
distanciafocalestudio.com | Brand: 55 | SEO: 5 | Final: 60 | Status: AVAILABLE | Action: REVIEW | Premium: NO | Reg Price: $17.29 | Renew: $17.29
readyhomesassists.com | Brand: 47 | SEO: 5 | Final: 52 | Status: AVAILABLE | Action: REVIEW | Premium: NO | Reg Price: $17.29 | Renew: $17.29
freelancewebmax.com | Brand: 35 | SEO: 5 | Final: 40 | Status: AVAILABLE | Action: REVIEW | Premium: NO | Reg Price: $17.29 | Renew: $17.29

=== SKIP ===
heronandfeather.com | Brand: 27 | SEO: 5 | Final: 32 | Status: AVAILABLE | Action: SKIP | Premium: NO | Reg Price: $17.29 | Renew: $17.29
zlotyy.com | Brand: 5 | SEO: 16 | Final: 21 | Status: AVAILABLE | Action: SKIP | Premium: NO | Reg Price: $17.29 | Renew: $17.29
acupunctureofthesouth.com | Brand: 12 | SEO: 5 | Final: 17 | Status: AVAILABLE | Action: SKIP | Premium: NO | Reg Price: $17.29 | Renew: $17.29
comfortonetransportation.com | Brand: 12 | SEO: 5 | Final: 17 | Status: AVAILABLE | Action: SKIP | Premium: NO | Reg Price: $17.29 | Renew: $17.29
cursossencillosenlinea.com | Brand: 12 | SEO: 5 | Final: 17 | Status: AVAILABLE | Action: SKIP | Premium: NO | Reg Price: $17.29 | Renew: $17.29
chezmicouvuillaumemichel.com | Brand: 12 | SEO: 5 | Final: 17 | Status: AVAILABLE | Action: SKIP | Premium: NO | Reg Price: $17.29 | Renew: $17.29
jhjcleaningservices.com | Brand: 9 | SEO: 5 | Final: 14 | Status: AVAILABLE | Action: SKIP | Premium: NO | Reg Price: $17.29 | Renew: $17.29
pocoojal.com | Brand: -18 | SEO: 16 | Final: -2 | Status: AVAILABLE | Action: SKIP | Premium: NO | Reg Price: $17.29 | Renew: $17.29
lovestrongcremationcenter.com | Brand: -11 | SEO: 5 | Final: -6 | Status: AVAILABLE | Action: SKIP | Premium: NO | Reg Price: $17.29 | Renew: $17.29
pillvideos.com | Brand: -28 | SEO: 9 | Final: -19 | Status: AVAILABLE | Action: SKIP | Premium: NO | Reg Price: $17.29 | Renew: $17.29
taralorenz.com | Brand: -28 | SEO: 9 | Final: -19 | Status: AVAILABLE | Action: SKIP | Premium: NO | Reg Price: $17.29 | Renew: $17.29
fukurin24.com | Brand: -13 | SEO: -6 | Final: -19 | Status: AVAILABLE | Action: SKIP | Premium: NO | Reg Price: $17.29 | Renew: $17.29
magicbeadcf.com | Brand: -38 | SEO: 5 | Final: -33 | Status: AVAILABLE | Action: SKIP | Premium: NO | Reg Price: $17.29 | Renew: $17.29
cornford-fitness.com | Brand: -40 | SEO: -10 | Final: -50 | Status: AVAILABLE | Action: SKIP | Premium: NO | Reg Price: $17.29 | Renew: $17.29
flipwhiskey.com | Brand: -60 | SEO: 5 | Final: -55 | Status: AVAILABLE | Action: SKIP | Premium: NO | Reg Price: $17.29 | Renew: $17.29
leadunlocknv.com | Brand: -61 | SEO: 5 | Final: -56 | Status: AVAILABLE | Action: SKIP | Premium: NO | Reg Price: $17.29 | Renew: $17.29
ivygoldexotic.com | Brand: -63 | SEO: 5 | Final: -58 | Status: AVAILABLE | Action: SKIP | Premium: NO | Reg Price: $17.29 | Renew: $17.29
mjstreetwear.com | Brand: -84 | SEO: 5 | Final: -79 | Status: AVAILABLE | Action: SKIP | Premium: NO | Reg Price: $17.29 | Renew: $17.29
brhqkgnrw.com | Brand: -138 | SEO: 9 | Final: -129 | Status: AVAILABLE | Action: SKIP | Premium: NO | Reg Price: $17.29 | Renew: $17.29

=== TAKEN ===
mexarvoza.com | Brand: -28 | SEO: 9 | Final: -19 | Status: NOT AVAILABLE | Action: TAKEN
shopdern.com | Brand: -40 | SEO: 16 | Final: -24 | Status: NOT AVAILABLE | Action: TAKEN
HTTP status: 200
Page length: 98307
Rows found: 25
Found 25 domains

=== BUY CANDIDATES ===

=== REVIEW MANUALLY ===
dolarrr.com | Brand: 50 | SEO: 16 | Final: 66 | Status: AVAILABLE | Action: REVIEW | Premium: NO | Reg Price: $17.29 | Renew: $17.29
distanciafocalestudio.com | Brand: 55 | SEO: 5 | Final: 60 | Status: AVAILABLE | Action: REVIEW | Premium: NO | Reg Price: $17.29 | Renew: $17.29
readyhomesassists.com | Brand: 47 | SEO: 5 | Final: 52 | Status: AVAILABLE | Action: REVIEW | Premium: NO | Reg Price: $17.29 | Renew: $17.29
freelancewebmax.com | Brand: 35 | SEO: 5 | Final: 40 | Status: AVAILABLE | Action: REVIEW | Premium: NO | Reg Price: $17.29 | Renew: $17.29

=== SKIP ===
heronandfeather.com | Brand: 27 | SEO: 5 | Final: 32 | Status: AVAILABLE | Action: SKIP | Premium: NO | Reg Price: $17.29 | Renew: $17.29
zlotyy.com | Brand: 5 | SEO: 16 | Final: 21 | Status: AVAILABLE | Action: SKIP | Premium: NO | Reg Price: $17.29 | Renew: $17.29
acupunctureofthesouth.com | Brand: 12 | SEO: 5 | Final: 17 | Status: AVAILABLE | Action: SKIP | Premium: NO | Reg Price: $17.29 | Renew: $17.29
comfortonetransportation.com | Brand: 12 | SEO: 5 | Final: 17 | Status: AVAILABLE | Action: SKIP | Premium: NO | Reg Price: $17.29 | Renew: $17.29
cursossencillosenlinea.com | Brand: 12 | SEO: 5 | Final: 17 | Status: AVAILABLE | Action: SKIP | Premium: NO | Reg Price: $17.29 | Renew: $17.29
chezmicouvuillaumemichel.com | Brand: 12 | SEO: 5 | Final: 17 | Status: AVAILABLE | Action: SKIP | Premium: NO | Reg Price: $17.29 | Renew: $17.29
jhjcleaningservices.com | Brand: 9 | SEO: 5 | Final: 14 | Status: AVAILABLE | Action: SKIP | Premium: NO | Reg Price: $17.29 | Renew: $17.29
pocoojal.com | Brand: -18 | SEO: 16 | Final: -2 | Status: AVAILABLE | Action: SKIP | Premium: NO | Reg Price: $17.29 | Renew: $17.29
lovestrongcremationcenter.com | Brand: -11 | SEO: 5 | Final: -6 | Status: AVAILABLE | Action: SKIP | Premium: NO | Reg Price: $17.29 | Renew: $17.29
pillvideos.com | Brand: -28 | SEO: 9 | Final: -19 | Status: AVAILABLE | Action: SKIP | Premium: NO | Reg Price: $17.29 | Renew: $17.29
taralorenz.com | Brand: -28 | SEO: 9 | Final: -19 | Status: AVAILABLE | Action: SKIP | Premium: NO | Reg Price: $17.29 | Renew: $17.29
fukurin24.com | Brand: -13 | SEO: -6 | Final: -19 | Status: AVAILABLE | Action: SKIP | Premium: NO | Reg Price: $17.29 | Renew: $17.29
magicbeadcf.com | Brand: -38 | SEO: 5 | Final: -33 | Status: AVAILABLE | Action: SKIP | Premium: NO | Reg Price: $17.29 | Renew: $17.29
cornford-fitness.com | Brand: -40 | SEO: -10 | Final: -50 | Status: AVAILABLE | Action: SKIP | Premium: NO | Reg Price: $17.29 | Renew: $17.29
flipwhiskey.com | Brand: -60 | SEO: 5 | Final: -55 | Status: AVAILABLE | Action: SKIP | Premium: NO | Reg Price: $17.29 | Renew: $17.29
leadunlocknv.com | Brand: -61 | SEO: 5 | Final: -56 | Status: AVAILABLE | Action: SKIP | Premium: NO | Reg Price: $17.29 | Renew: $17.29
ivygoldexotic.com | Brand: -63 | SEO: 5 | Final: -58 | Status: AVAILABLE | Action: SKIP | Premium: NO | Reg Price: $17.29 | Renew: $17.29
mjstreetwear.com | Brand: -84 | SEO: 5 | Final: -79 | Status: AVAILABLE | Action: SKIP | Premium: NO | Reg Price: $17.29 | Renew: $17.29
brhqkgnrw.com | Brand: -138 | SEO: 9 | Final: -129 | Status: AVAILABLE | Action: SKIP | Premium: NO | Reg Price: $17.29 | Renew: $17.29

=== TAKEN ===
mexarvoza.com | Brand: -28 | SEO: 9 | Final: -19 | Status: NOT AVAILABLE | Action: TAKEN
shopdern.com | Brand: -40 | SEO: 16 | Final: -24 | Status: NOT AVAILABLE | Action: TAKEN
HTTP status: 200
Page length: 98307
Rows found: 25
Found 25 domains

=== BUY CANDIDATES ===

=== REVIEW MANUALLY ===
dolarrr.com | Brand: 50 | SEO: 16 | Final: 66 | Status: AVAILABLE | Action: REVIEW | Premium: NO | Reg Price: $17.29 | Renew: $17.29
distanciafocalestudio.com | Brand: 55 | SEO: 5 | Final: 60 | Status: AVAILABLE | Action: REVIEW | Premium: NO | Reg Price: $17.29 | Renew: $17.29
readyhomesassists.com | Brand: 47 | SEO: 5 | Final: 52 | Status: AVAILABLE | Action: REVIEW | Premium: NO | Reg Price: $17.29 | Renew: $17.29
freelancewebmax.com | Brand: 35 | SEO: 5 | Final: 40 | Status: AVAILABLE | Action: REVIEW | Premium: NO | Reg Price: $17.29 | Renew: $17.29

=== SKIP ===
heronandfeather.com | Brand: 27 | SEO: 5 | Final: 32 | Status: AVAILABLE | Action: SKIP | Premium: NO | Reg Price: $17.29 | Renew: $17.29
zlotyy.com | Brand: 5 | SEO: 16 | Final: 21 | Status: AVAILABLE | Action: SKIP | Premium: NO | Reg Price: $17.29 | Renew: $17.29
acupunctureofthesouth.com | Brand: 12 | SEO: 5 | Final: 17 | Status: AVAILABLE | Action: SKIP | Premium: NO | Reg Price: $17.29 | Renew: $17.29
comfortonetransportation.com | Brand: 12 | SEO: 5 | Final: 17 | Status: AVAILABLE | Action: SKIP | Premium: NO | Reg Price: $17.29 | Renew: $17.29
cursossencillosenlinea.com | Brand: 12 | SEO: 5 | Final: 17 | Status: AVAILABLE | Action: SKIP | Premium: NO | Reg Price: $17.29 | Renew: $17.29
chezmicouvuillaumemichel.com | Brand: 12 | SEO: 5 | Final: 17 | Status: AVAILABLE | Action: SKIP | Premium: NO | Reg Price: $17.29 | Renew: $17.29
jhjcleaningservices.com | Brand: 9 | SEO: 5 | Final: 14 | Status: AVAILABLE | Action: SKIP | Premium: NO | Reg Price: $17.29 | Renew: $17.29
pocoojal.com | Brand: -18 | SEO: 16 | Final: -2 | Status: AVAILABLE | Action: SKIP | Premium: NO | Reg Price: $17.29 | Renew: $17.29
lovestrongcremationcenter.com | Brand: -11 | SEO: 5 | Final: -6 | Status: AVAILABLE | Action: SKIP | Premium: NO | Reg Price: $17.29 | Renew: $17.29
pillvideos.com | Brand: -28 | SEO: 9 | Final: -19 | Status: AVAILABLE | Action: SKIP | Premium: NO | Reg Price: $17.29 | Renew: $17.29
taralorenz.com | Brand: -28 | SEO: 9 | Final: -19 | Status: AVAILABLE | Action: SKIP | Premium: NO | Reg Price: $17.29 | Renew: $17.29
fukurin24.com | Brand: -13 | SEO: -6 | Final: -19 | Status: AVAILABLE | Action: SKIP | Premium: NO | Reg Price: $17.29 | Renew: $17.29
magicbeadcf.com | Brand: -38 | SEO: 5 | Final: -33 | Status: AVAILABLE | Action: SKIP | Premium: NO | Reg Price: $17.29 | Renew: $17.29
cornford-fitness.com | Brand: -40 | SEO: -10 | Final: -50 | Status: AVAILABLE | Action: SKIP | Premium: NO | Reg Price: $17.29 | Renew: $17.29
flipwhiskey.com | Brand: -60 | SEO: 5 | Final: -55 | Status: AVAILABLE | Action: SKIP | Premium: NO | Reg Price: $17.29 | Renew: $17.29
leadunlocknv.com | Brand: -61 | SEO: 5 | Final: -56 | Status: AVAILABLE | Action: SKIP | Premium: NO | Reg Price: $17.29 | Renew: $17.29
ivygoldexotic.com | Brand: -63 | SEO: 5 | Final: -58 | Status: AVAILABLE | Action: SKIP | Premium: NO | Reg Price: $17.29 | Renew: $17.29
mjstreetwear.com | Brand: -84 | SEO: 5 | Final: -79 | Status: AVAILABLE | Action: SKIP | Premium: NO | Reg Price: $17.29 | Renew: $17.29
brhqkgnrw.com | Brand: -138 | SEO: 9 | Final: -129 | Status: AVAILABLE | Action: SKIP | Premium: NO | Reg Price: $17.29 | Renew: $17.29

=== TAKEN ===
mexarvoza.com | Brand: -28 | SEO: 9 | Final: -19 | Status: NOT AVAILABLE | Action: TAKEN
shopdern.com | Brand: -40 | SEO: 16 | Final: -24 | Status: NOT AVAILABLE | Action: TAKEN
HTTP status: 200
Page length: 98307
Rows found: 25
Found 25 domains

=== BUY CANDIDATES ===

=== REVIEW MANUALLY ===
dolarrr.com | Brand: 50 | SEO: 16 | Final: 66 | Status: AVAILABLE | Action: REVIEW | Premium: NO | Reg Price: $17.29 | Renew: $17.29
distanciafocalestudio.com | Brand: 55 | SEO: 5 | Final: 60 | Status: AVAILABLE | Action: REVIEW | Premium: NO | Reg Price: $17.29 | Renew: $17.29
readyhomesassists.com | Brand: 47 | SEO: 5 | Final: 52 | Status: AVAILABLE | Action: REVIEW | Premium: NO | Reg Price: $17.29 | Renew: $17.29
freelancewebmax.com | Brand: 35 | SEO: 5 | Final: 40 | Status: AVAILABLE | Action: REVIEW | Premium: NO | Reg Price: $17.29 | Renew: $17.29

=== SKIP ===
heronandfeather.com | Brand: 27 | SEO: 5 | Final: 32 | Status: AVAILABLE | Action: SKIP | Premium: NO | Reg Price: $17.29 | Renew: $17.29
zlotyy.com | Brand: 5 | SEO: 16 | Final: 21 | Status: AVAILABLE | Action: SKIP | Premium: NO | Reg Price: $17.29 | Renew: $17.29
acupunctureofthesouth.com | Brand: 12 | SEO: 5 | Final: 17 | Status: AVAILABLE | Action: SKIP | Premium: NO | Reg Price: $17.29 | Renew: $17.29
comfortonetransportation.com | Brand: 12 | SEO: 5 | Final: 17 | Status: AVAILABLE | Action: SKIP | Premium: NO | Reg Price: $17.29 | Renew: $17.29
cursossencillosenlinea.com | Brand: 12 | SEO: 5 | Final: 17 | Status: AVAILABLE | Action: SKIP | Premium: NO | Reg Price: $17.29 | Renew: $17.29
chezmicouvuillaumemichel.com | Brand: 12 | SEO: 5 | Final: 17 | Status: AVAILABLE | Action: SKIP | Premium: NO | Reg Price: $17.29 | Renew: $17.29
jhjcleaningservices.com | Brand: 9 | SEO: 5 | Final: 14 | Status: AVAILABLE | Action: SKIP | Premium: NO | Reg Price: $17.29 | Renew: $17.29
pocoojal.com | Brand: -18 | SEO: 16 | Final: -2 | Status: AVAILABLE | Action: SKIP | Premium: NO | Reg Price: $17.29 | Renew: $17.29
lovestrongcremationcenter.com | Brand: -11 | SEO: 5 | Final: -6 | Status: AVAILABLE | Action: SKIP | Premium: NO | Reg Price: $17.29 | Renew: $17.29
pillvideos.com | Brand: -28 | SEO: 9 | Final: -19 | Status: AVAILABLE | Action: SKIP | Premium: NO | Reg Price: $17.29 | Renew: $17.29
taralorenz.com | Brand: -28 | SEO: 9 | Final: -19 | Status: AVAILABLE | Action: SKIP | Premium: NO | Reg Price: $17.29 | Renew: $17.29
fukurin24.com | Brand: -13 | SEO: -6 | Final: -19 | Status: AVAILABLE | Action: SKIP | Premium: NO | Reg Price: $17.29 | Renew: $17.29
magicbeadcf.com | Brand: -38 | SEO: 5 | Final: -33 | Status: AVAILABLE | Action: SKIP | Premium: NO | Reg Price: $17.29 | Renew: $17.29
cornford-fitness.com | Brand: -40 | SEO: -10 | Final: -50 | Status: AVAILABLE | Action: SKIP | Premium: NO | Reg Price: $17.29 | Renew: $17.29
flipwhiskey.com | Brand: -60 | SEO: 5 | Final: -55 | Status: AVAILABLE | Action: SKIP | Premium: NO | Reg Price: $17.29 | Renew: $17.29
leadunlocknv.com | Brand: -61 | SEO: 5 | Final: -56 | Status: AVAILABLE | Action: SKIP | Premium: NO | Reg Price: $17.29 | Renew: $17.29
ivygoldexotic.com | Brand: -63 | SEO: 5 | Final: -58 | Status: AVAILABLE | Action: SKIP | Premium: NO | Reg Price: $17.29 | Renew: $17.29
mjstreetwear.com | Brand: -84 | SEO: 5 | Final: -79 | Status: AVAILABLE | Action: SKIP | Premium: NO | Reg Price: $17.29 | Renew: $17.29
brhqkgnrw.com | Brand: -138 | SEO: 9 | Final: -129 | Status: AVAILABLE | Action: SKIP | Premium: NO | Reg Price: $17.29 | Renew: $17.29

=== TAKEN ===
mexarvoza.com | Brand: -28 | SEO: 9 | Final: -19 | Status: NOT AVAILABLE | Action: TAKEN
shopdern.com | Brand: -40 | SEO: 16 | Final: -24 | Status: NOT AVAILABLE | Action: TAKEN
HTTP status: 200
Page length: 98243
Rows found: 25
Found 25 domains

=== BUY CANDIDATES ===

=== REVIEW MANUALLY ===
dolarrr.com | Brand: 50 | SEO: 16 | Final: 66 | Status: AVAILABLE | Action: REVIEW | Premium: NO | Reg Price: $17.29 | Renew: $17.29
distanciafocalestudio.com | Brand: 55 | SEO: 5 | Final: 60 | Status: AVAILABLE | Action: REVIEW | Premium: NO | Reg Price: $17.29 | Renew: $17.29
readyhomesassists.com | Brand: 47 | SEO: 5 | Final: 52 | Status: AVAILABLE | Action: REVIEW | Premium: NO | Reg Price: $17.29 | Renew: $17.29
freelancewebmax.com | Brand: 35 | SEO: 5 | Final: 40 | Status: AVAILABLE | Action: REVIEW | Premium: NO | Reg Price: $17.29 | Renew: $17.29

=== SKIP ===
heronandfeather.com | Brand: 27 | SEO: 5 | Final: 32 | Status: AVAILABLE | Action: SKIP | Premium: NO | Reg Price: $17.29 | Renew: $17.29
zlotyy.com | Brand: 5 | SEO: 16 | Final: 21 | Status: AVAILABLE | Action: SKIP | Premium: NO | Reg Price: $17.29 | Renew: $17.29
acupunctureofthesouth.com | Brand: 12 | SEO: 5 | Final: 17 | Status: AVAILABLE | Action: SKIP | Premium: NO | Reg Price: $17.29 | Renew: $17.29
comfortonetransportation.com | Brand: 12 | SEO: 5 | Final: 17 | Status: AVAILABLE | Action: SKIP | Premium: NO | Reg Price: $17.29 | Renew: $17.29
cursossencillosenlinea.com | Brand: 12 | SEO: 5 | Final: 17 | Status: AVAILABLE | Action: SKIP | Premium: NO | Reg Price: $17.29 | Renew: $17.29
chezmicouvuillaumemichel.com | Brand: 12 | SEO: 5 | Final: 17 | Status: AVAILABLE | Action: SKIP | Premium: NO | Reg Price: $17.29 | Renew: $17.29
jhjcleaningservices.com | Brand: 9 | SEO: 5 | Final: 14 | Status: AVAILABLE | Action: SKIP | Premium: NO | Reg Price: $17.29 | Renew: $17.29
lovestrongcremationcenter.com | Brand: -11 | SEO: 5 | Final: -6 | Status: AVAILABLE | Action: SKIP | Premium: NO | Reg Price: $17.29 | Renew: $17.29
pillvideos.com | Brand: -28 | SEO: 9 | Final: -19 | Status: AVAILABLE | Action: SKIP | Premium: NO | Reg Price: $17.29 | Renew: $17.29
taralorenz.com | Brand: -28 | SEO: 9 | Final: -19 | Status: AVAILABLE | Action: SKIP | Premium: NO | Reg Price: $17.29 | Renew: $17.29
fukurin24.com | Brand: -13 | SEO: -6 | Final: -19 | Status: AVAILABLE | Action: SKIP | Premium: NO | Reg Price: $17.29 | Renew: $17.29
magicbeadcf.com | Brand: -38 | SEO: 5 | Final: -33 | Status: AVAILABLE | Action: SKIP | Premium: NO | Reg Price: $17.29 | Renew: $17.29
cornford-fitness.com | Brand: -40 | SEO: -10 | Final: -50 | Status: AVAILABLE | Action: SKIP | Premium: NO | Reg Price: $17.29 | Renew: $17.29
flipwhiskey.com | Brand: -60 | SEO: 5 | Final: -55 | Status: AVAILABLE | Action: SKIP | Premium: NO | Reg Price: $17.29 | Renew: $17.29
leadunlocknv.com | Brand: -61 | SEO: 5 | Final: -56 | Status: AVAILABLE | Action: SKIP | Premium: NO | Reg Price: $17.29 | Renew: $17.29
ivygoldexotic.com | Brand: -63 | SEO: 5 | Final: -58 | Status: AVAILABLE | Action: SKIP | Premium: NO | Reg Price: $17.29 | Renew: $17.29
mjstreetwear.com | Brand: -84 | SEO: 5 | Final: -79 | Status: AVAILABLE | Action: SKIP | Premium: NO | Reg Price: $17.29 | Renew: $17.29
brhqkgnrw.com | Brand: -138 | SEO: 9 | Final: -129 | Status: AVAILABLE | Action: SKIP | Premium: NO | Reg Price: $17.29 | Renew: $17.29

=== TAKEN ===
pocoojal.com | Brand: -18 | SEO: 16 | Final: -2 | Status: NOT AVAILABLE | Action: TAKEN
mexarvoza.com | Brand: -28 | SEO: 9 | Final: -19 | Status: NOT AVAILABLE | Action: TAKEN
shopdern.com | Brand: -40 | SEO: 16 | Final: -24 | Status: NOT AVAILABLE | Action: TAKEN
HTTP status: 200
Page length: 98179
Rows found: 25
Found 25 domains

=== BUY CANDIDATES ===

=== REVIEW MANUALLY ===
dolarrr.com | Brand: 50 | SEO: 16 | Final: 66 | Status: AVAILABLE | Action: REVIEW | Premium: NO | Reg Price: $17.29 | Renew: $17.29
distanciafocalestudio.com | Brand: 55 | SEO: 5 | Final: 60 | Status: AVAILABLE | Action: REVIEW | Premium: NO | Reg Price: $17.29 | Renew: $17.29
readyhomesassists.com | Brand: 47 | SEO: 5 | Final: 52 | Status: AVAILABLE | Action: REVIEW | Premium: NO | Reg Price: $17.29 | Renew: $17.29
freelancewebmax.com | Brand: 35 | SEO: 5 | Final: 40 | Status: AVAILABLE | Action: REVIEW | Premium: NO | Reg Price: $17.29 | Renew: $17.29

=== SKIP ===
heronandfeather.com | Brand: 27 | SEO: 5 | Final: 32 | Status: AVAILABLE | Action: SKIP | Premium: NO | Reg Price: $17.29 | Renew: $17.29
zlotyy.com | Brand: 5 | SEO: 16 | Final: 21 | Status: AVAILABLE | Action: SKIP | Premium: NO | Reg Price: $17.29 | Renew: $17.29
acupunctureofthesouth.com | Brand: 12 | SEO: 5 | Final: 17 | Status: AVAILABLE | Action: SKIP | Premium: NO | Reg Price: $17.29 | Renew: $17.29
comfortonetransportation.com | Brand: 12 | SEO: 5 | Final: 17 | Status: AVAILABLE | Action: SKIP | Premium: NO | Reg Price: $17.29 | Renew: $17.29
cursossencillosenlinea.com | Brand: 12 | SEO: 5 | Final: 17 | Status: AVAILABLE | Action: SKIP | Premium: NO | Reg Price: $17.29 | Renew: $17.29
chezmicouvuillaumemichel.com | Brand: 12 | SEO: 5 | Final: 17 | Status: AVAILABLE | Action: SKIP | Premium: NO | Reg Price: $17.29 | Renew: $17.29
jhjcleaningservices.com | Brand: 9 | SEO: 5 | Final: 14 | Status: AVAILABLE | Action: SKIP | Premium: NO | Reg Price: $17.29 | Renew: $17.29
lovestrongcremationcenter.com | Brand: -11 | SEO: 5 | Final: -6 | Status: AVAILABLE | Action: SKIP | Premium: NO | Reg Price: $17.29 | Renew: $17.29
pillvideos.com | Brand: -28 | SEO: 9 | Final: -19 | Status: AVAILABLE | Action: SKIP | Premium: NO | Reg Price: $17.29 | Renew: $17.29
taralorenz.com | Brand: -28 | SEO: 9 | Final: -19 | Status: AVAILABLE | Action: SKIP | Premium: NO | Reg Price: $17.29 | Renew: $17.29
fukurin24.com | Brand: -13 | SEO: -6 | Final: -19 | Status: AVAILABLE | Action: SKIP | Premium: NO | Reg Price: $17.29 | Renew: $17.29
magicbeadcf.com | Brand: -38 | SEO: 5 | Final: -33 | Status: AVAILABLE | Action: SKIP | Premium: NO | Reg Price: $17.29 | Renew: $17.29
cornford-fitness.com | Brand: -40 | SEO: -10 | Final: -50 | Status: AVAILABLE | Action: SKIP | Premium: NO | Reg Price: $17.29 | Renew: $17.29
flipwhiskey.com | Brand: -60 | SEO: 5 | Final: -55 | Status: AVAILABLE | Action: SKIP | Premium: NO | Reg Price: $17.29 | Renew: $17.29
leadunlocknv.com | Brand: -61 | SEO: 5 | Final: -56 | Status: AVAILABLE | Action: SKIP | Premium: NO | Reg Price: $17.29 | Renew: $17.29
ivygoldexotic.com | Brand: -63 | SEO: 5 | Final: -58 | Status: AVAILABLE | Action: SKIP | Premium: NO | Reg Price: $17.29 | Renew: $17.29
mjstreetwear.com | Brand: -84 | SEO: 5 | Final: -79 | Status: AVAILABLE | Action: SKIP | Premium: NO | Reg Price: $17.29 | Renew: $17.29
brhqkgnrw.com | Brand: -138 | SEO: 9 | Final: -129 | Status: AVAILABLE | Action: SKIP | Premium: NO | Reg Price: $17.29 | Renew: $17.29

=== TAKEN ===
pocoojal.com | Brand: -18 | SEO: 16 | Final: -2 | Status: NOT AVAILABLE | Action: TAKEN
mexarvoza.com | Brand: -28 | SEO: 9 | Final: -19 | Status: NOT AVAILABLE | Action: TAKEN
shopdern.com | Brand: -40 | SEO: 16 | Final: -24 | Status: NOT AVAILABLE | Action: TAKEN
HTTP status: 200
Page length: 98179
Rows found: 25
Found 25 domains

=== BUY CANDIDATES ===

=== REVIEW MANUALLY ===
dolarrr.com | Brand: 50 | SEO: 16 | Final: 66 | Status: AVAILABLE | Action: REVIEW | Premium: NO | Reg Price: $17.29 | Renew: $17.29
distanciafocalestudio.com | Brand: 55 | SEO: 5 | Final: 60 | Status: AVAILABLE | Action: REVIEW | Premium: NO | Reg Price: $17.29 | Renew: $17.29
readyhomesassists.com | Brand: 47 | SEO: 5 | Final: 52 | Status: AVAILABLE | Action: REVIEW | Premium: NO | Reg Price: $17.29 | Renew: $17.29
freelancewebmax.com | Brand: 35 | SEO: 5 | Final: 40 | Status: AVAILABLE | Action: REVIEW | Premium: NO | Reg Price: $17.29 | Renew: $17.29

=== SKIP ===
heronandfeather.com | Brand: 27 | SEO: 5 | Final: 32 | Status: AVAILABLE | Action: SKIP | Premium: NO | Reg Price: $17.29 | Renew: $17.29
acupunctureofthesouth.com | Brand: 12 | SEO: 5 | Final: 17 | Status: AVAILABLE | Action: SKIP | Premium: NO | Reg Price: $17.29 | Renew: $17.29
comfortonetransportation.com | Brand: 12 | SEO: 5 | Final: 17 | Status: AVAILABLE | Action: SKIP | Premium: NO | Reg Price: $17.29 | Renew: $17.29
cursossencillosenlinea.com | Brand: 12 | SEO: 5 | Final: 17 | Status: AVAILABLE | Action: SKIP | Premium: NO | Reg Price: $17.29 | Renew: $17.29
chezmicouvuillaumemichel.com | Brand: 12 | SEO: 5 | Final: 17 | Status: AVAILABLE | Action: SKIP | Premium: NO | Reg Price: $17.29 | Renew: $17.29
jhjcleaningservices.com | Brand: 9 | SEO: 5 | Final: 14 | Status: AVAILABLE | Action: SKIP | Premium: NO | Reg Price: $17.29 | Renew: $17.29
lovestrongcremationcenter.com | Brand: -11 | SEO: 5 | Final: -6 | Status: AVAILABLE | Action: SKIP | Premium: NO | Reg Price: $17.29 | Renew: $17.29
pillvideos.com | Brand: -28 | SEO: 9 | Final: -19 | Status: AVAILABLE | Action: SKIP | Premium: NO | Reg Price: $17.29 | Renew: $17.29
taralorenz.com | Brand: -28 | SEO: 9 | Final: -19 | Status: AVAILABLE | Action: SKIP | Premium: NO | Reg Price: $17.29 | Renew: $17.29
fukurin24.com | Brand: -13 | SEO: -6 | Final: -19 | Status: AVAILABLE | Action: SKIP | Premium: NO | Reg Price: $17.29 | Renew: $17.29
magicbeadcf.com | Brand: -38 | SEO: 5 | Final: -33 | Status: AVAILABLE | Action: SKIP | Premium: NO | Reg Price: $17.29 | Renew: $17.29
cornford-fitness.com | Brand: -40 | SEO: -10 | Final: -50 | Status: AVAILABLE | Action: SKIP | Premium: NO | Reg Price: $17.29 | Renew: $17.29
flipwhiskey.com | Brand: -60 | SEO: 5 | Final: -55 | Status: AVAILABLE | Action: SKIP | Premium: NO | Reg Price: $17.29 | Renew: $17.29
leadunlocknv.com | Brand: -61 | SEO: 5 | Final: -56 | Status: AVAILABLE | Action: SKIP | Premium: NO | Reg Price: $17.29 | Renew: $17.29
ivygoldexotic.com | Brand: -63 | SEO: 5 | Final: -58 | Status: AVAILABLE | Action: SKIP | Premium: NO | Reg Price: $17.29 | Renew: $17.29
mjstreetwear.com | Brand: -84 | SEO: 5 | Final: -79 | Status: AVAILABLE | Action: SKIP | Premium: NO | Reg Price: $17.29 | Renew: $17.29
brhqkgnrw.com | Brand: -138 | SEO: 9 | Final: -129 | Status: AVAILABLE | Action: SKIP | Premium: NO | Reg Price: $17.29 | Renew: $17.29

=== TAKEN ===
zlotyy.com | Brand: 5 | SEO: 16 | Final: 21 | Status: NOT AVAILABLE | Action: TAKEN
pocoojal.com | Brand: -18 | SEO: 16 | Final: -2 | Status: NOT AVAILABLE | Action: TAKEN
mexarvoza.com | Brand: -28 | SEO: 9 | Final: -19 | Status: NOT AVAILABLE | Action: TAKEN
shopdern.com | Brand: -40 | SEO: 16 | Final: -24 | Status: NOT AVAILABLE | Action: TAKEN
HTTP status: 200
Page length: 98179
Rows found: 25
Found 25 domains

=== BUY CANDIDATES ===

=== REVIEW MANUALLY ===

=== SKIP ===

=== TAKEN ===

=== UNKNOWN ===
dolarrr.com | Brand: 50 | SEO: 16 | Final: 66 | Status: UNKNOWN | Action: UNKNOWN | ERROR: NameSilo API error 210: Misuse of API
distanciafocalestudio.com | Brand: 55 | SEO: 5 | Final: 60 | Status: UNKNOWN | Action: UNKNOWN | ERROR: NameSilo API error 210: Misuse of API
readyhomesassists.com | Brand: 47 | SEO: 5 | Final: 52 | Status: UNKNOWN | Action: UNKNOWN | ERROR: NameSilo API error 210: Misuse of API
freelancewebmax.com | Brand: 35 | SEO: 5 | Final: 40 | Status: UNKNOWN | Action: UNKNOWN | ERROR: NameSilo API error 210: Misuse of API
heronandfeather.com | Brand: 27 | SEO: 5 | Final: 32 | Status: UNKNOWN | Action: UNKNOWN | ERROR: NameSilo API error 210: Misuse of API
zlotyy.com | Brand: 5 | SEO: 16 | Final: 21 | Status: UNKNOWN | Action: UNKNOWN | ERROR: NameSilo API error 210: Misuse of API
acupunctureofthesouth.com | Brand: 12 | SEO: 5 | Final: 17 | Status: UNKNOWN | Action: UNKNOWN | ERROR: NameSilo API error 210: Misuse of API
comfortonetransportation.com | Brand: 12 | SEO: 5 | Final: 17 | Status: UNKNOWN | Action: UNKNOWN | ERROR: NameSilo API error 210: Misuse of API
cursossencillosenlinea.com | Brand: 12 | SEO: 5 | Final: 17 | Status: UNKNOWN | Action: UNKNOWN | ERROR: NameSilo API error 210: Misuse of API
chezmicouvuillaumemichel.com | Brand: 12 | SEO: 5 | Final: 17 | Status: UNKNOWN | Action: UNKNOWN | ERROR: NameSilo API error 210: Misuse of API
jhjcleaningservices.com | Brand: 9 | SEO: 5 | Final: 14 | Status: UNKNOWN | Action: UNKNOWN | ERROR: NameSilo API error 210: Misuse of API
pocoojal.com | Brand: -18 | SEO: 16 | Final: -2 | Status: UNKNOWN | Action: UNKNOWN | ERROR: NameSilo API error 210: Misuse of API
lovestrongcremationcenter.com | Brand: -11 | SEO: 5 | Final: -6 | Status: UNKNOWN | Action: UNKNOWN | ERROR: NameSilo API error 210: Misuse of API
pillvideos.com | Brand: -28 | SEO: 9 | Final: -19 | Status: UNKNOWN | Action: UNKNOWN | ERROR: NameSilo API error 210: Misuse of API
taralorenz.com | Brand: -28 | SEO: 9 | Final: -19 | Status: UNKNOWN | Action: UNKNOWN | ERROR: NameSilo API error 210: Misuse of API
mexarvoza.com | Brand: -28 | SEO: 9 | Final: -19 | Status: UNKNOWN | Action: UNKNOWN | ERROR: NameSilo API error 210: Misuse of API
fukurin24.com | Brand: -13 | SEO: -6 | Final: -19 | Status: UNKNOWN | Action: UNKNOWN | ERROR: NameSilo API error 210: Misuse of API
shopdern.com | Brand: -40 | SEO: 16 | Final: -24 | Status: UNKNOWN | Action: UNKNOWN | ERROR: NameSilo API error 210: Misuse of API
magicbeadcf.com | Brand: -38 | SEO: 5 | Final: -33 | Status: UNKNOWN | Action: UNKNOWN | ERROR: NameSilo API error 210: Misuse of API
cornford-fitness.com | Brand: -40 | SEO: -10 | Final: -50 | Status: UNKNOWN | Action: UNKNOWN | ERROR: NameSilo API error 210: Misuse of API
flipwhiskey.com | Brand: -60 | SEO: 5 | Final: -55 | Status: UNKNOWN | Action: UNKNOWN | ERROR: NameSilo API error 210: Misuse of API
leadunlocknv.com | Brand: -61 | SEO: 5 | Final: -56 | Status: UNKNOWN | Action: UNKNOWN | ERROR: NameSilo API error 210: Misuse of API
ivygoldexotic.com | Brand: -63 | SEO: 5 | Final: -58 | Status: UNKNOWN | Action: UNKNOWN | ERROR: NameSilo API error 210: Misuse of API
mjstreetwear.com | Brand: -84 | SEO: 5 | Final: -79 | Status: UNKNOWN | Action: UNKNOWN | ERROR: NameSilo API error 210: Misuse of API
brhqkgnrw.com | Brand: -138 | SEO: 9 | Final: -129 | Status: UNKNOWN | Action: UNKNOWN | ERROR: NameSilo API error 210: Misuse of API
HTTP status: 200
Page length: 98179
Rows found: 25
Found 25 domains

=== BUY CANDIDATES ===

=== REVIEW MANUALLY ===

=== SKIP ===

=== TAKEN ===

=== UNKNOWN ===
dolarrr.com | Brand: 50 | SEO: 16 | Final: 66 | Status: UNKNOWN | Action: UNKNOWN | ERROR: NameSilo API error 210: Misuse of API
distanciafocalestudio.com | Brand: 55 | SEO: 5 | Final: 60 | Status: UNKNOWN | Action: UNKNOWN | ERROR: NameSilo API error 210: Misuse of API
readyhomesassists.com | Brand: 47 | SEO: 5 | Final: 52 | Status: UNKNOWN | Action: UNKNOWN | ERROR: NameSilo API error 210: Misuse of API
freelancewebmax.com | Brand: 35 | SEO: 5 | Final: 40 | Status: UNKNOWN | Action: UNKNOWN | ERROR: NameSilo API error 210: Misuse of API
heronandfeather.com | Brand: 27 | SEO: 5 | Final: 32 | Status: UNKNOWN | Action: UNKNOWN | ERROR: NameSilo API error 210: Misuse of API
zlotyy.com | Brand: 5 | SEO: 16 | Final: 21 | Status: UNKNOWN | Action: UNKNOWN | ERROR: NameSilo API error 210: Misuse of API
acupunctureofthesouth.com | Brand: 12 | SEO: 5 | Final: 17 | Status: UNKNOWN | Action: UNKNOWN | ERROR: NameSilo API error 210: Misuse of API
comfortonetransportation.com | Brand: 12 | SEO: 5 | Final: 17 | Status: UNKNOWN | Action: UNKNOWN | ERROR: NameSilo API error 210: Misuse of API
cursossencillosenlinea.com | Brand: 12 | SEO: 5 | Final: 17 | Status: UNKNOWN | Action: UNKNOWN | ERROR: NameSilo API error 210: Misuse of API
chezmicouvuillaumemichel.com | Brand: 12 | SEO: 5 | Final: 17 | Status: UNKNOWN | Action: UNKNOWN | ERROR: NameSilo API error 210: Misuse of API
jhjcleaningservices.com | Brand: 9 | SEO: 5 | Final: 14 | Status: UNKNOWN | Action: UNKNOWN | ERROR: NameSilo API error 210: Misuse of API
pocoojal.com | Brand: -18 | SEO: 16 | Final: -2 | Status: UNKNOWN | Action: UNKNOWN | ERROR: NameSilo API error 210: Misuse of API
lovestrongcremationcenter.com | Brand: -11 | SEO: 5 | Final: -6 | Status: UNKNOWN | Action: UNKNOWN | ERROR: NameSilo API error 210: Misuse of API
pillvideos.com | Brand: -28 | SEO: 9 | Final: -19 | Status: UNKNOWN | Action: UNKNOWN | ERROR: NameSilo API error 210: Misuse of API
taralorenz.com | Brand: -28 | SEO: 9 | Final: -19 | Status: UNKNOWN | Action: UNKNOWN | ERROR: NameSilo API error 210: Misuse of API
mexarvoza.com | Brand: -28 | SEO: 9 | Final: -19 | Status: UNKNOWN | Action: UNKNOWN | ERROR: NameSilo API error 210: Misuse of API
fukurin24.com | Brand: -13 | SEO: -6 | Final: -19 | Status: UNKNOWN | Action: UNKNOWN | ERROR: NameSilo API error 210: Misuse of API
shopdern.com | Brand: -40 | SEO: 16 | Final: -24 | Status: UNKNOWN | Action: UNKNOWN | ERROR: NameSilo API error 210: Misuse of API
magicbeadcf.com | Brand: -38 | SEO: 5 | Final: -33 | Status: UNKNOWN | Action: UNKNOWN | ERROR: NameSilo API error 210: Misuse of API
cornford-fitness.com | Brand: -40 | SEO: -10 | Final: -50 | Status: UNKNOWN | Action: UNKNOWN | ERROR: NameSilo API error 210: Misuse of API
flipwhiskey.com | Brand: -60 | SEO: 5 | Final: -55 | Status: UNKNOWN | Action: UNKNOWN | ERROR: NameSilo API error 210: Misuse of API
leadunlocknv.com | Brand: -61 | SEO: 5 | Final: -56 | Status: UNKNOWN | Action: UNKNOWN | ERROR: NameSilo API error 210: Misuse of API
ivygoldexotic.com | Brand: -63 | SEO: 5 | Final: -58 | Status: UNKNOWN | Action: UNKNOWN | ERROR: NameSilo API error 210: Misuse of API
mjstreetwear.com | Brand: -84 | SEO: 5 | Final: -79 | Status: UNKNOWN | Action: UNKNOWN | ERROR: NameSilo API error 210: Misuse of API
brhqkgnrw.com | Brand: -138 | SEO: 9 | Final: -129 | Status: UNKNOWN | Action: UNKNOWN | ERROR: NameSilo API error 210: Misuse of API
HTTP status: 200
Page length: 97505
Rows found: 25
Found 25 domains

=== BUY CANDIDATES ===

=== REVIEW MANUALLY ===
haohai-tech.com | Brand: 52 | SEO: 17 | Final: 69 | Status: AVAILABLE | Action: REVIEW | Premium: NO | Reg Price: $17.29 | Renew: $17.29
marsbub.com | Brand: 50 | SEO: 16 | Final: 66 | Status: AVAILABLE | Action: REVIEW | Premium: NO | Reg Price: $17.29 | Renew: $17.29

=== SKIP ===
etech-b-v.com | Brand: 30 | SEO: 8 | Final: 38 | Status: AVAILABLE | Action: SKIP | Premium: NO | Reg Price: $17.29 | Renew: $17.29
getgoldnecklace.com | Brand: 27 | SEO: 5 | Final: 32 | Status: AVAILABLE | Action: SKIP | Premium: NO | Reg Price: $17.29 | Renew: $17.29
buyinternacional.com | Brand: 12 | SEO: 5 | Final: 17 | Status: AVAILABLE | Action: SKIP | Premium: NO | Reg Price: $17.29 | Renew: $17.29
anticamasseriagenito.com | Brand: 12 | SEO: 5 | Final: 17 | Status: AVAILABLE | Action: SKIP | Premium: NO | Reg Price: $17.29 | Renew: $17.29
okvip-aa.com | Brand: 15 | SEO: 1 | Final: 16 | Status: AVAILABLE | Action: SKIP | Premium: NO | Reg Price: $17.29 | Renew: $17.29
athena-knows.com | Brand: 22 | SEO: -10 | Final: 12 | Status: AVAILABLE | Action: SKIP | Premium: NO | Reg Price: $17.29 | Renew: $17.29
haru-yangsik.com | Brand: 22 | SEO: -10 | Final: 12 | Status: AVAILABLE | Action: SKIP | Premium: NO | Reg Price: $17.29 | Renew: $17.29
lakewoodtypingacademy.com | Brand: -11 | SEO: 5 | Final: -6 | Status: AVAILABLE | Action: SKIP | Premium: NO | Reg Price: $17.29 | Renew: $17.29
tdlogin-secure.com | Brand: -3 | SEO: -10 | Final: -13 | Status: AVAILABLE | Action: SKIP | Premium: NO | Reg Price: $17.29 | Renew: $17.29
archibana.com | Brand: -28 | SEO: 9 | Final: -19 | Status: AVAILABLE | Action: SKIP | Premium: NO | Reg Price: $17.29 | Renew: $17.29
hamiemie.com | Brand: -40 | SEO: 16 | Final: -24 | Status: AVAILABLE | Action: SKIP | Premium: NO | Reg Price: $17.29 | Renew: $17.29
feiyuwei.com | Brand: -40 | SEO: 16 | Final: -24 | Status: AVAILABLE | Action: SKIP | Premium: NO | Reg Price: $17.29 | Renew: $17.29
farrdigital.com | Brand: -30 | SEO: 5 | Final: -25 | Status: AVAILABLE | Action: SKIP | Premium: NO | Reg Price: $17.29 | Renew: $17.29
ae789-bb.com | Brand: -33 | SEO: 1 | Final: -32 | Status: AVAILABLE | Action: SKIP | Premium: NO | Reg Price: $17.29 | Renew: $17.29
1bot-aa.com | Brand: -33 | SEO: 1 | Final: -32 | Status: AVAILABLE | Action: SKIP | Premium: NO | Reg Price: $17.29 | Renew: $17.29
hiredvuelta.com | Brand: -38 | SEO: 5 | Final: -33 | Status: AVAILABLE | Action: SKIP | Premium: NO | Reg Price: $17.29 | Renew: $17.29
902cs3c.com | Brand: -35 | SEO: 1 | Final: -34 | Status: AVAILABLE | Action: SKIP | Premium: NO | Reg Price: $17.29 | Renew: $17.29
aog88-aa.com | Brand: -55 | SEO: 1 | Final: -54 | Status: AVAILABLE | Action: SKIP | Premium: NO | Reg Price: $17.29 | Renew: $17.29
gz5dok.com | Brand: -60 | SEO: 1 | Final: -59 | Status: AVAILABLE | Action: SKIP | Premium: NO | Reg Price: $17.29 | Renew: $17.29
corporacionfjc.com | Brand: -86 | SEO: 5 | Final: -81 | Status: AVAILABLE | Action: SKIP | Premium: NO | Reg Price: $17.29 | Renew: $17.29
heymbfpqe.com | Brand: -104 | SEO: 9 | Final: -95 | Status: AVAILABLE | Action: SKIP | Premium: NO | Reg Price: $17.29 | Renew: $17.29
threadandspark.com | Brand: -108 | SEO: 5 | Final: -103 | Status: AVAILABLE | Action: SKIP | Premium: NO | Reg Price: $17.29 | Renew: $17.29
glowbyjyj.com | Brand: -114 | SEO: 9 | Final: -105 | Status: AVAILABLE | Action: SKIP | Premium: NO | Reg Price: $17.29 | Renew: $17.29

=== TAKEN ===
HTTP status: 200
Page length: 97566
Rows found: 25
Found 25 domains

=== BUY CANDIDATES ===

=== REVIEW MANUALLY ===
haohai-tech.com | Brand: 52 | SEO: 17 | Final: 69 | Status: AVAILABLE | Action: REVIEW | Premium: NO | Reg Price: $17.29 | Renew: $17.29
ahmedms.com | Brand: 50 | SEO: 16 | Final: 66 | Status: AVAILABLE | Action: REVIEW | Premium: NO | Reg Price: $17.29 | Renew: $17.29
beenwaitingforthis.com | Brand: 47 | SEO: 16 | Final: 63 | Status: AVAILABLE | Action: REVIEW | Premium: NO | Reg Price: $17.29 | Renew: $17.29

=== SKIP ===
etech-b-v.com | Brand: 30 | SEO: 8 | Final: 38 | Status: AVAILABLE | Action: SKIP | Premium: NO | Reg Price: $17.29 | Renew: $17.29
getgoldnecklace.com | Brand: 27 | SEO: 5 | Final: 32 | Status: AVAILABLE | Action: SKIP | Premium: NO | Reg Price: $17.29 | Renew: $17.29
saratogaconcierge.com | Brand: 12 | SEO: 5 | Final: 17 | Status: AVAILABLE | Action: SKIP | Premium: NO | Reg Price: $17.29 | Renew: $17.29
buyinternacional.com | Brand: 12 | SEO: 5 | Final: 17 | Status: AVAILABLE | Action: SKIP | Premium: NO | Reg Price: $17.29 | Renew: $17.29
anticamasseriagenito.com | Brand: 12 | SEO: 5 | Final: 17 | Status: AVAILABLE | Action: SKIP | Premium: NO | Reg Price: $17.29 | Renew: $17.29
okvip-aa.com | Brand: 15 | SEO: 1 | Final: 16 | Status: AVAILABLE | Action: SKIP | Premium: NO | Reg Price: $17.29 | Renew: $17.29
athena-knows.com | Brand: 22 | SEO: -10 | Final: 12 | Status: AVAILABLE | Action: SKIP | Premium: NO | Reg Price: $17.29 | Renew: $17.29
internetbusinessworkshop.com | Brand: -11 | SEO: 5 | Final: -6 | Status: AVAILABLE | Action: SKIP | Premium: NO | Reg Price: $17.29 | Renew: $17.29
wissingconstruction.com | Brand: -11 | SEO: 5 | Final: -6 | Status: AVAILABLE | Action: SKIP | Premium: NO | Reg Price: $17.29 | Renew: $17.29
lakewoodtypingacademy.com | Brand: -11 | SEO: 5 | Final: -6 | Status: AVAILABLE | Action: SKIP | Premium: NO | Reg Price: $17.29 | Renew: $17.29
archibana.com | Brand: -28 | SEO: 9 | Final: -19 | Status: AVAILABLE | Action: SKIP | Premium: NO | Reg Price: $17.29 | Renew: $17.29
hamiemie.com | Brand: -40 | SEO: 16 | Final: -24 | Status: AVAILABLE | Action: SKIP | Premium: NO | Reg Price: $17.29 | Renew: $17.29
feiyuwei.com | Brand: -40 | SEO: 16 | Final: -24 | Status: AVAILABLE | Action: SKIP | Premium: NO | Reg Price: $17.29 | Renew: $17.29
farrdigital.com | Brand: -30 | SEO: 5 | Final: -25 | Status: AVAILABLE | Action: SKIP | Premium: NO | Reg Price: $17.29 | Renew: $17.29
ae789-bb.com | Brand: -33 | SEO: 1 | Final: -32 | Status: AVAILABLE | Action: SKIP | Premium: NO | Reg Price: $17.29 | Renew: $17.29
1bot-aa.com | Brand: -33 | SEO: 1 | Final: -32 | Status: AVAILABLE | Action: SKIP | Premium: NO | Reg Price: $17.29 | Renew: $17.29
thetubeguys.com | Brand: -38 | SEO: 5 | Final: -33 | Status: AVAILABLE | Action: SKIP | Premium: NO | Reg Price: $17.29 | Renew: $17.29
hiredvuelta.com | Brand: -38 | SEO: 5 | Final: -33 | Status: AVAILABLE | Action: SKIP | Premium: NO | Reg Price: $17.29 | Renew: $17.29
aog88-aa.com | Brand: -55 | SEO: 1 | Final: -54 | Status: AVAILABLE | Action: SKIP | Premium: NO | Reg Price: $17.29 | Renew: $17.29
gz5dok.com | Brand: -60 | SEO: 1 | Final: -59 | Status: AVAILABLE | Action: SKIP | Premium: NO | Reg Price: $17.29 | Renew: $17.29
corporacionfjc.com | Brand: -86 | SEO: 5 | Final: -81 | Status: AVAILABLE | Action: SKIP | Premium: NO | Reg Price: $17.29 | Renew: $17.29
glowbyjyj.com | Brand: -114 | SEO: 9 | Final: -105 | Status: AVAILABLE | Action: SKIP | Premium: NO | Reg Price: $17.29 | Renew: $17.29

=== TAKEN ===
HTTP status: 200
Page length: 97566
Rows found: 25
Found 25 domains

=== BUY CANDIDATES ===

=== REVIEW MANUALLY ===
haohai-tech.com | Brand: 52 | SEO: 17 | Final: 69 | Status: AVAILABLE | Action: REVIEW | Premium: NO | Reg Price: $17.29 | Renew: $17.29
ahmedms.com | Brand: 50 | SEO: 16 | Final: 66 | Status: AVAILABLE | Action: REVIEW | Premium: NO | Reg Price: $17.29 | Renew: $17.29
beenwaitingforthis.com | Brand: 47 | SEO: 16 | Final: 63 | Status: AVAILABLE | Action: REVIEW | Premium: NO | Reg Price: $17.29 | Renew: $17.29

=== SKIP ===
etech-b-v.com | Brand: 30 | SEO: 8 | Final: 38 | Status: AVAILABLE | Action: SKIP | Premium: NO | Reg Price: $17.29 | Renew: $17.29
getgoldnecklace.com | Brand: 27 | SEO: 5 | Final: 32 | Status: AVAILABLE | Action: SKIP | Premium: NO | Reg Price: $17.29 | Renew: $17.29
saratogaconcierge.com | Brand: 12 | SEO: 5 | Final: 17 | Status: AVAILABLE | Action: SKIP | Premium: NO | Reg Price: $17.29 | Renew: $17.29
buyinternacional.com | Brand: 12 | SEO: 5 | Final: 17 | Status: AVAILABLE | Action: SKIP | Premium: NO | Reg Price: $17.29 | Renew: $17.29
anticamasseriagenito.com | Brand: 12 | SEO: 5 | Final: 17 | Status: AVAILABLE | Action: SKIP | Premium: NO | Reg Price: $17.29 | Renew: $17.29
okvip-aa.com | Brand: 15 | SEO: 1 | Final: 16 | Status: AVAILABLE | Action: SKIP | Premium: NO | Reg Price: $17.29 | Renew: $17.29
athena-knows.com | Brand: 22 | SEO: -10 | Final: 12 | Status: AVAILABLE | Action: SKIP | Premium: NO | Reg Price: $17.29 | Renew: $17.29
internetbusinessworkshop.com | Brand: -11 | SEO: 5 | Final: -6 | Status: AVAILABLE | Action: SKIP | Premium: NO | Reg Price: $17.29 | Renew: $17.29
wissingconstruction.com | Brand: -11 | SEO: 5 | Final: -6 | Status: AVAILABLE | Action: SKIP | Premium: NO | Reg Price: $17.29 | Renew: $17.29
lakewoodtypingacademy.com | Brand: -11 | SEO: 5 | Final: -6 | Status: AVAILABLE | Action: SKIP | Premium: NO | Reg Price: $17.29 | Renew: $17.29
archibana.com | Brand: -28 | SEO: 9 | Final: -19 | Status: AVAILABLE | Action: SKIP | Premium: NO | Reg Price: $17.29 | Renew: $17.29
hamiemie.com | Brand: -40 | SEO: 16 | Final: -24 | Status: AVAILABLE | Action: SKIP | Premium: NO | Reg Price: $17.29 | Renew: $17.29
feiyuwei.com | Brand: -40 | SEO: 16 | Final: -24 | Status: AVAILABLE | Action: SKIP | Premium: NO | Reg Price: $17.29 | Renew: $17.29
farrdigital.com | Brand: -30 | SEO: 5 | Final: -25 | Status: AVAILABLE | Action: SKIP | Premium: NO | Reg Price: $17.29 | Renew: $17.29
ae789-bb.com | Brand: -33 | SEO: 1 | Final: -32 | Status: AVAILABLE | Action: SKIP | Premium: NO | Reg Price: $17.29 | Renew: $17.29
1bot-aa.com | Brand: -33 | SEO: 1 | Final: -32 | Status: AVAILABLE | Action: SKIP | Premium: NO | Reg Price: $17.29 | Renew: $17.29
thetubeguys.com | Brand: -38 | SEO: 5 | Final: -33 | Status: AVAILABLE | Action: SKIP | Premium: NO | Reg Price: $17.29 | Renew: $17.29
hiredvuelta.com | Brand: -38 | SEO: 5 | Final: -33 | Status: AVAILABLE | Action: SKIP | Premium: NO | Reg Price: $17.29 | Renew: $17.29
aog88-aa.com | Brand: -55 | SEO: 1 | Final: -54 | Status: AVAILABLE | Action: SKIP | Premium: NO | Reg Price: $17.29 | Renew: $17.29
gz5dok.com | Brand: -60 | SEO: 1 | Final: -59 | Status: AVAILABLE | Action: SKIP | Premium: NO | Reg Price: $17.29 | Renew: $17.29
corporacionfjc.com | Brand: -86 | SEO: 5 | Final: -81 | Status: AVAILABLE | Action: SKIP | Premium: NO | Reg Price: $17.29 | Renew: $17.29
glowbyjyj.com | Brand: -114 | SEO: 9 | Final: -105 | Status: AVAILABLE | Action: SKIP | Premium: NO | Reg Price: $17.29 | Renew: $17.29

=== TAKEN ===
HTTP status: 200
Page length: 97566
Rows found: 25
Found 25 domains

=== BUY CANDIDATES ===

=== REVIEW MANUALLY ===
haohai-tech.com | Brand: 52 | SEO: 17 | Final: 69 | Status: AVAILABLE | Action: REVIEW | Premium: NO | Reg Price: $17.29 | Renew: $17.29
ahmedms.com | Brand: 50 | SEO: 16 | Final: 66 | Status: AVAILABLE | Action: REVIEW | Premium: NO | Reg Price: $17.29 | Renew: $17.29
beenwaitingforthis.com | Brand: 47 | SEO: 16 | Final: 63 | Status: AVAILABLE | Action: REVIEW | Premium: NO | Reg Price: $17.29 | Renew: $17.29

=== SKIP ===
etech-b-v.com | Brand: 30 | SEO: 8 | Final: 38 | Status: AVAILABLE | Action: SKIP | Premium: NO | Reg Price: $17.29 | Renew: $17.29
getgoldnecklace.com | Brand: 27 | SEO: 5 | Final: 32 | Status: AVAILABLE | Action: SKIP | Premium: NO | Reg Price: $17.29 | Renew: $17.29
saratogaconcierge.com | Brand: 12 | SEO: 5 | Final: 17 | Status: AVAILABLE | Action: SKIP | Premium: NO | Reg Price: $17.29 | Renew: $17.29
buyinternacional.com | Brand: 12 | SEO: 5 | Final: 17 | Status: AVAILABLE | Action: SKIP | Premium: NO | Reg Price: $17.29 | Renew: $17.29
anticamasseriagenito.com | Brand: 12 | SEO: 5 | Final: 17 | Status: AVAILABLE | Action: SKIP | Premium: NO | Reg Price: $17.29 | Renew: $17.29
okvip-aa.com | Brand: 15 | SEO: 1 | Final: 16 | Status: AVAILABLE | Action: SKIP | Premium: NO | Reg Price: $17.29 | Renew: $17.29
athena-knows.com | Brand: 22 | SEO: -10 | Final: 12 | Status: AVAILABLE | Action: SKIP | Premium: NO | Reg Price: $17.29 | Renew: $17.29
internetbusinessworkshop.com | Brand: -11 | SEO: 5 | Final: -6 | Status: AVAILABLE | Action: SKIP | Premium: NO | Reg Price: $17.29 | Renew: $17.29
wissingconstruction.com | Brand: -11 | SEO: 5 | Final: -6 | Status: AVAILABLE | Action: SKIP | Premium: NO | Reg Price: $17.29 | Renew: $17.29
lakewoodtypingacademy.com | Brand: -11 | SEO: 5 | Final: -6 | Status: AVAILABLE | Action: SKIP | Premium: NO | Reg Price: $17.29 | Renew: $17.29
archibana.com | Brand: -28 | SEO: 9 | Final: -19 | Status: AVAILABLE | Action: SKIP | Premium: NO | Reg Price: $17.29 | Renew: $17.29
hamiemie.com | Brand: -40 | SEO: 16 | Final: -24 | Status: AVAILABLE | Action: SKIP | Premium: NO | Reg Price: $17.29 | Renew: $17.29
feiyuwei.com | Brand: -40 | SEO: 16 | Final: -24 | Status: AVAILABLE | Action: SKIP | Premium: NO | Reg Price: $17.29 | Renew: $17.29
farrdigital.com | Brand: -30 | SEO: 5 | Final: -25 | Status: AVAILABLE | Action: SKIP | Premium: NO | Reg Price: $17.29 | Renew: $17.29
ae789-bb.com | Brand: -33 | SEO: 1 | Final: -32 | Status: AVAILABLE | Action: SKIP | Premium: NO | Reg Price: $17.29 | Renew: $17.29
1bot-aa.com | Brand: -33 | SEO: 1 | Final: -32 | Status: AVAILABLE | Action: SKIP | Premium: NO | Reg Price: $17.29 | Renew: $17.29
thetubeguys.com | Brand: -38 | SEO: 5 | Final: -33 | Status: AVAILABLE | Action: SKIP | Premium: NO | Reg Price: $17.29 | Renew: $17.29
hiredvuelta.com | Brand: -38 | SEO: 5 | Final: -33 | Status: AVAILABLE | Action: SKIP | Premium: NO | Reg Price: $17.29 | Renew: $17.29
aog88-aa.com | Brand: -55 | SEO: 1 | Final: -54 | Status: AVAILABLE | Action: SKIP | Premium: NO | Reg Price: $17.29 | Renew: $17.29
gz5dok.com | Brand: -60 | SEO: 1 | Final: -59 | Status: AVAILABLE | Action: SKIP | Premium: NO | Reg Price: $17.29 | Renew: $17.29
corporacionfjc.com | Brand: -86 | SEO: 5 | Final: -81 | Status: AVAILABLE | Action: SKIP | Premium: NO | Reg Price: $17.29 | Renew: $17.29
glowbyjyj.com | Brand: -114 | SEO: 9 | Final: -105 | Status: AVAILABLE | Action: SKIP | Premium: NO | Reg Price: $17.29 | Renew: $17.29

=== TAKEN ===
HTTP status: 200
Page length: 97666
Rows found: 25
Found 25 domains

=== BUY CANDIDATES ===

=== REVIEW MANUALLY ===
haohai-tech.com | Brand: 52 | SEO: 17 | Final: 69 | Status: AVAILABLE | Action: REVIEW | Premium: NO | Reg Price: $17.29 | Renew: $17.29
ahmedms.com | Brand: 50 | SEO: 16 | Final: 66 | Status: AVAILABLE | Action: REVIEW | Premium: NO | Reg Price: $17.29 | Renew: $17.29
beenwaitingforthis.com | Brand: 47 | SEO: 16 | Final: 63 | Status: AVAILABLE | Action: REVIEW | Premium: NO | Reg Price: $17.29 | Renew: $17.29

=== SKIP ===
etech-b-v.com | Brand: 30 | SEO: 8 | Final: 38 | Status: AVAILABLE | Action: SKIP | Premium: NO | Reg Price: $17.29 | Renew: $17.29
getgoldnecklace.com | Brand: 27 | SEO: 5 | Final: 32 | Status: AVAILABLE | Action: SKIP | Premium: NO | Reg Price: $17.29 | Renew: $17.29
saratogaconcierge.com | Brand: 12 | SEO: 5 | Final: 17 | Status: AVAILABLE | Action: SKIP | Premium: NO | Reg Price: $17.29 | Renew: $17.29
buyinternacional.com | Brand: 12 | SEO: 5 | Final: 17 | Status: AVAILABLE | Action: SKIP | Premium: NO | Reg Price: $17.29 | Renew: $17.29
anticamasseriagenito.com | Brand: 12 | SEO: 5 | Final: 17 | Status: AVAILABLE | Action: SKIP | Premium: NO | Reg Price: $17.29 | Renew: $17.29
okvip-aa.com | Brand: 15 | SEO: 1 | Final: 16 | Status: AVAILABLE | Action: SKIP | Premium: NO | Reg Price: $17.29 | Renew: $17.29
athena-knows.com | Brand: 22 | SEO: -10 | Final: 12 | Status: AVAILABLE | Action: SKIP | Premium: NO | Reg Price: $17.29 | Renew: $17.29
internetbusinessworkshop.com | Brand: -11 | SEO: 5 | Final: -6 | Status: AVAILABLE | Action: SKIP | Premium: NO | Reg Price: $17.29 | Renew: $17.29
wissingconstruction.com | Brand: -11 | SEO: 5 | Final: -6 | Status: AVAILABLE | Action: SKIP | Premium: NO | Reg Price: $17.29 | Renew: $17.29
lakewoodtypingacademy.com | Brand: -11 | SEO: 5 | Final: -6 | Status: AVAILABLE | Action: SKIP | Premium: NO | Reg Price: $17.29 | Renew: $17.29
archibana.com | Brand: -28 | SEO: 9 | Final: -19 | Status: AVAILABLE | Action: SKIP | Premium: NO | Reg Price: $17.29 | Renew: $17.29
hamiemie.com | Brand: -40 | SEO: 16 | Final: -24 | Status: AVAILABLE | Action: SKIP | Premium: NO | Reg Price: $17.29 | Renew: $17.29
feiyuwei.com | Brand: -40 | SEO: 16 | Final: -24 | Status: AVAILABLE | Action: SKIP | Premium: NO | Reg Price: $17.29 | Renew: $17.29
farrdigital.com | Brand: -30 | SEO: 5 | Final: -25 | Status: AVAILABLE | Action: SKIP | Premium: NO | Reg Price: $17.29 | Renew: $17.29
ae789-bb.com | Brand: -33 | SEO: 1 | Final: -32 | Status: AVAILABLE | Action: SKIP | Premium: NO | Reg Price: $17.29 | Renew: $17.29
1bot-aa.com | Brand: -33 | SEO: 1 | Final: -32 | Status: AVAILABLE | Action: SKIP | Premium: NO | Reg Price: $17.29 | Renew: $17.29
thetubeguys.com | Brand: -38 | SEO: 5 | Final: -33 | Status: AVAILABLE | Action: SKIP | Premium: NO | Reg Price: $17.29 | Renew: $17.29
hiredvuelta.com | Brand: -38 | SEO: 5 | Final: -33 | Status: AVAILABLE | Action: SKIP | Premium: NO | Reg Price: $17.29 | Renew: $17.29
aog88-aa.com | Brand: -55 | SEO: 1 | Final: -54 | Status: AVAILABLE | Action: SKIP | Premium: NO | Reg Price: $17.29 | Renew: $17.29
gz5dok.com | Brand: -60 | SEO: 1 | Final: -59 | Status: AVAILABLE | Action: SKIP | Premium: NO | Reg Price: $17.29 | Renew: $17.29
corporacionfjc.com | Brand: -86 | SEO: 5 | Final: -81 | Status: AVAILABLE | Action: SKIP | Premium: NO | Reg Price: $17.29 | Renew: $17.29
glowbyjyj.com | Brand: -114 | SEO: 9 | Final: -105 | Status: AVAILABLE | Action: SKIP | Premium: NO | Reg Price: $17.29 | Renew: $17.29

=== TAKEN ===
HTTP status: 200
Page length: 97666
Rows found: 25
Found 25 domains

=== BUY CANDIDATES ===

=== REVIEW MANUALLY ===
haohai-tech.com | Brand: 52 | SEO: 17 | Final: 69 | Status: AVAILABLE | Action: REVIEW | Premium: NO | Reg Price: $17.29 | Renew: $17.29
ahmedms.com | Brand: 50 | SEO: 16 | Final: 66 | Status: AVAILABLE | Action: REVIEW | Premium: NO | Reg Price: $17.29 | Renew: $17.29
beenwaitingforthis.com | Brand: 47 | SEO: 16 | Final: 63 | Status: AVAILABLE | Action: REVIEW | Premium: NO | Reg Price: $17.29 | Renew: $17.29

=== SKIP ===
etech-b-v.com | Brand: 30 | SEO: 8 | Final: 38 | Status: AVAILABLE | Action: SKIP | Premium: NO | Reg Price: $17.29 | Renew: $17.29
getgoldnecklace.com | Brand: 27 | SEO: 5 | Final: 32 | Status: AVAILABLE | Action: SKIP | Premium: NO | Reg Price: $17.29 | Renew: $17.29
saratogaconcierge.com | Brand: 12 | SEO: 5 | Final: 17 | Status: AVAILABLE | Action: SKIP | Premium: NO | Reg Price: $17.29 | Renew: $17.29
buyinternacional.com | Brand: 12 | SEO: 5 | Final: 17 | Status: AVAILABLE | Action: SKIP | Premium: NO | Reg Price: $17.29 | Renew: $17.29
anticamasseriagenito.com | Brand: 12 | SEO: 5 | Final: 17 | Status: AVAILABLE | Action: SKIP | Premium: NO | Reg Price: $17.29 | Renew: $17.29
okvip-aa.com | Brand: 15 | SEO: 1 | Final: 16 | Status: AVAILABLE | Action: SKIP | Premium: NO | Reg Price: $17.29 | Renew: $17.29
athena-knows.com | Brand: 22 | SEO: -10 | Final: 12 | Status: AVAILABLE | Action: SKIP | Premium: NO | Reg Price: $17.29 | Renew: $17.29
internetbusinessworkshop.com | Brand: -11 | SEO: 5 | Final: -6 | Status: AVAILABLE | Action: SKIP | Premium: NO | Reg Price: $17.29 | Renew: $17.29
wissingconstruction.com | Brand: -11 | SEO: 5 | Final: -6 | Status: AVAILABLE | Action: SKIP | Premium: NO | Reg Price: $17.29 | Renew: $17.29
lakewoodtypingacademy.com | Brand: -11 | SEO: 5 | Final: -6 | Status: AVAILABLE | Action: SKIP | Premium: NO | Reg Price: $17.29 | Renew: $17.29
archibana.com | Brand: -28 | SEO: 9 | Final: -19 | Status: AVAILABLE | Action: SKIP | Premium: NO | Reg Price: $17.29 | Renew: $17.29
hamiemie.com | Brand: -40 | SEO: 16 | Final: -24 | Status: AVAILABLE | Action: SKIP | Premium: NO | Reg Price: $17.29 | Renew: $17.29
feiyuwei.com | Brand: -40 | SEO: 16 | Final: -24 | Status: AVAILABLE | Action: SKIP | Premium: NO | Reg Price: $17.29 | Renew: $17.29
farrdigital.com | Brand: -30 | SEO: 5 | Final: -25 | Status: AVAILABLE | Action: SKIP | Premium: NO | Reg Price: $17.29 | Renew: $17.29
ae789-bb.com | Brand: -33 | SEO: 1 | Final: -32 | Status: AVAILABLE | Action: SKIP | Premium: NO | Reg Price: $17.29 | Renew: $17.29
1bot-aa.com | Brand: -33 | SEO: 1 | Final: -32 | Status: AVAILABLE | Action: SKIP | Premium: NO | Reg Price: $17.29 | Renew: $17.29
thetubeguys.com | Brand: -38 | SEO: 5 | Final: -33 | Status: AVAILABLE | Action: SKIP | Premium: NO | Reg Price: $17.29 | Renew: $17.29
hiredvuelta.com | Brand: -38 | SEO: 5 | Final: -33 | Status: AVAILABLE | Action: SKIP | Premium: NO | Reg Price: $17.29 | Renew: $17.29
aog88-aa.com | Brand: -55 | SEO: 1 | Final: -54 | Status: AVAILABLE | Action: SKIP | Premium: NO | Reg Price: $17.29 | Renew: $17.29
gz5dok.com | Brand: -60 | SEO: 1 | Final: -59 | Status: AVAILABLE | Action: SKIP | Premium: NO | Reg Price: $17.29 | Renew: $17.29
corporacionfjc.com | Brand: -86 | SEO: 5 | Final: -81 | Status: AVAILABLE | Action: SKIP | Premium: NO | Reg Price: $17.29 | Renew: $17.29
glowbyjyj.com | Brand: -114 | SEO: 9 | Final: -105 | Status: AVAILABLE | Action: SKIP | Premium: NO | Reg Price: $17.29 | Renew: $17.29

=== TAKEN ===
HTTP status: 200
Page length: 97666
Rows found: 25
Found 25 domains

=== BUY CANDIDATES ===

=== REVIEW MANUALLY ===
haohai-tech.com | Brand: 52 | SEO: 17 | Final: 69 | Status: AVAILABLE | Action: REVIEW | Premium: NO | Reg Price: $17.29 | Renew: $17.29

=== SKIP ===
etech-b-v.com | Brand: 30 | SEO: 8 | Final: 38 | Status: AVAILABLE | Action: SKIP | Premium: NO | Reg Price: $17.29 | Renew: $17.29
getgoldnecklace.com | Brand: 27 | SEO: 5 | Final: 32 | Status: AVAILABLE | Action: SKIP | Premium: NO | Reg Price: $17.29 | Renew: $17.29
buyinternacional.com | Brand: 12 | SEO: 5 | Final: 17 | Status: AVAILABLE | Action: SKIP | Premium: NO | Reg Price: $17.29 | Renew: $17.29
anticamasseriagenito.com | Brand: 12 | SEO: 5 | Final: 17 | Status: AVAILABLE | Action: SKIP | Premium: NO | Reg Price: $17.29 | Renew: $17.29
okvip-aa.com | Brand: 15 | SEO: 1 | Final: 16 | Status: AVAILABLE | Action: SKIP | Premium: NO | Reg Price: $17.29 | Renew: $17.29
athena-knows.com | Brand: 22 | SEO: -10 | Final: 12 | Status: AVAILABLE | Action: SKIP | Premium: NO | Reg Price: $17.29 | Renew: $17.29
internetbusinessworkshop.com | Brand: -11 | SEO: 5 | Final: -6 | Status: AVAILABLE | Action: SKIP | Premium: NO | Reg Price: $17.29 | Renew: $17.29
lakewoodtypingacademy.com | Brand: -11 | SEO: 5 | Final: -6 | Status: AVAILABLE | Action: SKIP | Premium: NO | Reg Price: $17.29 | Renew: $17.29
archibana.com | Brand: -28 | SEO: 9 | Final: -19 | Status: AVAILABLE | Action: SKIP | Premium: NO | Reg Price: $17.29 | Renew: $17.29
hamiemie.com | Brand: -40 | SEO: 16 | Final: -24 | Status: AVAILABLE | Action: SKIP | Premium: NO | Reg Price: $17.29 | Renew: $17.29
feiyuwei.com | Brand: -40 | SEO: 16 | Final: -24 | Status: AVAILABLE | Action: SKIP | Premium: NO | Reg Price: $17.29 | Renew: $17.29
farrdigital.com | Brand: -30 | SEO: 5 | Final: -25 | Status: AVAILABLE | Action: SKIP | Premium: NO | Reg Price: $17.29 | Renew: $17.29
ae789-bb.com | Brand: -33 | SEO: 1 | Final: -32 | Status: AVAILABLE | Action: SKIP | Premium: NO | Reg Price: $17.29 | Renew: $17.29
1bot-aa.com | Brand: -33 | SEO: 1 | Final: -32 | Status: AVAILABLE | Action: SKIP | Premium: NO | Reg Price: $17.29 | Renew: $17.29
hiredvuelta.com | Brand: -38 | SEO: 5 | Final: -33 | Status: AVAILABLE | Action: SKIP | Premium: NO | Reg Price: $17.29 | Renew: $17.29
aog88-aa.com | Brand: -55 | SEO: 1 | Final: -54 | Status: AVAILABLE | Action: SKIP | Premium: NO | Reg Price: $17.29 | Renew: $17.29
gz5dok.com | Brand: -60 | SEO: 1 | Final: -59 | Status: AVAILABLE | Action: SKIP | Premium: NO | Reg Price: $17.29 | Renew: $17.29
corporacionfjc.com | Brand: -86 | SEO: 5 | Final: -81 | Status: AVAILABLE | Action: SKIP | Premium: NO | Reg Price: $17.29 | Renew: $17.29
glowbyjyj.com | Brand: -114 | SEO: 9 | Final: -105 | Status: AVAILABLE | Action: SKIP | Premium: NO | Reg Price: $17.29 | Renew: $17.29

=== TAKEN ===
ahmedms.com | Brand: 50 | SEO: 16 | Final: 66 | Status: NOT AVAILABLE | Action: TAKEN
beenwaitingforthis.com | Brand: 47 | SEO: 16 | Final: 63 | Status: NOT AVAILABLE | Action: TAKEN
saratogaconcierge.com | Brand: 12 | SEO: 5 | Final: 17 | Status: NOT AVAILABLE | Action: TAKEN
wissingconstruction.com | Brand: -11 | SEO: 5 | Final: -6 | Status: NOT AVAILABLE | Action: TAKEN
thetubeguys.com | Brand: -38 | SEO: 5 | Final: -33 | Status: NOT AVAILABLE | Action: TAKEN
HTTP status: 200
Page length: 97666
Rows found: 25
Found 25 domains

=== BUY CANDIDATES ===

=== REVIEW MANUALLY ===
haohai-tech.com | Brand: 52 | SEO: 17 | Final: 69 | Status: AVAILABLE | Action: REVIEW | Premium: NO | Reg Price: $17.29 | Renew: $17.29

=== SKIP ===
etech-b-v.com | Brand: 30 | SEO: 8 | Final: 38 | Status: AVAILABLE | Action: SKIP | Premium: NO | Reg Price: $17.29 | Renew: $17.29
getgoldnecklace.com | Brand: 27 | SEO: 5 | Final: 32 | Status: AVAILABLE | Action: SKIP | Premium: NO | Reg Price: $17.29 | Renew: $17.29
buyinternacional.com | Brand: 12 | SEO: 5 | Final: 17 | Status: AVAILABLE | Action: SKIP | Premium: NO | Reg Price: $17.29 | Renew: $17.29
anticamasseriagenito.com | Brand: 12 | SEO: 5 | Final: 17 | Status: AVAILABLE | Action: SKIP | Premium: NO | Reg Price: $17.29 | Renew: $17.29
okvip-aa.com | Brand: 15 | SEO: 1 | Final: 16 | Status: AVAILABLE | Action: SKIP | Premium: NO | Reg Price: $17.29 | Renew: $17.29
athena-knows.com | Brand: 22 | SEO: -10 | Final: 12 | Status: AVAILABLE | Action: SKIP | Premium: NO | Reg Price: $17.29 | Renew: $17.29
internetbusinessworkshop.com | Brand: -11 | SEO: 5 | Final: -6 | Status: AVAILABLE | Action: SKIP | Premium: NO | Reg Price: $17.29 | Renew: $17.29
lakewoodtypingacademy.com | Brand: -11 | SEO: 5 | Final: -6 | Status: AVAILABLE | Action: SKIP | Premium: NO | Reg Price: $17.29 | Renew: $17.29
archibana.com | Brand: -28 | SEO: 9 | Final: -19 | Status: AVAILABLE | Action: SKIP | Premium: NO | Reg Price: $17.29 | Renew: $17.29
hamiemie.com | Brand: -40 | SEO: 16 | Final: -24 | Status: AVAILABLE | Action: SKIP | Premium: NO | Reg Price: $17.29 | Renew: $17.29
feiyuwei.com | Brand: -40 | SEO: 16 | Final: -24 | Status: AVAILABLE | Action: SKIP | Premium: NO | Reg Price: $17.29 | Renew: $17.29
farrdigital.com | Brand: -30 | SEO: 5 | Final: -25 | Status: AVAILABLE | Action: SKIP | Premium: NO | Reg Price: $17.29 | Renew: $17.29
ae789-bb.com | Brand: -33 | SEO: 1 | Final: -32 | Status: AVAILABLE | Action: SKIP | Premium: NO | Reg Price: $17.29 | Renew: $17.29
1bot-aa.com | Brand: -33 | SEO: 1 | Final: -32 | Status: AVAILABLE | Action: SKIP | Premium: NO | Reg Price: $17.29 | Renew: $17.29
hiredvuelta.com | Brand: -38 | SEO: 5 | Final: -33 | Status: AVAILABLE | Action: SKIP | Premium: NO | Reg Price: $17.29 | Renew: $17.29
aog88-aa.com | Brand: -55 | SEO: 1 | Final: -54 | Status: AVAILABLE | Action: SKIP | Premium: NO | Reg Price: $17.29 | Renew: $17.29
gz5dok.com | Brand: -60 | SEO: 1 | Final: -59 | Status: AVAILABLE | Action: SKIP | Premium: NO | Reg Price: $17.29 | Renew: $17.29
corporacionfjc.com | Brand: -86 | SEO: 5 | Final: -81 | Status: AVAILABLE | Action: SKIP | Premium: NO | Reg Price: $17.29 | Renew: $17.29
glowbyjyj.com | Brand: -114 | SEO: 9 | Final: -105 | Status: AVAILABLE | Action: SKIP | Premium: NO | Reg Price: $17.29 | Renew: $17.29

=== TAKEN ===
ahmedms.com | Brand: 50 | SEO: 16 | Final: 66 | Status: NOT AVAILABLE | Action: TAKEN
beenwaitingforthis.com | Brand: 47 | SEO: 16 | Final: 63 | Status: NOT AVAILABLE | Action: TAKEN
saratogaconcierge.com | Brand: 12 | SEO: 5 | Final: 17 | Status: NOT AVAILABLE | Action: TAKEN
wissingconstruction.com | Brand: -11 | SEO: 5 | Final: -6 | Status: NOT AVAILABLE | Action: TAKEN
thetubeguys.com | Brand: -38 | SEO: 5 | Final: -33 | Status: NOT AVAILABLE | Action: TAKEN
HTTP status: 200
Page length: 97351
Rows found: 25
Found 25 domains

=== BUY CANDIDATES ===

=== REVIEW MANUALLY ===
haohai-tech.com | Brand: 52 | SEO: 17 | Final: 69 | Status: AVAILABLE | Action: REVIEW | Premium: NO | Reg Price: $17.29 | Renew: $17.29

=== SKIP ===
etech-b-v.com | Brand: 30 | SEO: 8 | Final: 38 | Status: AVAILABLE | Action: SKIP | Premium: NO | Reg Price: $17.29 | Renew: $17.29
getgoldnecklace.com | Brand: 27 | SEO: 5 | Final: 32 | Status: AVAILABLE | Action: SKIP | Premium: NO | Reg Price: $17.29 | Renew: $17.29
buyinternacional.com | Brand: 12 | SEO: 5 | Final: 17 | Status: AVAILABLE | Action: SKIP | Premium: NO | Reg Price: $17.29 | Renew: $17.29
anticamasseriagenito.com | Brand: 12 | SEO: 5 | Final: 17 | Status: AVAILABLE | Action: SKIP | Premium: NO | Reg Price: $17.29 | Renew: $17.29
okvip-aa.com | Brand: 15 | SEO: 1 | Final: 16 | Status: AVAILABLE | Action: SKIP | Premium: NO | Reg Price: $17.29 | Renew: $17.29
athena-knows.com | Brand: 22 | SEO: -10 | Final: 12 | Status: AVAILABLE | Action: SKIP | Premium: NO | Reg Price: $17.29 | Renew: $17.29
internetbusinessworkshop.com | Brand: -11 | SEO: 5 | Final: -6 | Status: AVAILABLE | Action: SKIP | Premium: NO | Reg Price: $17.29 | Renew: $17.29
lakewoodtypingacademy.com | Brand: -11 | SEO: 5 | Final: -6 | Status: AVAILABLE | Action: SKIP | Premium: NO | Reg Price: $17.29 | Renew: $17.29
archibana.com | Brand: -28 | SEO: 9 | Final: -19 | Status: AVAILABLE | Action: SKIP | Premium: NO | Reg Price: $17.29 | Renew: $17.29
hamiemie.com | Brand: -40 | SEO: 16 | Final: -24 | Status: AVAILABLE | Action: SKIP | Premium: NO | Reg Price: $17.29 | Renew: $17.29
feiyuwei.com | Brand: -40 | SEO: 16 | Final: -24 | Status: AVAILABLE | Action: SKIP | Premium: NO | Reg Price: $17.29 | Renew: $17.29
farrdigital.com | Brand: -30 | SEO: 5 | Final: -25 | Status: AVAILABLE | Action: SKIP | Premium: NO | Reg Price: $17.29 | Renew: $17.29
ae789-bb.com | Brand: -33 | SEO: 1 | Final: -32 | Status: AVAILABLE | Action: SKIP | Premium: NO | Reg Price: $17.29 | Renew: $17.29
1bot-aa.com | Brand: -33 | SEO: 1 | Final: -32 | Status: AVAILABLE | Action: SKIP | Premium: NO | Reg Price: $17.29 | Renew: $17.29
hiredvuelta.com | Brand: -38 | SEO: 5 | Final: -33 | Status: AVAILABLE | Action: SKIP | Premium: NO | Reg Price: $17.29 | Renew: $17.29
aog88-aa.com | Brand: -55 | SEO: 1 | Final: -54 | Status: AVAILABLE | Action: SKIP | Premium: NO | Reg Price: $17.29 | Renew: $17.29
gz5dok.com | Brand: -60 | SEO: 1 | Final: -59 | Status: AVAILABLE | Action: SKIP | Premium: NO | Reg Price: $17.29 | Renew: $17.29
corporacionfjc.com | Brand: -86 | SEO: 5 | Final: -81 | Status: AVAILABLE | Action: SKIP | Premium: NO | Reg Price: $17.29 | Renew: $17.29
glowbyjyj.com | Brand: -114 | SEO: 9 | Final: -105 | Status: AVAILABLE | Action: SKIP | Premium: NO | Reg Price: $17.29 | Renew: $17.29

=== TAKEN ===
ahmedms.com | Brand: 50 | SEO: 16 | Final: 66 | Status: NOT AVAILABLE | Action: TAKEN
beenwaitingforthis.com | Brand: 47 | SEO: 16 | Final: 63 | Status: NOT AVAILABLE | Action: TAKEN
saratogaconcierge.com | Brand: 12 | SEO: 5 | Final: 17 | Status: NOT AVAILABLE | Action: TAKEN
wissingconstruction.com | Brand: -11 | SEO: 5 | Final: -6 | Status: NOT AVAILABLE | Action: TAKEN
thetubeguys.com | Brand: -38 | SEO: 5 | Final: -33 | Status: NOT AVAILABLE | Action: TAKEN
HTTP status: 200
Page length: 97351
Rows found: 25
Found 25 domains

=== BUY CANDIDATES ===

=== REVIEW MANUALLY ===
haohai-tech.com | Brand: 52 | SEO: 17 | Final: 69 | Status: AVAILABLE | Action: REVIEW | Premium: NO | Reg Price: $17.29 | Renew: $17.29

=== SKIP ===
etech-b-v.com | Brand: 30 | SEO: 8 | Final: 38 | Status: AVAILABLE | Action: SKIP | Premium: NO | Reg Price: $17.29 | Renew: $17.29
getgoldnecklace.com | Brand: 27 | SEO: 5 | Final: 32 | Status: AVAILABLE | Action: SKIP | Premium: NO | Reg Price: $17.29 | Renew: $17.29
buyinternacional.com | Brand: 12 | SEO: 5 | Final: 17 | Status: AVAILABLE | Action: SKIP | Premium: NO | Reg Price: $17.29 | Renew: $17.29
anticamasseriagenito.com | Brand: 12 | SEO: 5 | Final: 17 | Status: AVAILABLE | Action: SKIP | Premium: NO | Reg Price: $17.29 | Renew: $17.29
okvip-aa.com | Brand: 15 | SEO: 1 | Final: 16 | Status: AVAILABLE | Action: SKIP | Premium: NO | Reg Price: $17.29 | Renew: $17.29
athena-knows.com | Brand: 22 | SEO: -10 | Final: 12 | Status: AVAILABLE | Action: SKIP | Premium: NO | Reg Price: $17.29 | Renew: $17.29
internetbusinessworkshop.com | Brand: -11 | SEO: 5 | Final: -6 | Status: AVAILABLE | Action: SKIP | Premium: NO | Reg Price: $17.29 | Renew: $17.29
lakewoodtypingacademy.com | Brand: -11 | SEO: 5 | Final: -6 | Status: AVAILABLE | Action: SKIP | Premium: NO | Reg Price: $17.29 | Renew: $17.29
archibana.com | Brand: -28 | SEO: 9 | Final: -19 | Status: AVAILABLE | Action: SKIP | Premium: NO | Reg Price: $17.29 | Renew: $17.29
hamiemie.com | Brand: -40 | SEO: 16 | Final: -24 | Status: AVAILABLE | Action: SKIP | Premium: NO | Reg Price: $17.29 | Renew: $17.29
feiyuwei.com | Brand: -40 | SEO: 16 | Final: -24 | Status: AVAILABLE | Action: SKIP | Premium: NO | Reg Price: $17.29 | Renew: $17.29
farrdigital.com | Brand: -30 | SEO: 5 | Final: -25 | Status: AVAILABLE | Action: SKIP | Premium: NO | Reg Price: $17.29 | Renew: $17.29
ae789-bb.com | Brand: -33 | SEO: 1 | Final: -32 | Status: AVAILABLE | Action: SKIP | Premium: NO | Reg Price: $17.29 | Renew: $17.29
1bot-aa.com | Brand: -33 | SEO: 1 | Final: -32 | Status: AVAILABLE | Action: SKIP | Premium: NO | Reg Price: $17.29 | Renew: $17.29
hiredvuelta.com | Brand: -38 | SEO: 5 | Final: -33 | Status: AVAILABLE | Action: SKIP | Premium: NO | Reg Price: $17.29 | Renew: $17.29
aog88-aa.com | Brand: -55 | SEO: 1 | Final: -54 | Status: AVAILABLE | Action: SKIP | Premium: NO | Reg Price: $17.29 | Renew: $17.29
gz5dok.com | Brand: -60 | SEO: 1 | Final: -59 | Status: AVAILABLE | Action: SKIP | Premium: NO | Reg Price: $17.29 | Renew: $17.29
corporacionfjc.com | Brand: -86 | SEO: 5 | Final: -81 | Status: AVAILABLE | Action: SKIP | Premium: NO | Reg Price: $17.29 | Renew: $17.29

=== TAKEN ===
ahmedms.com | Brand: 50 | SEO: 16 | Final: 66 | Status: NOT AVAILABLE | Action: TAKEN
beenwaitingforthis.com | Brand: 47 | SEO: 16 | Final: 63 | Status: NOT AVAILABLE | Action: TAKEN
saratogaconcierge.com | Brand: 12 | SEO: 5 | Final: 17 | Status: NOT AVAILABLE | Action: TAKEN
wissingconstruction.com | Brand: -11 | SEO: 5 | Final: -6 | Status: NOT AVAILABLE | Action: TAKEN
thetubeguys.com | Brand: -38 | SEO: 5 | Final: -33 | Status: NOT AVAILABLE | Action: TAKEN
glowbyjyj.com | Brand: -114 | SEO: 9 | Final: -105 | Status: NOT AVAILABLE | Action: TAKEN
HTTP status: 200
Page length: 97351
Rows found: 25
Found 25 domains

=== BUY CANDIDATES ===

=== REVIEW MANUALLY ===
haohai-tech.com | Brand: 52 | SEO: 17 | Final: 69 | Status: AVAILABLE | Action: REVIEW | Premium: NO | Reg Price: $17.29 | Renew: $17.29

=== SKIP ===
etech-b-v.com | Brand: 30 | SEO: 8 | Final: 38 | Status: AVAILABLE | Action: SKIP | Premium: NO | Reg Price: $17.29 | Renew: $17.29
getgoldnecklace.com | Brand: 27 | SEO: 5 | Final: 32 | Status: AVAILABLE | Action: SKIP | Premium: NO | Reg Price: $17.29 | Renew: $17.29
buyinternacional.com | Brand: 12 | SEO: 5 | Final: 17 | Status: AVAILABLE | Action: SKIP | Premium: NO | Reg Price: $17.29 | Renew: $17.29
anticamasseriagenito.com | Brand: 12 | SEO: 5 | Final: 17 | Status: AVAILABLE | Action: SKIP | Premium: NO | Reg Price: $17.29 | Renew: $17.29
okvip-aa.com | Brand: 15 | SEO: 1 | Final: 16 | Status: AVAILABLE | Action: SKIP | Premium: NO | Reg Price: $17.29 | Renew: $17.29
athena-knows.com | Brand: 22 | SEO: -10 | Final: 12 | Status: AVAILABLE | Action: SKIP | Premium: NO | Reg Price: $17.29 | Renew: $17.29
internetbusinessworkshop.com | Brand: -11 | SEO: 5 | Final: -6 | Status: AVAILABLE | Action: SKIP | Premium: NO | Reg Price: $17.29 | Renew: $17.29
lakewoodtypingacademy.com | Brand: -11 | SEO: 5 | Final: -6 | Status: AVAILABLE | Action: SKIP | Premium: NO | Reg Price: $17.29 | Renew: $17.29
archibana.com | Brand: -28 | SEO: 9 | Final: -19 | Status: AVAILABLE | Action: SKIP | Premium: NO | Reg Price: $17.29 | Renew: $17.29
hamiemie.com | Brand: -40 | SEO: 16 | Final: -24 | Status: AVAILABLE | Action: SKIP | Premium: NO | Reg Price: $17.29 | Renew: $17.29
feiyuwei.com | Brand: -40 | SEO: 16 | Final: -24 | Status: AVAILABLE | Action: SKIP | Premium: NO | Reg Price: $17.29 | Renew: $17.29
farrdigital.com | Brand: -30 | SEO: 5 | Final: -25 | Status: AVAILABLE | Action: SKIP | Premium: NO | Reg Price: $17.29 | Renew: $17.29
ae789-bb.com | Brand: -33 | SEO: 1 | Final: -32 | Status: AVAILABLE | Action: SKIP | Premium: NO | Reg Price: $17.29 | Renew: $17.29
1bot-aa.com | Brand: -33 | SEO: 1 | Final: -32 | Status: AVAILABLE | Action: SKIP | Premium: NO | Reg Price: $17.29 | Renew: $17.29
hiredvuelta.com | Brand: -38 | SEO: 5 | Final: -33 | Status: AVAILABLE | Action: SKIP | Premium: NO | Reg Price: $17.29 | Renew: $17.29
aog88-aa.com | Brand: -55 | SEO: 1 | Final: -54 | Status: AVAILABLE | Action: SKIP | Premium: NO | Reg Price: $17.29 | Renew: $17.29
gz5dok.com | Brand: -60 | SEO: 1 | Final: -59 | Status: AVAILABLE | Action: SKIP | Premium: NO | Reg Price: $17.29 | Renew: $17.29
corporacionfjc.com | Brand: -86 | SEO: 5 | Final: -81 | Status: AVAILABLE | Action: SKIP | Premium: NO | Reg Price: $17.29 | Renew: $17.29

=== TAKEN ===
ahmedms.com | Brand: 50 | SEO: 16 | Final: 66 | Status: NOT AVAILABLE | Action: TAKEN
beenwaitingforthis.com | Brand: 47 | SEO: 16 | Final: 63 | Status: NOT AVAILABLE | Action: TAKEN
saratogaconcierge.com | Brand: 12 | SEO: 5 | Final: 17 | Status: NOT AVAILABLE | Action: TAKEN
wissingconstruction.com | Brand: -11 | SEO: 5 | Final: -6 | Status: NOT AVAILABLE | Action: TAKEN
thetubeguys.com | Brand: -38 | SEO: 5 | Final: -33 | Status: NOT AVAILABLE | Action: TAKEN
glowbyjyj.com | Brand: -114 | SEO: 9 | Final: -105 | Status: NOT AVAILABLE | Action: TAKEN
HTTP status: 200
Page length: 97351
Rows found: 25
Found 25 domains

=== BUY CANDIDATES ===

=== REVIEW MANUALLY ===
haohai-tech.com | Brand: 52 | SEO: 17 | Final: 69 | Status: AVAILABLE | Action: REVIEW | Premium: NO | Reg Price: $17.29 | Renew: $17.29

=== SKIP ===
etech-b-v.com | Brand: 30 | SEO: 8 | Final: 38 | Status: AVAILABLE | Action: SKIP | Premium: NO | Reg Price: $17.29 | Renew: $17.29
getgoldnecklace.com | Brand: 27 | SEO: 5 | Final: 32 | Status: AVAILABLE | Action: SKIP | Premium: NO | Reg Price: $17.29 | Renew: $17.29
buyinternacional.com | Brand: 12 | SEO: 5 | Final: 17 | Status: AVAILABLE | Action: SKIP | Premium: NO | Reg Price: $17.29 | Renew: $17.29
anticamasseriagenito.com | Brand: 12 | SEO: 5 | Final: 17 | Status: AVAILABLE | Action: SKIP | Premium: NO | Reg Price: $17.29 | Renew: $17.29
okvip-aa.com | Brand: 15 | SEO: 1 | Final: 16 | Status: AVAILABLE | Action: SKIP | Premium: NO | Reg Price: $17.29 | Renew: $17.29
athena-knows.com | Brand: 22 | SEO: -10 | Final: 12 | Status: AVAILABLE | Action: SKIP | Premium: NO | Reg Price: $17.29 | Renew: $17.29
internetbusinessworkshop.com | Brand: -11 | SEO: 5 | Final: -6 | Status: AVAILABLE | Action: SKIP | Premium: NO | Reg Price: $17.29 | Renew: $17.29
lakewoodtypingacademy.com | Brand: -11 | SEO: 5 | Final: -6 | Status: AVAILABLE | Action: SKIP | Premium: NO | Reg Price: $17.29 | Renew: $17.29
archibana.com | Brand: -28 | SEO: 9 | Final: -19 | Status: AVAILABLE | Action: SKIP | Premium: NO | Reg Price: $17.29 | Renew: $17.29
hamiemie.com | Brand: -40 | SEO: 16 | Final: -24 | Status: AVAILABLE | Action: SKIP | Premium: NO | Reg Price: $17.29 | Renew: $17.29
feiyuwei.com | Brand: -40 | SEO: 16 | Final: -24 | Status: AVAILABLE | Action: SKIP | Premium: NO | Reg Price: $17.29 | Renew: $17.29
farrdigital.com | Brand: -30 | SEO: 5 | Final: -25 | Status: AVAILABLE | Action: SKIP | Premium: NO | Reg Price: $17.29 | Renew: $17.29
ae789-bb.com | Brand: -33 | SEO: 1 | Final: -32 | Status: AVAILABLE | Action: SKIP | Premium: NO | Reg Price: $17.29 | Renew: $17.29
1bot-aa.com | Brand: -33 | SEO: 1 | Final: -32 | Status: AVAILABLE | Action: SKIP | Premium: NO | Reg Price: $17.29 | Renew: $17.29
hiredvuelta.com | Brand: -38 | SEO: 5 | Final: -33 | Status: AVAILABLE | Action: SKIP | Premium: NO | Reg Price: $17.29 | Renew: $17.29
aog88-aa.com | Brand: -55 | SEO: 1 | Final: -54 | Status: AVAILABLE | Action: SKIP | Premium: NO | Reg Price: $17.29 | Renew: $17.29
gz5dok.com | Brand: -60 | SEO: 1 | Final: -59 | Status: AVAILABLE | Action: SKIP | Premium: NO | Reg Price: $17.29 | Renew: $17.29
corporacionfjc.com | Brand: -86 | SEO: 5 | Final: -81 | Status: AVAILABLE | Action: SKIP | Premium: NO | Reg Price: $17.29 | Renew: $17.29

=== TAKEN ===
ahmedms.com | Brand: 50 | SEO: 16 | Final: 66 | Status: NOT AVAILABLE | Action: TAKEN
beenwaitingforthis.com | Brand: 47 | SEO: 16 | Final: 63 | Status: NOT AVAILABLE | Action: TAKEN
saratogaconcierge.com | Brand: 12 | SEO: 5 | Final: 17 | Status: NOT AVAILABLE | Action: TAKEN
wissingconstruction.com | Brand: -11 | SEO: 5 | Final: -6 | Status: NOT AVAILABLE | Action: TAKEN
thetubeguys.com | Brand: -38 | SEO: 5 | Final: -33 | Status: NOT AVAILABLE | Action: TAKEN
glowbyjyj.com | Brand: -114 | SEO: 9 | Final: -105 | Status: NOT AVAILABLE | Action: TAKEN
HTTP status: 200
Page length: 97287
Rows found: 25
Found 25 domains

=== BUY CANDIDATES ===

=== REVIEW MANUALLY ===
haohai-tech.com | Brand: 52 | SEO: 17 | Final: 69 | Status: AVAILABLE | Action: REVIEW | Premium: NO | Reg Price: $17.29 | Renew: $17.29

=== SKIP ===
etech-b-v.com | Brand: 30 | SEO: 8 | Final: 38 | Status: AVAILABLE | Action: SKIP | Premium: NO | Reg Price: $17.29 | Renew: $17.29
getgoldnecklace.com | Brand: 27 | SEO: 5 | Final: 32 | Status: AVAILABLE | Action: SKIP | Premium: NO | Reg Price: $17.29 | Renew: $17.29
buyinternacional.com | Brand: 12 | SEO: 5 | Final: 17 | Status: AVAILABLE | Action: SKIP | Premium: NO | Reg Price: $17.29 | Renew: $17.29
anticamasseriagenito.com | Brand: 12 | SEO: 5 | Final: 17 | Status: AVAILABLE | Action: SKIP | Premium: NO | Reg Price: $17.29 | Renew: $17.29
okvip-aa.com | Brand: 15 | SEO: 1 | Final: 16 | Status: AVAILABLE | Action: SKIP | Premium: NO | Reg Price: $17.29 | Renew: $17.29
athena-knows.com | Brand: 22 | SEO: -10 | Final: 12 | Status: AVAILABLE | Action: SKIP | Premium: NO | Reg Price: $17.29 | Renew: $17.29
internetbusinessworkshop.com | Brand: -11 | SEO: 5 | Final: -6 | Status: AVAILABLE | Action: SKIP | Premium: NO | Reg Price: $17.29 | Renew: $17.29
lakewoodtypingacademy.com | Brand: -11 | SEO: 5 | Final: -6 | Status: AVAILABLE | Action: SKIP | Premium: NO | Reg Price: $17.29 | Renew: $17.29
archibana.com | Brand: -28 | SEO: 9 | Final: -19 | Status: AVAILABLE | Action: SKIP | Premium: NO | Reg Price: $17.29 | Renew: $17.29
hamiemie.com | Brand: -40 | SEO: 16 | Final: -24 | Status: AVAILABLE | Action: SKIP | Premium: NO | Reg Price: $17.29 | Renew: $17.29
feiyuwei.com | Brand: -40 | SEO: 16 | Final: -24 | Status: AVAILABLE | Action: SKIP | Premium: NO | Reg Price: $17.29 | Renew: $17.29
farrdigital.com | Brand: -30 | SEO: 5 | Final: -25 | Status: AVAILABLE | Action: SKIP | Premium: NO | Reg Price: $17.29 | Renew: $17.29
ae789-bb.com | Brand: -33 | SEO: 1 | Final: -32 | Status: AVAILABLE | Action: SKIP | Premium: NO | Reg Price: $17.29 | Renew: $17.29
1bot-aa.com | Brand: -33 | SEO: 1 | Final: -32 | Status: AVAILABLE | Action: SKIP | Premium: NO | Reg Price: $17.29 | Renew: $17.29
hiredvuelta.com | Brand: -38 | SEO: 5 | Final: -33 | Status: AVAILABLE | Action: SKIP | Premium: NO | Reg Price: $17.29 | Renew: $17.29
aog88-aa.com | Brand: -55 | SEO: 1 | Final: -54 | Status: AVAILABLE | Action: SKIP | Premium: NO | Reg Price: $17.29 | Renew: $17.29
gz5dok.com | Brand: -60 | SEO: 1 | Final: -59 | Status: AVAILABLE | Action: SKIP | Premium: NO | Reg Price: $17.29 | Renew: $17.29
corporacionfjc.com | Brand: -86 | SEO: 5 | Final: -81 | Status: AVAILABLE | Action: SKIP | Premium: NO | Reg Price: $17.29 | Renew: $17.29

=== TAKEN ===
ahmedms.com | Brand: 50 | SEO: 16 | Final: 66 | Status: NOT AVAILABLE | Action: TAKEN
beenwaitingforthis.com | Brand: 47 | SEO: 16 | Final: 63 | Status: NOT AVAILABLE | Action: TAKEN
saratogaconcierge.com | Brand: 12 | SEO: 5 | Final: 17 | Status: NOT AVAILABLE | Action: TAKEN
wissingconstruction.com | Brand: -11 | SEO: 5 | Final: -6 | Status: NOT AVAILABLE | Action: TAKEN
thetubeguys.com | Brand: -38 | SEO: 5 | Final: -33 | Status: NOT AVAILABLE | Action: TAKEN
glowbyjyj.com | Brand: -114 | SEO: 9 | Final: -105 | Status: NOT AVAILABLE | Action: TAKEN
HTTP status: 200
Page length: 97287
Rows found: 25
Found 25 domains

=== BUY CANDIDATES ===

=== REVIEW MANUALLY ===
haohai-tech.com | Brand: 52 | SEO: 17 | Final: 69 | Status: AVAILABLE | Action: REVIEW | Premium: NO | Reg Price: $17.29 | Renew: $17.29

=== SKIP ===
etech-b-v.com | Brand: 30 | SEO: 8 | Final: 38 | Status: AVAILABLE | Action: SKIP | Premium: NO | Reg Price: $17.29 | Renew: $17.29
getgoldnecklace.com | Brand: 27 | SEO: 5 | Final: 32 | Status: AVAILABLE | Action: SKIP | Premium: NO | Reg Price: $17.29 | Renew: $17.29
buyinternacional.com | Brand: 12 | SEO: 5 | Final: 17 | Status: AVAILABLE | Action: SKIP | Premium: NO | Reg Price: $17.29 | Renew: $17.29
anticamasseriagenito.com | Brand: 12 | SEO: 5 | Final: 17 | Status: AVAILABLE | Action: SKIP | Premium: NO | Reg Price: $17.29 | Renew: $17.29
okvip-aa.com | Brand: 15 | SEO: 1 | Final: 16 | Status: AVAILABLE | Action: SKIP | Premium: NO | Reg Price: $17.29 | Renew: $17.29
athena-knows.com | Brand: 22 | SEO: -10 | Final: 12 | Status: AVAILABLE | Action: SKIP | Premium: NO | Reg Price: $17.29 | Renew: $17.29
internetbusinessworkshop.com | Brand: -11 | SEO: 5 | Final: -6 | Status: AVAILABLE | Action: SKIP | Premium: NO | Reg Price: $17.29 | Renew: $17.29
lakewoodtypingacademy.com | Brand: -11 | SEO: 5 | Final: -6 | Status: AVAILABLE | Action: SKIP | Premium: NO | Reg Price: $17.29 | Renew: $17.29
archibana.com | Brand: -28 | SEO: 9 | Final: -19 | Status: AVAILABLE | Action: SKIP | Premium: NO | Reg Price: $17.29 | Renew: $17.29
hamiemie.com | Brand: -40 | SEO: 16 | Final: -24 | Status: AVAILABLE | Action: SKIP | Premium: NO | Reg Price: $17.29 | Renew: $17.29
feiyuwei.com | Brand: -40 | SEO: 16 | Final: -24 | Status: AVAILABLE | Action: SKIP | Premium: NO | Reg Price: $17.29 | Renew: $17.29
farrdigital.com | Brand: -30 | SEO: 5 | Final: -25 | Status: AVAILABLE | Action: SKIP | Premium: NO | Reg Price: $17.29 | Renew: $17.29
ae789-bb.com | Brand: -33 | SEO: 1 | Final: -32 | Status: AVAILABLE | Action: SKIP | Premium: NO | Reg Price: $17.29 | Renew: $17.29
1bot-aa.com | Brand: -33 | SEO: 1 | Final: -32 | Status: AVAILABLE | Action: SKIP | Premium: NO | Reg Price: $17.29 | Renew: $17.29
hiredvuelta.com | Brand: -38 | SEO: 5 | Final: -33 | Status: AVAILABLE | Action: SKIP | Premium: NO | Reg Price: $17.29 | Renew: $17.29
aog88-aa.com | Brand: -55 | SEO: 1 | Final: -54 | Status: AVAILABLE | Action: SKIP | Premium: NO | Reg Price: $17.29 | Renew: $17.29
gz5dok.com | Brand: -60 | SEO: 1 | Final: -59 | Status: AVAILABLE | Action: SKIP | Premium: NO | Reg Price: $17.29 | Renew: $17.29
corporacionfjc.com | Brand: -86 | SEO: 5 | Final: -81 | Status: AVAILABLE | Action: SKIP | Premium: NO | Reg Price: $17.29 | Renew: $17.29

=== TAKEN ===
ahmedms.com | Brand: 50 | SEO: 16 | Final: 66 | Status: NOT AVAILABLE | Action: TAKEN
beenwaitingforthis.com | Brand: 47 | SEO: 16 | Final: 63 | Status: NOT AVAILABLE | Action: TAKEN
saratogaconcierge.com | Brand: 12 | SEO: 5 | Final: 17 | Status: NOT AVAILABLE | Action: TAKEN
wissingconstruction.com | Brand: -11 | SEO: 5 | Final: -6 | Status: NOT AVAILABLE | Action: TAKEN
thetubeguys.com | Brand: -38 | SEO: 5 | Final: -33 | Status: NOT AVAILABLE | Action: TAKEN
glowbyjyj.com | Brand: -114 | SEO: 9 | Final: -105 | Status: NOT AVAILABLE | Action: TAKEN
HTTP status: 200
Page length: 97287
Rows found: 25
Found 25 domains

=== BUY CANDIDATES ===

=== REVIEW MANUALLY ===
haohai-tech.com | Brand: 52 | SEO: 17 | Final: 69 | Status: AVAILABLE | Action: REVIEW | Premium: NO | Reg Price: $17.29 | Renew: $17.29

=== SKIP ===
etech-b-v.com | Brand: 30 | SEO: 8 | Final: 38 | Status: AVAILABLE | Action: SKIP | Premium: NO | Reg Price: $17.29 | Renew: $17.29
getgoldnecklace.com | Brand: 27 | SEO: 5 | Final: 32 | Status: AVAILABLE | Action: SKIP | Premium: NO | Reg Price: $17.29 | Renew: $17.29
buyinternacional.com | Brand: 12 | SEO: 5 | Final: 17 | Status: AVAILABLE | Action: SKIP | Premium: NO | Reg Price: $17.29 | Renew: $17.29
anticamasseriagenito.com | Brand: 12 | SEO: 5 | Final: 17 | Status: AVAILABLE | Action: SKIP | Premium: NO | Reg Price: $17.29 | Renew: $17.29
okvip-aa.com | Brand: 15 | SEO: 1 | Final: 16 | Status: AVAILABLE | Action: SKIP | Premium: NO | Reg Price: $17.29 | Renew: $17.29
athena-knows.com | Brand: 22 | SEO: -10 | Final: 12 | Status: AVAILABLE | Action: SKIP | Premium: NO | Reg Price: $17.29 | Renew: $17.29
internetbusinessworkshop.com | Brand: -11 | SEO: 5 | Final: -6 | Status: AVAILABLE | Action: SKIP | Premium: NO | Reg Price: $17.29 | Renew: $17.29
lakewoodtypingacademy.com | Brand: -11 | SEO: 5 | Final: -6 | Status: AVAILABLE | Action: SKIP | Premium: NO | Reg Price: $17.29 | Renew: $17.29
archibana.com | Brand: -28 | SEO: 9 | Final: -19 | Status: AVAILABLE | Action: SKIP | Premium: NO | Reg Price: $17.29 | Renew: $17.29
feiyuwei.com | Brand: -40 | SEO: 16 | Final: -24 | Status: AVAILABLE | Action: SKIP | Premium: NO | Reg Price: $17.29 | Renew: $17.29
ae789-bb.com | Brand: -33 | SEO: 1 | Final: -32 | Status: AVAILABLE | Action: SKIP | Premium: NO | Reg Price: $17.29 | Renew: $17.29
1bot-aa.com | Brand: -33 | SEO: 1 | Final: -32 | Status: AVAILABLE | Action: SKIP | Premium: NO | Reg Price: $17.29 | Renew: $17.29
hiredvuelta.com | Brand: -38 | SEO: 5 | Final: -33 | Status: AVAILABLE | Action: SKIP | Premium: NO | Reg Price: $17.29 | Renew: $17.29
aog88-aa.com | Brand: -55 | SEO: 1 | Final: -54 | Status: AVAILABLE | Action: SKIP | Premium: NO | Reg Price: $17.29 | Renew: $17.29
gz5dok.com | Brand: -60 | SEO: 1 | Final: -59 | Status: AVAILABLE | Action: SKIP | Premium: NO | Reg Price: $17.29 | Renew: $17.29
corporacionfjc.com | Brand: -86 | SEO: 5 | Final: -81 | Status: AVAILABLE | Action: SKIP | Premium: NO | Reg Price: $17.29 | Renew: $17.29

=== TAKEN ===
ahmedms.com | Brand: 50 | SEO: 16 | Final: 66 | Status: NOT AVAILABLE | Action: TAKEN
beenwaitingforthis.com | Brand: 47 | SEO: 16 | Final: 63 | Status: NOT AVAILABLE | Action: TAKEN
saratogaconcierge.com | Brand: 12 | SEO: 5 | Final: 17 | Status: NOT AVAILABLE | Action: TAKEN
wissingconstruction.com | Brand: -11 | SEO: 5 | Final: -6 | Status: NOT AVAILABLE | Action: TAKEN
hamiemie.com | Brand: -40 | SEO: 16 | Final: -24 | Status: NOT AVAILABLE | Action: TAKEN
farrdigital.com | Brand: -30 | SEO: 5 | Final: -25 | Status: NOT AVAILABLE | Action: TAKEN
thetubeguys.com | Brand: -38 | SEO: 5 | Final: -33 | Status: NOT AVAILABLE | Action: TAKEN
glowbyjyj.com | Brand: -114 | SEO: 9 | Final: -105 | Status: NOT AVAILABLE | Action: TAKEN
HTTP status: 200
Page length: 97287
Rows found: 25
Found 25 domains

=== BUY CANDIDATES ===

=== REVIEW MANUALLY ===
haohai-tech.com | Brand: 52 | SEO: 17 | Final: 69 | Status: AVAILABLE | Action: REVIEW | Premium: NO | Reg Price: $17.29 | Renew: $17.29

=== SKIP ===
etech-b-v.com | Brand: 30 | SEO: 8 | Final: 38 | Status: AVAILABLE | Action: SKIP | Premium: NO | Reg Price: $17.29 | Renew: $17.29
getgoldnecklace.com | Brand: 27 | SEO: 5 | Final: 32 | Status: AVAILABLE | Action: SKIP | Premium: NO | Reg Price: $17.29 | Renew: $17.29
buyinternacional.com | Brand: 12 | SEO: 5 | Final: 17 | Status: AVAILABLE | Action: SKIP | Premium: NO | Reg Price: $17.29 | Renew: $17.29
anticamasseriagenito.com | Brand: 12 | SEO: 5 | Final: 17 | Status: AVAILABLE | Action: SKIP | Premium: NO | Reg Price: $17.29 | Renew: $17.29
okvip-aa.com | Brand: 15 | SEO: 1 | Final: 16 | Status: AVAILABLE | Action: SKIP | Premium: NO | Reg Price: $17.29 | Renew: $17.29
athena-knows.com | Brand: 22 | SEO: -10 | Final: 12 | Status: AVAILABLE | Action: SKIP | Premium: NO | Reg Price: $17.29 | Renew: $17.29
internetbusinessworkshop.com | Brand: -11 | SEO: 5 | Final: -6 | Status: AVAILABLE | Action: SKIP | Premium: NO | Reg Price: $17.29 | Renew: $17.29
lakewoodtypingacademy.com | Brand: -11 | SEO: 5 | Final: -6 | Status: AVAILABLE | Action: SKIP | Premium: NO | Reg Price: $17.29 | Renew: $17.29
archibana.com | Brand: -28 | SEO: 9 | Final: -19 | Status: AVAILABLE | Action: SKIP | Premium: NO | Reg Price: $17.29 | Renew: $17.29
ae789-bb.com | Brand: -33 | SEO: 1 | Final: -32 | Status: AVAILABLE | Action: SKIP | Premium: NO | Reg Price: $17.29 | Renew: $17.29
1bot-aa.com | Brand: -33 | SEO: 1 | Final: -32 | Status: AVAILABLE | Action: SKIP | Premium: NO | Reg Price: $17.29 | Renew: $17.29
hiredvuelta.com | Brand: -38 | SEO: 5 | Final: -33 | Status: AVAILABLE | Action: SKIP | Premium: NO | Reg Price: $17.29 | Renew: $17.29
aog88-aa.com | Brand: -55 | SEO: 1 | Final: -54 | Status: AVAILABLE | Action: SKIP | Premium: NO | Reg Price: $17.29 | Renew: $17.29
gz5dok.com | Brand: -60 | SEO: 1 | Final: -59 | Status: AVAILABLE | Action: SKIP | Premium: NO | Reg Price: $17.29 | Renew: $17.29
corporacionfjc.com | Brand: -86 | SEO: 5 | Final: -81 | Status: AVAILABLE | Action: SKIP | Premium: NO | Reg Price: $17.29 | Renew: $17.29

=== TAKEN ===
ahmedms.com | Brand: 50 | SEO: 16 | Final: 66 | Status: NOT AVAILABLE | Action: TAKEN
beenwaitingforthis.com | Brand: 47 | SEO: 16 | Final: 63 | Status: NOT AVAILABLE | Action: TAKEN
saratogaconcierge.com | Brand: 12 | SEO: 5 | Final: 17 | Status: NOT AVAILABLE | Action: TAKEN
wissingconstruction.com | Brand: -11 | SEO: 5 | Final: -6 | Status: NOT AVAILABLE | Action: TAKEN
hamiemie.com | Brand: -40 | SEO: 16 | Final: -24 | Status: NOT AVAILABLE | Action: TAKEN
feiyuwei.com | Brand: -40 | SEO: 16 | Final: -24 | Status: NOT AVAILABLE | Action: TAKEN
farrdigital.com | Brand: -30 | SEO: 5 | Final: -25 | Status: NOT AVAILABLE | Action: TAKEN
thetubeguys.com | Brand: -38 | SEO: 5 | Final: -33 | Status: NOT AVAILABLE | Action: TAKEN
glowbyjyj.com | Brand: -114 | SEO: 9 | Final: -105 | Status: NOT AVAILABLE | Action: TAKEN
HTTP status: 200
Page length: 97032
Rows found: 25
Found 25 domains

=== BUY CANDIDATES ===

=== REVIEW MANUALLY ===
haohai-tech.com | Brand: 52 | SEO: 17 | Final: 69 | Status: AVAILABLE | Action: REVIEW | Premium: NO | Reg Price: $17.29 | Renew: $17.29

=== SKIP ===
etech-b-v.com | Brand: 30 | SEO: 8 | Final: 38 | Status: AVAILABLE | Action: SKIP | Premium: NO | Reg Price: $17.29 | Renew: $17.29
getgoldnecklace.com | Brand: 27 | SEO: 5 | Final: 32 | Status: AVAILABLE | Action: SKIP | Premium: NO | Reg Price: $17.29 | Renew: $17.29
buyinternacional.com | Brand: 12 | SEO: 5 | Final: 17 | Status: AVAILABLE | Action: SKIP | Premium: NO | Reg Price: $17.29 | Renew: $17.29
anticamasseriagenito.com | Brand: 12 | SEO: 5 | Final: 17 | Status: AVAILABLE | Action: SKIP | Premium: NO | Reg Price: $17.29 | Renew: $17.29
okvip-aa.com | Brand: 15 | SEO: 1 | Final: 16 | Status: AVAILABLE | Action: SKIP | Premium: NO | Reg Price: $17.29 | Renew: $17.29
athena-knows.com | Brand: 22 | SEO: -10 | Final: 12 | Status: AVAILABLE | Action: SKIP | Premium: NO | Reg Price: $17.29 | Renew: $17.29
lakewoodtypingacademy.com | Brand: -11 | SEO: 5 | Final: -6 | Status: AVAILABLE | Action: SKIP | Premium: NO | Reg Price: $17.29 | Renew: $17.29
archibana.com | Brand: -28 | SEO: 9 | Final: -19 | Status: AVAILABLE | Action: SKIP | Premium: NO | Reg Price: $17.29 | Renew: $17.29
ae789-bb.com | Brand: -33 | SEO: 1 | Final: -32 | Status: AVAILABLE | Action: SKIP | Premium: NO | Reg Price: $17.29 | Renew: $17.29
1bot-aa.com | Brand: -33 | SEO: 1 | Final: -32 | Status: AVAILABLE | Action: SKIP | Premium: NO | Reg Price: $17.29 | Renew: $17.29
hiredvuelta.com | Brand: -38 | SEO: 5 | Final: -33 | Status: AVAILABLE | Action: SKIP | Premium: NO | Reg Price: $17.29 | Renew: $17.29
aog88-aa.com | Brand: -55 | SEO: 1 | Final: -54 | Status: AVAILABLE | Action: SKIP | Premium: NO | Reg Price: $17.29 | Renew: $17.29
gz5dok.com | Brand: -60 | SEO: 1 | Final: -59 | Status: AVAILABLE | Action: SKIP | Premium: NO | Reg Price: $17.29 | Renew: $17.29
corporacionfjc.com | Brand: -86 | SEO: 5 | Final: -81 | Status: AVAILABLE | Action: SKIP | Premium: NO | Reg Price: $17.29 | Renew: $17.29

=== TAKEN ===
ahmedms.com | Brand: 50 | SEO: 16 | Final: 66 | Status: NOT AVAILABLE | Action: TAKEN
beenwaitingforthis.com | Brand: 47 | SEO: 16 | Final: 63 | Status: NOT AVAILABLE | Action: TAKEN
saratogaconcierge.com | Brand: 12 | SEO: 5 | Final: 17 | Status: NOT AVAILABLE | Action: TAKEN
internetbusinessworkshop.com | Brand: -11 | SEO: 5 | Final: -6 | Status: NOT AVAILABLE | Action: TAKEN
wissingconstruction.com | Brand: -11 | SEO: 5 | Final: -6 | Status: NOT AVAILABLE | Action: TAKEN
hamiemie.com | Brand: -40 | SEO: 16 | Final: -24 | Status: NOT AVAILABLE | Action: TAKEN
feiyuwei.com | Brand: -40 | SEO: 16 | Final: -24 | Status: NOT AVAILABLE | Action: TAKEN
farrdigital.com | Brand: -30 | SEO: 5 | Final: -25 | Status: NOT AVAILABLE | Action: TAKEN
thetubeguys.com | Brand: -38 | SEO: 5 | Final: -33 | Status: NOT AVAILABLE | Action: TAKEN
glowbyjyj.com | Brand: -114 | SEO: 9 | Final: -105 | Status: NOT AVAILABLE | Action: TAKEN
HTTP status: 200
Page length: 97032
Rows found: 25
Found 25 domains

=== BUY CANDIDATES ===

=== REVIEW MANUALLY ===
haohai-tech.com | Brand: 52 | SEO: 17 | Final: 69 | Status: AVAILABLE | Action: REVIEW | Premium: NO | Reg Price: $17.29 | Renew: $17.29

=== SKIP ===
etech-b-v.com | Brand: 30 | SEO: 8 | Final: 38 | Status: AVAILABLE | Action: SKIP | Premium: NO | Reg Price: $17.29 | Renew: $17.29
getgoldnecklace.com | Brand: 27 | SEO: 5 | Final: 32 | Status: AVAILABLE | Action: SKIP | Premium: NO | Reg Price: $17.29 | Renew: $17.29
buyinternacional.com | Brand: 12 | SEO: 5 | Final: 17 | Status: AVAILABLE | Action: SKIP | Premium: NO | Reg Price: $17.29 | Renew: $17.29
anticamasseriagenito.com | Brand: 12 | SEO: 5 | Final: 17 | Status: AVAILABLE | Action: SKIP | Premium: NO | Reg Price: $17.29 | Renew: $17.29
okvip-aa.com | Brand: 15 | SEO: 1 | Final: 16 | Status: AVAILABLE | Action: SKIP | Premium: NO | Reg Price: $17.29 | Renew: $17.29
athena-knows.com | Brand: 22 | SEO: -10 | Final: 12 | Status: AVAILABLE | Action: SKIP | Premium: NO | Reg Price: $17.29 | Renew: $17.29
lakewoodtypingacademy.com | Brand: -11 | SEO: 5 | Final: -6 | Status: AVAILABLE | Action: SKIP | Premium: NO | Reg Price: $17.29 | Renew: $17.29
archibana.com | Brand: -28 | SEO: 9 | Final: -19 | Status: AVAILABLE | Action: SKIP | Premium: NO | Reg Price: $17.29 | Renew: $17.29
ae789-bb.com | Brand: -33 | SEO: 1 | Final: -32 | Status: AVAILABLE | Action: SKIP | Premium: NO | Reg Price: $17.29 | Renew: $17.29
1bot-aa.com | Brand: -33 | SEO: 1 | Final: -32 | Status: AVAILABLE | Action: SKIP | Premium: NO | Reg Price: $17.29 | Renew: $17.29
hiredvuelta.com | Brand: -38 | SEO: 5 | Final: -33 | Status: AVAILABLE | Action: SKIP | Premium: NO | Reg Price: $17.29 | Renew: $17.29
aog88-aa.com | Brand: -55 | SEO: 1 | Final: -54 | Status: AVAILABLE | Action: SKIP | Premium: NO | Reg Price: $17.29 | Renew: $17.29
gz5dok.com | Brand: -60 | SEO: 1 | Final: -59 | Status: AVAILABLE | Action: SKIP | Premium: NO | Reg Price: $17.29 | Renew: $17.29
corporacionfjc.com | Brand: -86 | SEO: 5 | Final: -81 | Status: AVAILABLE | Action: SKIP | Premium: NO | Reg Price: $17.29 | Renew: $17.29

=== TAKEN ===
ahmedms.com | Brand: 50 | SEO: 16 | Final: 66 | Status: NOT AVAILABLE | Action: TAKEN
beenwaitingforthis.com | Brand: 47 | SEO: 16 | Final: 63 | Status: NOT AVAILABLE | Action: TAKEN
saratogaconcierge.com | Brand: 12 | SEO: 5 | Final: 17 | Status: NOT AVAILABLE | Action: TAKEN
internetbusinessworkshop.com | Brand: -11 | SEO: 5 | Final: -6 | Status: NOT AVAILABLE | Action: TAKEN
wissingconstruction.com | Brand: -11 | SEO: 5 | Final: -6 | Status: NOT AVAILABLE | Action: TAKEN
hamiemie.com | Brand: -40 | SEO: 16 | Final: -24 | Status: NOT AVAILABLE | Action: TAKEN
feiyuwei.com | Brand: -40 | SEO: 16 | Final: -24 | Status: NOT AVAILABLE | Action: TAKEN
farrdigital.com | Brand: -30 | SEO: 5 | Final: -25 | Status: NOT AVAILABLE | Action: TAKEN
thetubeguys.com | Brand: -38 | SEO: 5 | Final: -33 | Status: NOT AVAILABLE | Action: TAKEN
glowbyjyj.com | Brand: -114 | SEO: 9 | Final: -105 | Status: NOT AVAILABLE | Action: TAKEN
HTTP status: 200
Page length: 97032
Rows found: 25
Found 25 domains

=== BUY CANDIDATES ===

=== REVIEW MANUALLY ===
haohai-tech.com | Brand: 52 | SEO: 17 | Final: 69 | Status: AVAILABLE | Action: REVIEW | Premium: NO | Reg Price: $17.29 | Renew: $17.29

=== SKIP ===
etech-b-v.com | Brand: 30 | SEO: 8 | Final: 38 | Status: AVAILABLE | Action: SKIP | Premium: NO | Reg Price: $17.29 | Renew: $17.29
getgoldnecklace.com | Brand: 27 | SEO: 5 | Final: 32 | Status: AVAILABLE | Action: SKIP | Premium: NO | Reg Price: $17.29 | Renew: $17.29
buyinternacional.com | Brand: 12 | SEO: 5 | Final: 17 | Status: AVAILABLE | Action: SKIP | Premium: NO | Reg Price: $17.29 | Renew: $17.29
anticamasseriagenito.com | Brand: 12 | SEO: 5 | Final: 17 | Status: AVAILABLE | Action: SKIP | Premium: NO | Reg Price: $17.29 | Renew: $17.29
okvip-aa.com | Brand: 15 | SEO: 1 | Final: 16 | Status: AVAILABLE | Action: SKIP | Premium: NO | Reg Price: $17.29 | Renew: $17.29
athena-knows.com | Brand: 22 | SEO: -10 | Final: 12 | Status: AVAILABLE | Action: SKIP | Premium: NO | Reg Price: $17.29 | Renew: $17.29
lakewoodtypingacademy.com | Brand: -11 | SEO: 5 | Final: -6 | Status: AVAILABLE | Action: SKIP | Premium: NO | Reg Price: $17.29 | Renew: $17.29
archibana.com | Brand: -28 | SEO: 9 | Final: -19 | Status: AVAILABLE | Action: SKIP | Premium: NO | Reg Price: $17.29 | Renew: $17.29
ae789-bb.com | Brand: -33 | SEO: 1 | Final: -32 | Status: AVAILABLE | Action: SKIP | Premium: NO | Reg Price: $17.29 | Renew: $17.29
1bot-aa.com | Brand: -33 | SEO: 1 | Final: -32 | Status: AVAILABLE | Action: SKIP | Premium: NO | Reg Price: $17.29 | Renew: $17.29
hiredvuelta.com | Brand: -38 | SEO: 5 | Final: -33 | Status: AVAILABLE | Action: SKIP | Premium: NO | Reg Price: $17.29 | Renew: $17.29
aog88-aa.com | Brand: -55 | SEO: 1 | Final: -54 | Status: AVAILABLE | Action: SKIP | Premium: NO | Reg Price: $17.29 | Renew: $17.29
gz5dok.com | Brand: -60 | SEO: 1 | Final: -59 | Status: AVAILABLE | Action: SKIP | Premium: NO | Reg Price: $17.29 | Renew: $17.29
corporacionfjc.com | Brand: -86 | SEO: 5 | Final: -81 | Status: AVAILABLE | Action: SKIP | Premium: NO | Reg Price: $17.29 | Renew: $17.29

=== TAKEN ===
ahmedms.com | Brand: 50 | SEO: 16 | Final: 66 | Status: NOT AVAILABLE | Action: TAKEN
beenwaitingforthis.com | Brand: 47 | SEO: 16 | Final: 63 | Status: NOT AVAILABLE | Action: TAKEN
saratogaconcierge.com | Brand: 12 | SEO: 5 | Final: 17 | Status: NOT AVAILABLE | Action: TAKEN
internetbusinessworkshop.com | Brand: -11 | SEO: 5 | Final: -6 | Status: NOT AVAILABLE | Action: TAKEN
wissingconstruction.com | Brand: -11 | SEO: 5 | Final: -6 | Status: NOT AVAILABLE | Action: TAKEN
hamiemie.com | Brand: -40 | SEO: 16 | Final: -24 | Status: NOT AVAILABLE | Action: TAKEN
feiyuwei.com | Brand: -40 | SEO: 16 | Final: -24 | Status: NOT AVAILABLE | Action: TAKEN
farrdigital.com | Brand: -30 | SEO: 5 | Final: -25 | Status: NOT AVAILABLE | Action: TAKEN
thetubeguys.com | Brand: -38 | SEO: 5 | Final: -33 | Status: NOT AVAILABLE | Action: TAKEN
glowbyjyj.com | Brand: -114 | SEO: 9 | Final: -105 | Status: NOT AVAILABLE | Action: TAKEN
HTTP status: 200
Page length: 97032
Rows found: 25
Found 25 domains

=== BUY CANDIDATES ===

=== REVIEW MANUALLY ===
haohai-tech.com | Brand: 52 | SEO: 17 | Final: 69 | Status: AVAILABLE | Action: REVIEW | Premium: NO | Reg Price: $17.29 | Renew: $17.29

=== SKIP ===
etech-b-v.com | Brand: 30 | SEO: 8 | Final: 38 | Status: AVAILABLE | Action: SKIP | Premium: NO | Reg Price: $17.29 | Renew: $17.29
getgoldnecklace.com | Brand: 27 | SEO: 5 | Final: 32 | Status: AVAILABLE | Action: SKIP | Premium: NO | Reg Price: $17.29 | Renew: $17.29
buyinternacional.com | Brand: 12 | SEO: 5 | Final: 17 | Status: AVAILABLE | Action: SKIP | Premium: NO | Reg Price: $17.29 | Renew: $17.29
anticamasseriagenito.com | Brand: 12 | SEO: 5 | Final: 17 | Status: AVAILABLE | Action: SKIP | Premium: NO | Reg Price: $17.29 | Renew: $17.29
okvip-aa.com | Brand: 15 | SEO: 1 | Final: 16 | Status: AVAILABLE | Action: SKIP | Premium: NO | Reg Price: $17.29 | Renew: $17.29
athena-knows.com | Brand: 22 | SEO: -10 | Final: 12 | Status: AVAILABLE | Action: SKIP | Premium: NO | Reg Price: $17.29 | Renew: $17.29
lakewoodtypingacademy.com | Brand: -11 | SEO: 5 | Final: -6 | Status: AVAILABLE | Action: SKIP | Premium: NO | Reg Price: $17.29 | Renew: $17.29
archibana.com | Brand: -28 | SEO: 9 | Final: -19 | Status: AVAILABLE | Action: SKIP | Premium: NO | Reg Price: $17.29 | Renew: $17.29
ae789-bb.com | Brand: -33 | SEO: 1 | Final: -32 | Status: AVAILABLE | Action: SKIP | Premium: NO | Reg Price: $17.29 | Renew: $17.29
1bot-aa.com | Brand: -33 | SEO: 1 | Final: -32 | Status: AVAILABLE | Action: SKIP | Premium: NO | Reg Price: $17.29 | Renew: $17.29
hiredvuelta.com | Brand: -38 | SEO: 5 | Final: -33 | Status: AVAILABLE | Action: SKIP | Premium: NO | Reg Price: $17.29 | Renew: $17.29
aog88-aa.com | Brand: -55 | SEO: 1 | Final: -54 | Status: AVAILABLE | Action: SKIP | Premium: NO | Reg Price: $17.29 | Renew: $17.29
gz5dok.com | Brand: -60 | SEO: 1 | Final: -59 | Status: AVAILABLE | Action: SKIP | Premium: NO | Reg Price: $17.29 | Renew: $17.29
corporacionfjc.com | Brand: -86 | SEO: 5 | Final: -81 | Status: AVAILABLE | Action: SKIP | Premium: NO | Reg Price: $17.29 | Renew: $17.29

=== TAKEN ===
ahmedms.com | Brand: 50 | SEO: 16 | Final: 66 | Status: NOT AVAILABLE | Action: TAKEN
beenwaitingforthis.com | Brand: 47 | SEO: 16 | Final: 63 | Status: NOT AVAILABLE | Action: TAKEN
saratogaconcierge.com | Brand: 12 | SEO: 5 | Final: 17 | Status: NOT AVAILABLE | Action: TAKEN
internetbusinessworkshop.com | Brand: -11 | SEO: 5 | Final: -6 | Status: NOT AVAILABLE | Action: TAKEN
wissingconstruction.com | Brand: -11 | SEO: 5 | Final: -6 | Status: NOT AVAILABLE | Action: TAKEN
hamiemie.com | Brand: -40 | SEO: 16 | Final: -24 | Status: NOT AVAILABLE | Action: TAKEN
feiyuwei.com | Brand: -40 | SEO: 16 | Final: -24 | Status: NOT AVAILABLE | Action: TAKEN
farrdigital.com | Brand: -30 | SEO: 5 | Final: -25 | Status: NOT AVAILABLE | Action: TAKEN
thetubeguys.com | Brand: -38 | SEO: 5 | Final: -33 | Status: NOT AVAILABLE | Action: TAKEN
glowbyjyj.com | Brand: -114 | SEO: 9 | Final: -105 | Status: NOT AVAILABLE | Action: TAKEN
HTTP status: 200
Page length: 97032
Rows found: 25
Found 25 domains

=== BUY CANDIDATES ===

=== REVIEW MANUALLY ===
haohai-tech.com | Brand: 52 | SEO: 17 | Final: 69 | Status: AVAILABLE | Action: REVIEW | Premium: NO | Reg Price: $17.29 | Renew: $17.29

=== SKIP ===
etech-b-v.com | Brand: 30 | SEO: 8 | Final: 38 | Status: AVAILABLE | Action: SKIP | Premium: NO | Reg Price: $17.29 | Renew: $17.29
getgoldnecklace.com | Brand: 27 | SEO: 5 | Final: 32 | Status: AVAILABLE | Action: SKIP | Premium: NO | Reg Price: $17.29 | Renew: $17.29
buyinternacional.com | Brand: 12 | SEO: 5 | Final: 17 | Status: AVAILABLE | Action: SKIP | Premium: NO | Reg Price: $17.29 | Renew: $17.29
anticamasseriagenito.com | Brand: 12 | SEO: 5 | Final: 17 | Status: AVAILABLE | Action: SKIP | Premium: NO | Reg Price: $17.29 | Renew: $17.29
okvip-aa.com | Brand: 15 | SEO: 1 | Final: 16 | Status: AVAILABLE | Action: SKIP | Premium: NO | Reg Price: $17.29 | Renew: $17.29
athena-knows.com | Brand: 22 | SEO: -10 | Final: 12 | Status: AVAILABLE | Action: SKIP | Premium: NO | Reg Price: $17.29 | Renew: $17.29
lakewoodtypingacademy.com | Brand: -11 | SEO: 5 | Final: -6 | Status: AVAILABLE | Action: SKIP | Premium: NO | Reg Price: $17.29 | Renew: $17.29
archibana.com | Brand: -28 | SEO: 9 | Final: -19 | Status: AVAILABLE | Action: SKIP | Premium: NO | Reg Price: $17.29 | Renew: $17.29
ae789-bb.com | Brand: -33 | SEO: 1 | Final: -32 | Status: AVAILABLE | Action: SKIP | Premium: NO | Reg Price: $17.29 | Renew: $17.29
1bot-aa.com | Brand: -33 | SEO: 1 | Final: -32 | Status: AVAILABLE | Action: SKIP | Premium: NO | Reg Price: $17.29 | Renew: $17.29
hiredvuelta.com | Brand: -38 | SEO: 5 | Final: -33 | Status: AVAILABLE | Action: SKIP | Premium: NO | Reg Price: $17.29 | Renew: $17.29
aog88-aa.com | Brand: -55 | SEO: 1 | Final: -54 | Status: AVAILABLE | Action: SKIP | Premium: NO | Reg Price: $17.29 | Renew: $17.29
gz5dok.com | Brand: -60 | SEO: 1 | Final: -59 | Status: AVAILABLE | Action: SKIP | Premium: NO | Reg Price: $17.29 | Renew: $17.29
corporacionfjc.com | Brand: -86 | SEO: 5 | Final: -81 | Status: AVAILABLE | Action: SKIP | Premium: NO | Reg Price: $17.29 | Renew: $17.29

=== TAKEN ===
ahmedms.com | Brand: 50 | SEO: 16 | Final: 66 | Status: NOT AVAILABLE | Action: TAKEN
beenwaitingforthis.com | Brand: 47 | SEO: 16 | Final: 63 | Status: NOT AVAILABLE | Action: TAKEN
saratogaconcierge.com | Brand: 12 | SEO: 5 | Final: 17 | Status: NOT AVAILABLE | Action: TAKEN
internetbusinessworkshop.com | Brand: -11 | SEO: 5 | Final: -6 | Status: NOT AVAILABLE | Action: TAKEN
wissingconstruction.com | Brand: -11 | SEO: 5 | Final: -6 | Status: NOT AVAILABLE | Action: TAKEN
hamiemie.com | Brand: -40 | SEO: 16 | Final: -24 | Status: NOT AVAILABLE | Action: TAKEN
feiyuwei.com | Brand: -40 | SEO: 16 | Final: -24 | Status: NOT AVAILABLE | Action: TAKEN
farrdigital.com | Brand: -30 | SEO: 5 | Final: -25 | Status: NOT AVAILABLE | Action: TAKEN
thetubeguys.com | Brand: -38 | SEO: 5 | Final: -33 | Status: NOT AVAILABLE | Action: TAKEN
glowbyjyj.com | Brand: -114 | SEO: 9 | Final: -105 | Status: NOT AVAILABLE | Action: TAKEN
HTTP status: 200
Page length: 97032
Rows found: 25
Found 25 domains

=== BUY CANDIDATES ===

=== REVIEW MANUALLY ===
haohai-tech.com | Brand: 52 | SEO: 17 | Final: 69 | Status: AVAILABLE | Action: REVIEW | Premium: NO | Reg Price: $17.29 | Renew: $17.29

=== SKIP ===
getgoldnecklace.com | Brand: 27 | SEO: 5 | Final: 32 | Status: AVAILABLE | Action: SKIP | Premium: NO | Reg Price: $17.29 | Renew: $17.29
okvip-aa.com | Brand: 15 | SEO: 1 | Final: 16 | Status: AVAILABLE | Action: SKIP | Premium: NO | Reg Price: $17.29 | Renew: $17.29
athena-knows.com | Brand: 22 | SEO: -10 | Final: 12 | Status: AVAILABLE | Action: SKIP | Premium: NO | Reg Price: $17.29 | Renew: $17.29
lakewoodtypingacademy.com | Brand: -11 | SEO: 5 | Final: -6 | Status: AVAILABLE | Action: SKIP | Premium: NO | Reg Price: $17.29 | Renew: $17.29
archibana.com | Brand: -28 | SEO: 9 | Final: -19 | Status: AVAILABLE | Action: SKIP | Premium: NO | Reg Price: $17.29 | Renew: $17.29
ae789-bb.com | Brand: -33 | SEO: 1 | Final: -32 | Status: AVAILABLE | Action: SKIP | Premium: NO | Reg Price: $17.29 | Renew: $17.29
1bot-aa.com | Brand: -33 | SEO: 1 | Final: -32 | Status: AVAILABLE | Action: SKIP | Premium: NO | Reg Price: $17.29 | Renew: $17.29
hiredvuelta.com | Brand: -38 | SEO: 5 | Final: -33 | Status: AVAILABLE | Action: SKIP | Premium: NO | Reg Price: $17.29 | Renew: $17.29
aog88-aa.com | Brand: -55 | SEO: 1 | Final: -54 | Status: AVAILABLE | Action: SKIP | Premium: NO | Reg Price: $17.29 | Renew: $17.29
gz5dok.com | Brand: -60 | SEO: 1 | Final: -59 | Status: AVAILABLE | Action: SKIP | Premium: NO | Reg Price: $17.29 | Renew: $17.29

=== TAKEN ===
ahmedms.com | Brand: 50 | SEO: 16 | Final: 66 | Status: NOT AVAILABLE | Action: TAKEN
beenwaitingforthis.com | Brand: 47 | SEO: 16 | Final: 63 | Status: NOT AVAILABLE | Action: TAKEN
etech-b-v.com | Brand: 30 | SEO: 8 | Final: 38 | Status: NOT AVAILABLE | Action: TAKEN
saratogaconcierge.com | Brand: 12 | SEO: 5 | Final: 17 | Status: NOT AVAILABLE | Action: TAKEN
buyinternacional.com | Brand: 12 | SEO: 5 | Final: 17 | Status: NOT AVAILABLE | Action: TAKEN
anticamasseriagenito.com | Brand: 12 | SEO: 5 | Final: 17 | Status: NOT AVAILABLE | Action: TAKEN
internetbusinessworkshop.com | Brand: -11 | SEO: 5 | Final: -6 | Status: NOT AVAILABLE | Action: TAKEN
wissingconstruction.com | Brand: -11 | SEO: 5 | Final: -6 | Status: NOT AVAILABLE | Action: TAKEN
hamiemie.com | Brand: -40 | SEO: 16 | Final: -24 | Status: NOT AVAILABLE | Action: TAKEN
feiyuwei.com | Brand: -40 | SEO: 16 | Final: -24 | Status: NOT AVAILABLE | Action: TAKEN
farrdigital.com | Brand: -30 | SEO: 5 | Final: -25 | Status: NOT AVAILABLE | Action: TAKEN
thetubeguys.com | Brand: -38 | SEO: 5 | Final: -33 | Status: NOT AVAILABLE | Action: TAKEN
corporacionfjc.com | Brand: -86 | SEO: 5 | Final: -81 | Status: NOT AVAILABLE | Action: TAKEN
glowbyjyj.com | Brand: -114 | SEO: 9 | Final: -105 | Status: NOT AVAILABLE | Action: TAKEN
HTTP status: 200
Page length: 97032
Rows found: 25
Found 25 domains

=== BUY CANDIDATES ===

=== REVIEW MANUALLY ===
haohai-tech.com | Brand: 52 | SEO: 17 | Final: 69 | Status: AVAILABLE | Action: REVIEW | Premium: NO | Reg Price: $17.29 | Renew: $17.29

=== SKIP ===
getgoldnecklace.com | Brand: 27 | SEO: 5 | Final: 32 | Status: AVAILABLE | Action: SKIP | Premium: NO | Reg Price: $17.29 | Renew: $17.29
okvip-aa.com | Brand: 15 | SEO: 1 | Final: 16 | Status: AVAILABLE | Action: SKIP | Premium: NO | Reg Price: $17.29 | Renew: $17.29
athena-knows.com | Brand: 22 | SEO: -10 | Final: 12 | Status: AVAILABLE | Action: SKIP | Premium: NO | Reg Price: $17.29 | Renew: $17.29
lakewoodtypingacademy.com | Brand: -11 | SEO: 5 | Final: -6 | Status: AVAILABLE | Action: SKIP | Premium: NO | Reg Price: $17.29 | Renew: $17.29
archibana.com | Brand: -28 | SEO: 9 | Final: -19 | Status: AVAILABLE | Action: SKIP | Premium: NO | Reg Price: $17.29 | Renew: $17.29
ae789-bb.com | Brand: -33 | SEO: 1 | Final: -32 | Status: AVAILABLE | Action: SKIP | Premium: NO | Reg Price: $17.29 | Renew: $17.29
1bot-aa.com | Brand: -33 | SEO: 1 | Final: -32 | Status: AVAILABLE | Action: SKIP | Premium: NO | Reg Price: $17.29 | Renew: $17.29
hiredvuelta.com | Brand: -38 | SEO: 5 | Final: -33 | Status: AVAILABLE | Action: SKIP | Premium: NO | Reg Price: $17.29 | Renew: $17.29
aog88-aa.com | Brand: -55 | SEO: 1 | Final: -54 | Status: AVAILABLE | Action: SKIP | Premium: NO | Reg Price: $17.29 | Renew: $17.29
gz5dok.com | Brand: -60 | SEO: 1 | Final: -59 | Status: AVAILABLE | Action: SKIP | Premium: NO | Reg Price: $17.29 | Renew: $17.29

=== TAKEN ===
ahmedms.com | Brand: 50 | SEO: 16 | Final: 66 | Status: NOT AVAILABLE | Action: TAKEN
beenwaitingforthis.com | Brand: 47 | SEO: 16 | Final: 63 | Status: NOT AVAILABLE | Action: TAKEN
etech-b-v.com | Brand: 30 | SEO: 8 | Final: 38 | Status: NOT AVAILABLE | Action: TAKEN
saratogaconcierge.com | Brand: 12 | SEO: 5 | Final: 17 | Status: NOT AVAILABLE | Action: TAKEN
buyinternacional.com | Brand: 12 | SEO: 5 | Final: 17 | Status: NOT AVAILABLE | Action: TAKEN
anticamasseriagenito.com | Brand: 12 | SEO: 5 | Final: 17 | Status: NOT AVAILABLE | Action: TAKEN
internetbusinessworkshop.com | Brand: -11 | SEO: 5 | Final: -6 | Status: NOT AVAILABLE | Action: TAKEN
wissingconstruction.com | Brand: -11 | SEO: 5 | Final: -6 | Status: NOT AVAILABLE | Action: TAKEN
hamiemie.com | Brand: -40 | SEO: 16 | Final: -24 | Status: NOT AVAILABLE | Action: TAKEN
feiyuwei.com | Brand: -40 | SEO: 16 | Final: -24 | Status: NOT AVAILABLE | Action: TAKEN
farrdigital.com | Brand: -30 | SEO: 5 | Final: -25 | Status: NOT AVAILABLE | Action: TAKEN
thetubeguys.com | Brand: -38 | SEO: 5 | Final: -33 | Status: NOT AVAILABLE | Action: TAKEN
corporacionfjc.com | Brand: -86 | SEO: 5 | Final: -81 | Status: NOT AVAILABLE | Action: TAKEN
glowbyjyj.com | Brand: -114 | SEO: 9 | Final: -105 | Status: NOT AVAILABLE | Action: TAKEN
HTTP status: 200
Page length: 97031
Rows found: 25
Found 25 domains

=== BUY CANDIDATES ===

=== REVIEW MANUALLY ===
haohai-tech.com | Brand: 52 | SEO: 17 | Final: 69 | Status: AVAILABLE | Action: REVIEW | Premium: NO | Reg Price: $17.29 | Renew: $17.29

=== SKIP ===
getgoldnecklace.com | Brand: 27 | SEO: 5 | Final: 32 | Status: AVAILABLE | Action: SKIP | Premium: NO | Reg Price: $17.29 | Renew: $17.29
okvip-aa.com | Brand: 15 | SEO: 1 | Final: 16 | Status: AVAILABLE | Action: SKIP | Premium: NO | Reg Price: $17.29 | Renew: $17.29
athena-knows.com | Brand: 22 | SEO: -10 | Final: 12 | Status: AVAILABLE | Action: SKIP | Premium: NO | Reg Price: $17.29 | Renew: $17.29
lakewoodtypingacademy.com | Brand: -11 | SEO: 5 | Final: -6 | Status: AVAILABLE | Action: SKIP | Premium: NO | Reg Price: $17.29 | Renew: $17.29
archibana.com | Brand: -28 | SEO: 9 | Final: -19 | Status: AVAILABLE | Action: SKIP | Premium: NO | Reg Price: $17.29 | Renew: $17.29
ae789-bb.com | Brand: -33 | SEO: 1 | Final: -32 | Status: AVAILABLE | Action: SKIP | Premium: NO | Reg Price: $17.29 | Renew: $17.29
1bot-aa.com | Brand: -33 | SEO: 1 | Final: -32 | Status: AVAILABLE | Action: SKIP | Premium: NO | Reg Price: $17.29 | Renew: $17.29
hiredvuelta.com | Brand: -38 | SEO: 5 | Final: -33 | Status: AVAILABLE | Action: SKIP | Premium: NO | Reg Price: $17.29 | Renew: $17.29
aog88-aa.com | Brand: -55 | SEO: 1 | Final: -54 | Status: AVAILABLE | Action: SKIP | Premium: NO | Reg Price: $17.29 | Renew: $17.29
gz5dok.com | Brand: -60 | SEO: 1 | Final: -59 | Status: AVAILABLE | Action: SKIP | Premium: NO | Reg Price: $17.29 | Renew: $17.29

=== TAKEN ===
ahmedms.com | Brand: 50 | SEO: 16 | Final: 66 | Status: NOT AVAILABLE | Action: TAKEN
beenwaitingforthis.com | Brand: 47 | SEO: 16 | Final: 63 | Status: NOT AVAILABLE | Action: TAKEN
etech-b-v.com | Brand: 30 | SEO: 8 | Final: 38 | Status: NOT AVAILABLE | Action: TAKEN
saratogaconcierge.com | Brand: 12 | SEO: 5 | Final: 17 | Status: NOT AVAILABLE | Action: TAKEN
buyinternacional.com | Brand: 12 | SEO: 5 | Final: 17 | Status: NOT AVAILABLE | Action: TAKEN
anticamasseriagenito.com | Brand: 12 | SEO: 5 | Final: 17 | Status: NOT AVAILABLE | Action: TAKEN
internetbusinessworkshop.com | Brand: -11 | SEO: 5 | Final: -6 | Status: NOT AVAILABLE | Action: TAKEN
wissingconstruction.com | Brand: -11 | SEO: 5 | Final: -6 | Status: NOT AVAILABLE | Action: TAKEN
hamiemie.com | Brand: -40 | SEO: 16 | Final: -24 | Status: NOT AVAILABLE | Action: TAKEN
feiyuwei.com | Brand: -40 | SEO: 16 | Final: -24 | Status: NOT AVAILABLE | Action: TAKEN
farrdigital.com | Brand: -30 | SEO: 5 | Final: -25 | Status: NOT AVAILABLE | Action: TAKEN
thetubeguys.com | Brand: -38 | SEO: 5 | Final: -33 | Status: NOT AVAILABLE | Action: TAKEN
corporacionfjc.com | Brand: -86 | SEO: 5 | Final: -81 | Status: NOT AVAILABLE | Action: TAKEN
glowbyjyj.com | Brand: -114 | SEO: 9 | Final: -105 | Status: NOT AVAILABLE | Action: TAKEN
HTTP status: 200
Page length: 98258
Rows found: 25
Found 25 domains

=== BUY CANDIDATES ===
jjsolutionsmarketing.com | Brand: 71 | SEO: 16 | Final: 87 | Status: AVAILABLE | Action: BUY_CANDIDATE | Premium: NO | Reg Price: $17.29 | Renew: $17.29

=== REVIEW MANUALLY ===
applekechains.com | Brand: 66 | SEO: -3 | Final: 63 | Status: AVAILABLE | Action: REVIEW | Premium: NO | Reg Price: $17.29 | Renew: $17.29

=== SKIP ===
bizsuccessboost.com | Brand: 27 | SEO: 5 | Final: 32 | Status: AVAILABLE | Action: SKIP | Premium: NO | Reg Price: $17.29 | Renew: $17.29
britainvipbet.com | Brand: 8 | SEO: 23 | Final: 31 | Status: AVAILABLE | Action: SKIP | Premium: NO | Reg Price: $17.29 | Renew: $17.29
a-sbeauty.com | Brand: 32 | SEO: -10 | Final: 22 | Status: AVAILABLE | Action: SKIP | Premium: NO | Reg Price: $17.29 | Renew: $17.29
muscleforgeinstitute.com | Brand: 12 | SEO: 5 | Final: 17 | Status: AVAILABLE | Action: SKIP | Premium: NO | Reg Price: $17.29 | Renew: $17.29
fisiosteticnature.com | Brand: 12 | SEO: 5 | Final: 17 | Status: AVAILABLE | Action: SKIP | Premium: NO | Reg Price: $17.29 | Renew: $17.29
jasapintugarasiwina.com | Brand: 12 | SEO: 5 | Final: 17 | Status: AVAILABLE | Action: SKIP | Premium: NO | Reg Price: $17.29 | Renew: $17.29
slatwallpannels.com | Brand: 5 | SEO: 5 | Final: 10 | Status: AVAILABLE | Action: SKIP | Premium: NO | Reg Price: $17.29 | Renew: $17.29
marinewindowtintmiami.com | Brand: 2 | SEO: 5 | Final: 7 | Status: AVAILABLE | Action: SKIP | Premium: NO | Reg Price: $17.29 | Renew: $17.29
wunderax.com | Brand: -18 | SEO: 16 | Final: -2 | Status: AVAILABLE | Action: SKIP | Premium: NO | Reg Price: $17.29 | Renew: $17.29
dosdames.com | Brand: -18 | SEO: 16 | Final: -2 | Status: AVAILABLE | Action: SKIP | Premium: NO | Reg Price: $17.29 | Renew: $17.29
truesuwanee.com | Brand: -38 | SEO: 5 | Final: -33 | Status: AVAILABLE | Action: SKIP | Premium: NO | Reg Price: $17.29 | Renew: $17.29
cheapshooop.com | Brand: -38 | SEO: 5 | Final: -33 | Status: AVAILABLE | Action: SKIP | Premium: NO | Reg Price: $17.29 | Renew: $17.29
abbyjardine.com | Brand: -61 | SEO: 5 | Final: -56 | Status: AVAILABLE | Action: SKIP | Premium: NO | Reg Price: $17.29 | Renew: $17.29
jzty108.com | Brand: -58 | SEO: 1 | Final: -57 | Status: AVAILABLE | Action: SKIP | Premium: NO | Reg Price: $17.29 | Renew: $17.29
maboiteatubes.com | Brand: -63 | SEO: 5 | Final: -58 | Status: AVAILABLE | Action: SKIP | Premium: NO | Reg Price: $17.29 | Renew: $17.29
onlineinstig8.com | Brand: -54 | SEO: -10 | Final: -64 | Status: AVAILABLE | Action: SKIP | Premium: NO | Reg Price: $17.29 | Renew: $17.29
skystoria.com | Brand: -74 | SEO: 9 | Final: -65 | Status: AVAILABLE | Action: SKIP | Premium: NO | Reg Price: $17.29 | Renew: $17.29
vv1733.com | Brand: -70 | SEO: 1 | Final: -69 | Status: AVAILABLE | Action: SKIP | Premium: NO | Reg Price: $17.29 | Renew: $17.29
wheeliewealthy.com | Brand: -86 | SEO: 5 | Final: -81 | Status: AVAILABLE | Action: SKIP | Premium: NO | Reg Price: $17.29 | Renew: $17.29
saveweightshop.com | Brand: -109 | SEO: 5 | Final: -104 | Status: AVAILABLE | Action: SKIP | Premium: NO | Reg Price: $17.29 | Renew: $17.29
boltworkscraft.com | Brand: -131 | SEO: 5 | Final: -126 | Status: AVAILABLE | Action: SKIP | Premium: NO | Reg Price: $17.29 | Renew: $17.29

=== TAKEN ===
eta-inc.com | Brand: 42 | SEO: 1 | Final: 43 | Status: NOT AVAILABLE | Action: TAKEN
grindfootball.com | Brand: -63 | SEO: 5 | Final: -58 | Status: NOT AVAILABLE | Action: TAKEN
HTTP status: 200
Page length: 98131
Rows found: 25
Found 25 domains

=== BUY CANDIDATES ===
jjsolutionsmarketing.com | Brand: 71 | SEO: 16 | Final: 87 | Status: AVAILABLE | Action: BUY_CANDIDATE | Premium: NO | Reg Price: $17.29 | Renew: $17.29

=== REVIEW MANUALLY ===

=== SKIP ===
bizsuccessboost.com | Brand: 27 | SEO: 5 | Final: 32 | Status: AVAILABLE | Action: SKIP | Premium: NO | Reg Price: $17.29 | Renew: $17.29
britainvipbet.com | Brand: 8 | SEO: 23 | Final: 31 | Status: AVAILABLE | Action: SKIP | Premium: NO | Reg Price: $17.29 | Renew: $17.29
muscleforgeinstitute.com | Brand: 12 | SEO: 5 | Final: 17 | Status: AVAILABLE | Action: SKIP | Premium: NO | Reg Price: $17.29 | Renew: $17.29
marinewindowtintmiami.com | Brand: 2 | SEO: 5 | Final: 7 | Status: AVAILABLE | Action: SKIP | Premium: NO | Reg Price: $17.29 | Renew: $17.29
wunderax.com | Brand: -18 | SEO: 16 | Final: -2 | Status: AVAILABLE | Action: SKIP | Premium: NO | Reg Price: $17.29 | Renew: $17.29
truesuwanee.com | Brand: -38 | SEO: 5 | Final: -33 | Status: AVAILABLE | Action: SKIP | Premium: NO | Reg Price: $17.29 | Renew: $17.29
cheapshooop.com | Brand: -38 | SEO: 5 | Final: -33 | Status: AVAILABLE | Action: SKIP | Premium: NO | Reg Price: $17.29 | Renew: $17.29
jzty108.com | Brand: -58 | SEO: 1 | Final: -57 | Status: AVAILABLE | Action: SKIP | Premium: NO | Reg Price: $17.29 | Renew: $17.29
maboiteatubes.com | Brand: -63 | SEO: 5 | Final: -58 | Status: AVAILABLE | Action: SKIP | Premium: NO | Reg Price: $17.29 | Renew: $17.29

=== TAKEN ===

=== UNKNOWN ===
applekechains.com | Brand: 66 | SEO: -3 | Final: 63 | Status: UNKNOWN | Action: UNKNOWN | ERROR: NameSilo API error 210: Misuse of API
eta-inc.com | Brand: 42 | SEO: 1 | Final: 43 | Status: UNKNOWN | Action: UNKNOWN | ERROR: NameSilo API error 210: Misuse of API
a-sbeauty.com | Brand: 32 | SEO: -10 | Final: 22 | Status: UNKNOWN | Action: UNKNOWN | ERROR: NameSilo API error 210: Misuse of API
fisiosteticnature.com | Brand: 12 | SEO: 5 | Final: 17 | Status: UNKNOWN | Action: UNKNOWN | ERROR: NameSilo API error 210: Misuse of API
jasapintugarasiwina.com | Brand: 12 | SEO: 5 | Final: 17 | Status: UNKNOWN | Action: UNKNOWN | ERROR: NameSilo API error 210: Misuse of API
slatwallpannels.com | Brand: 5 | SEO: 5 | Final: 10 | Status: UNKNOWN | Action: UNKNOWN | ERROR: NameSilo API error 210: Misuse of API
dosdames.com | Brand: -18 | SEO: 16 | Final: -2 | Status: UNKNOWN | Action: UNKNOWN | ERROR: NameSilo API error 210: Misuse of API
abbyjardine.com | Brand: -61 | SEO: 5 | Final: -56 | Status: UNKNOWN | Action: UNKNOWN | ERROR: NameSilo API error 210: Misuse of API
grindfootball.com | Brand: -63 | SEO: 5 | Final: -58 | Status: UNKNOWN | Action: UNKNOWN | ERROR: NameSilo API error 210: Misuse of API
onlineinstig8.com | Brand: -54 | SEO: -10 | Final: -64 | Status: UNKNOWN | Action: UNKNOWN | ERROR: NameSilo API error 210: Misuse of API
skystoria.com | Brand: -74 | SEO: 9 | Final: -65 | Status: UNKNOWN | Action: UNKNOWN | ERROR: NameSilo API error 210: Misuse of API
vv1733.com | Brand: -70 | SEO: 1 | Final: -69 | Status: UNKNOWN | Action: UNKNOWN | ERROR: NameSilo API error 210: Misuse of API
wheeliewealthy.com | Brand: -86 | SEO: 5 | Final: -81 | Status: UNKNOWN | Action: UNKNOWN | ERROR: NameSilo API error 210: Misuse of API
saveweightshop.com | Brand: -109 | SEO: 5 | Final: -104 | Status: UNKNOWN | Action: UNKNOWN | ERROR: NameSilo API error 210: Misuse of API
boltworkscraft.com | Brand: -131 | SEO: 5 | Final: -126 | Status: UNKNOWN | Action: UNKNOWN | ERROR: NameSilo API error 210: Misuse of API
Traceback (most recent call last):
  File "/home/aaron/MyBotz/DomainMerchant/main.py", line 3, in <module>
    from services.availability_checker import check_domain_availability
  File "/home/aaron/MyBotz/DomainMerchant/services/availability_checker.py", line 3, in <module>
    from config import NAMESILO_API_KEY
ImportError: cannot import name 'NAMESILO_API_KEY' from 'config' (/home/aaron/MyBotz/DomainMerchant/config.py)
Traceback (most recent call last):
  File "/home/aaron/MyBotz/DomainMerchant/main.py", line 3, in <module>
    from services.availability_checker import check_domain_availability
  File "/home/aaron/MyBotz/DomainMerchant/services/availability_checker.py", line 3, in <module>
    from config import NAMESILO_API_KEY
ImportError: cannot import name 'NAMESILO_API_KEY' from 'config' (/home/aaron/MyBotz/DomainMerchant/config.py)
HTTP status: 200
Page length: 98231
Rows found: 25
Found 25 domains

=== BUY CANDIDATES ===
jjsolutionsmarketing.com | Brand: 71 | SEO: 16 | Final: 87 | Status: AVAILABLE | Action: BUY_CANDIDATE | Premium: NO | Reg Price: $17.29 | Renew: $17.29

=== REVIEW MANUALLY ===
applekechains.com | Brand: 66 | SEO: -3 | Final: 63 | Status: AVAILABLE | Action: REVIEW | Premium: NO | Reg Price: $17.29 | Renew: $17.29

=== SKIP ===
bizsuccessboost.com | Brand: 27 | SEO: 5 | Final: 32 | Status: AVAILABLE | Action: SKIP | Premium: NO | Reg Price: $17.29 | Renew: $17.29
britainvipbet.com | Brand: 8 | SEO: 23 | Final: 31 | Status: AVAILABLE | Action: SKIP | Premium: NO | Reg Price: $17.29 | Renew: $17.29
a-sbeauty.com | Brand: 32 | SEO: -10 | Final: 22 | Status: AVAILABLE | Action: SKIP | Premium: NO | Reg Price: $17.29 | Renew: $17.29
muscleforgeinstitute.com | Brand: 12 | SEO: 5 | Final: 17 | Status: AVAILABLE | Action: SKIP | Premium: NO | Reg Price: $17.29 | Renew: $17.29
fisiosteticnature.com | Brand: 12 | SEO: 5 | Final: 17 | Status: AVAILABLE | Action: SKIP | Premium: NO | Reg Price: $17.29 | Renew: $17.29
jasapintugarasiwina.com | Brand: 12 | SEO: 5 | Final: 17 | Status: AVAILABLE | Action: SKIP | Premium: NO | Reg Price: $17.29 | Renew: $17.29
slatwallpannels.com | Brand: 5 | SEO: 5 | Final: 10 | Status: AVAILABLE | Action: SKIP | Premium: NO | Reg Price: $17.29 | Renew: $17.29
marinewindowtintmiami.com | Brand: 2 | SEO: 5 | Final: 7 | Status: AVAILABLE | Action: SKIP | Premium: NO | Reg Price: $17.29 | Renew: $17.29
wunderax.com | Brand: -18 | SEO: 16 | Final: -2 | Status: AVAILABLE | Action: SKIP | Premium: NO | Reg Price: $17.29 | Renew: $17.29
dosdames.com | Brand: -18 | SEO: 16 | Final: -2 | Status: AVAILABLE | Action: SKIP | Premium: NO | Reg Price: $17.29 | Renew: $17.29
truesuwanee.com | Brand: -38 | SEO: 5 | Final: -33 | Status: AVAILABLE | Action: SKIP | Premium: NO | Reg Price: $17.29 | Renew: $17.29
cheapshooop.com | Brand: -38 | SEO: 5 | Final: -33 | Status: AVAILABLE | Action: SKIP | Premium: NO | Reg Price: $17.29 | Renew: $17.29
abbyjardine.com | Brand: -61 | SEO: 5 | Final: -56 | Status: AVAILABLE | Action: SKIP | Premium: NO | Reg Price: $17.29 | Renew: $17.29
jzty108.com | Brand: -58 | SEO: 1 | Final: -57 | Status: AVAILABLE | Action: SKIP | Premium: NO | Reg Price: $17.29 | Renew: $17.29
maboiteatubes.com | Brand: -63 | SEO: 5 | Final: -58 | Status: AVAILABLE | Action: SKIP | Premium: NO | Reg Price: $17.29 | Renew: $17.29
onlineinstig8.com | Brand: -54 | SEO: -10 | Final: -64 | Status: AVAILABLE | Action: SKIP | Premium: NO | Reg Price: $17.29 | Renew: $17.29
skystoria.com | Brand: -74 | SEO: 9 | Final: -65 | Status: AVAILABLE | Action: SKIP | Premium: NO | Reg Price: $17.29 | Renew: $17.29
vv1733.com | Brand: -70 | SEO: 1 | Final: -69 | Status: AVAILABLE | Action: SKIP | Premium: NO | Reg Price: $17.29 | Renew: $17.29
wheeliewealthy.com | Brand: -86 | SEO: 5 | Final: -81 | Status: AVAILABLE | Action: SKIP | Premium: NO | Reg Price: $17.29 | Renew: $17.29
saveweightshop.com | Brand: -109 | SEO: 5 | Final: -104 | Status: AVAILABLE | Action: SKIP | Premium: NO | Reg Price: $17.29 | Renew: $17.29
boltworkscraft.com | Brand: -131 | SEO: 5 | Final: -126 | Status: AVAILABLE | Action: SKIP | Premium: NO | Reg Price: $17.29 | Renew: $17.29

=== TAKEN ===
eta-inc.com | Brand: 42 | SEO: 1 | Final: 43 | Status: NOT AVAILABLE | Action: TAKEN
grindfootball.com | Brand: -63 | SEO: 5 | Final: -58 | Status: NOT AVAILABLE | Action: TAKEN
Traceback (most recent call last):
  File "/home/aaron/MyBotz/DomainMerchant/main.py", line 2, in <module>
    from services.domain_finder import get_expired_domains
ImportError: cannot import name 'get_expired_domains' from 'services.domain_finder' (/home/aaron/MyBotz/DomainMerchant/services/domain_finder.py)
[deleted] HTTP status: 200
[deleted] Page length: 98231
[deleted] Domains found: 25
[closeout] HTTP status: 200
[closeout] Page length: 82715
[closeout] Domains found: 24
Found 49 total candidate domains

=== BUY CANDIDATES ===

=== REVIEW MANUALLY ===
applekechains.com | Brand: 66 | SEO: -3 | Final: 63 | Status: AVAILABLE | Action: REVIEW | Premium: NO | Reg Price: $17.29 | Renew: $17.29
jjsolutionsmarketing.com | Brand: 46 | SEO: 16 | Final: 62 | Status: AVAILABLE | Action: REVIEW | Premium: NO | Reg Price: $17.29 | Renew: $17.29

=== SKIP ===
bizsuccessboost.com | Brand: 27 | SEO: 5 | Final: 32 | Status: AVAILABLE | Action: SKIP | Premium: NO | Reg Price: $17.29 | Renew: $17.29
britainvipbet.com | Brand: 8 | SEO: 23 | Final: 31 | Status: AVAILABLE | Action: SKIP | Premium: NO | Reg Price: $17.29 | Renew: $17.29
a-sbeauty.com | Brand: 32 | SEO: -10 | Final: 22 | Status: AVAILABLE | Action: SKIP | Premium: NO | Reg Price: $17.29 | Renew: $17.29
muscleforgeinstitute.com | Brand: 12 | SEO: 5 | Final: 17 | Status: AVAILABLE | Action: SKIP | Premium: NO | Reg Price: $17.29 | Renew: $17.29
fisiosteticnature.com | Brand: 12 | SEO: 5 | Final: 17 | Status: AVAILABLE | Action: SKIP | Premium: NO | Reg Price: $17.29 | Renew: $17.29
jasapintugarasiwina.com | Brand: 12 | SEO: 5 | Final: 17 | Status: AVAILABLE | Action: SKIP | Premium: NO | Reg Price: $17.29 | Renew: $17.29
slatwallpannels.com | Brand: 5 | SEO: 5 | Final: 10 | Status: AVAILABLE | Action: SKIP | Premium: NO | Reg Price: $17.29 | Renew: $17.29
marinewindowtintmiami.com | Brand: 2 | SEO: 5 | Final: 7 | Status: AVAILABLE | Action: SKIP | Premium: NO | Reg Price: $17.29 | Renew: $17.29
wunderax.com | Brand: -18 | SEO: 16 | Final: -2 | Status: AVAILABLE | Action: SKIP | Premium: NO | Reg Price: $17.29 | Renew: $17.29
dosdames.com | Brand: -18 | SEO: 16 | Final: -2 | Status: AVAILABLE | Action: SKIP | Premium: NO | Reg Price: $17.29 | Renew: $17.29
truesuwanee.com | Brand: -38 | SEO: 5 | Final: -33 | Status: AVAILABLE | Action: SKIP | Premium: NO | Reg Price: $17.29 | Renew: $17.29
cheapshooop.com | Brand: -38 | SEO: 5 | Final: -33 | Status: AVAILABLE | Action: SKIP | Premium: NO | Reg Price: $17.29 | Renew: $17.29
abbyjardine.com | Brand: -61 | SEO: 5 | Final: -56 | Status: AVAILABLE | Action: SKIP | Premium: NO | Reg Price: $17.29 | Renew: $17.29
jzty108.com | Brand: -58 | SEO: 1 | Final: -57 | Status: AVAILABLE | Action: SKIP | Premium: NO | Reg Price: $17.29 | Renew: $17.29
maboiteatubes.com | Brand: -63 | SEO: 5 | Final: -58 | Status: AVAILABLE | Action: SKIP | Premium: NO | Reg Price: $17.29 | Renew: $17.29
onlineinstig8.com | Brand: -54 | SEO: -10 | Final: -64 | Status: AVAILABLE | Action: SKIP | Premium: NO | Reg Price: $17.29 | Renew: $17.29
skystoria.com | Brand: -74 | SEO: 9 | Final: -65 | Status: AVAILABLE | Action: SKIP | Premium: NO | Reg Price: $17.29 | Renew: $17.29
vv1733.com | Brand: -70 | SEO: 1 | Final: -69 | Status: AVAILABLE | Action: SKIP | Premium: NO | Reg Price: $17.29 | Renew: $17.29
wheeliewealthy.com | Brand: -86 | SEO: 5 | Final: -81 | Status: AVAILABLE | Action: SKIP | Premium: NO | Reg Price: $17.29 | Renew: $17.29
saveweightshop.com | Brand: -109 | SEO: 5 | Final: -104 | Status: AVAILABLE | Action: SKIP | Premium: NO | Reg Price: $17.29 | Renew: $17.29
boltworkscraft.com | Brand: -131 | SEO: 5 | Final: -126 | Status: AVAILABLE | Action: SKIP | Premium: NO | Reg Price: $17.29 | Renew: $17.29

=== TAKEN ===
esspol.com | Brand: 77 | SEO: 16 | Final: 93 | Status: NOT AVAILABLE | Action: TAKEN
canmore.io | Brand: 72 | SEO: 16 | Final: 88 | Status: NOT AVAILABLE | Action: TAKEN
autoinsurancefinance.com | Brand: 55 | SEO: 16 | Final: 71 | Status: NOT AVAILABLE | Action: TAKEN
eta-inc.com | Brand: 42 | SEO: 1 | Final: 43 | Status: NOT AVAILABLE | Action: TAKEN
fabulousawesome.com | Brand: 27 | SEO: 5 | Final: 32 | Status: NOT AVAILABLE | Action: TAKEN
degreesprograms.com | Brand: 27 | SEO: 5 | Final: 32 | Status: NOT AVAILABLE | Action: TAKEN
majestic.com | Brand: -18 | SEO: 16 | Final: -2 | Status: NOT AVAILABLE | Action: TAKEN
weekendblessings.com | Brand: -11 | SEO: 5 | Final: -6 | Status: NOT AVAILABLE | Action: TAKEN
wfv.io | Brand: -25 | SEO: 16 | Final: -9 | Status: NOT AVAILABLE | Action: TAKEN
after2020.com | Brand: -13 | SEO: -6 | Final: -19 | Status: NOT AVAILABLE | Action: TAKEN
numeratout.com | Brand: -28 | SEO: 9 | Final: -19 | Status: NOT AVAILABLE | Action: TAKEN
okglamping.com | Brand: -28 | SEO: 9 | Final: -19 | Status: NOT AVAILABLE | Action: TAKEN
tamilewis.com | Brand: -28 | SEO: 9 | Final: -19 | Status: NOT AVAILABLE | Action: TAKEN
mpostream.com | Brand: -28 | SEO: 9 | Final: -19 | Status: NOT AVAILABLE | Action: TAKEN
ninevehsat.com | Brand: -28 | SEO: 9 | Final: -19 | Status: NOT AVAILABLE | Action: TAKEN
invertort.com | Brand: -28 | SEO: 9 | Final: -19 | Status: NOT AVAILABLE | Action: TAKEN
mycarinc.com | Brand: -40 | SEO: 16 | Final: -24 | Status: NOT AVAILABLE | Action: TAKEN
shopkack.com | Brand: -40 | SEO: 16 | Final: -24 | Status: NOT AVAILABLE | Action: TAKEN
aqu1024.com | Brand: -25 | SEO: 1 | Final: -24 | Status: NOT AVAILABLE | Action: TAKEN
mobiliseher.com | Brand: -38 | SEO: 5 | Final: -33 | Status: NOT AVAILABLE | Action: TAKEN
waspshop.com | Brand: -63 | SEO: 16 | Final: -47 | Status: NOT AVAILABLE | Action: TAKEN
grindfootball.com | Brand: -63 | SEO: 5 | Final: -58 | Status: NOT AVAILABLE | Action: TAKEN
learningfound.com | Brand: -63 | SEO: 5 | Final: -58 | Status: NOT AVAILABLE | Action: TAKEN
twshopping.com | Brand: -73 | SEO: 9 | Final: -64 | Status: NOT AVAILABLE | Action: TAKEN
6868.io | Brand: -70 | SEO: 1 | Final: -69 | Status: NOT AVAILABLE | Action: TAKEN
1md.net | Brand: -100 | SEO: 1 | Final: -99 | Status: NOT AVAILABLE | Action: TAKEN
[deleted] HTTP status: 200
[deleted] Page length: 98231
[deleted] Domains found: 25
[closeout] HTTP status: 200
[closeout] Page length: 82715
[closeout] Domains found: 24
Found 49 total candidate domains

=== BUY CANDIDATES ===

=== REVIEW MANUALLY ===
applekechains.com | Brand: 66 | SEO: -3 | Final: 63 | Status: AVAILABLE | Action: REVIEW | Premium: NO | Reg Price: $17.29 | Renew: $17.29
jjsolutionsmarketing.com | Brand: 46 | SEO: 16 | Final: 62 | Status: AVAILABLE | Action: REVIEW | Premium: NO | Reg Price: $17.29 | Renew: $17.29

=== SKIP ===
bizsuccessboost.com | Brand: 27 | SEO: 5 | Final: 32 | Status: AVAILABLE | Action: SKIP | Premium: NO | Reg Price: $17.29 | Renew: $17.29
britainvipbet.com | Brand: 8 | SEO: 23 | Final: 31 | Status: AVAILABLE | Action: SKIP | Premium: NO | Reg Price: $17.29 | Renew: $17.29
a-sbeauty.com | Brand: 32 | SEO: -10 | Final: 22 | Status: AVAILABLE | Action: SKIP | Premium: NO | Reg Price: $17.29 | Renew: $17.29
muscleforgeinstitute.com | Brand: 12 | SEO: 5 | Final: 17 | Status: AVAILABLE | Action: SKIP | Premium: NO | Reg Price: $17.29 | Renew: $17.29
fisiosteticnature.com | Brand: 12 | SEO: 5 | Final: 17 | Status: AVAILABLE | Action: SKIP | Premium: NO | Reg Price: $17.29 | Renew: $17.29
jasapintugarasiwina.com | Brand: 12 | SEO: 5 | Final: 17 | Status: AVAILABLE | Action: SKIP | Premium: NO | Reg Price: $17.29 | Renew: $17.29
slatwallpannels.com | Brand: 5 | SEO: 5 | Final: 10 | Status: AVAILABLE | Action: SKIP | Premium: NO | Reg Price: $17.29 | Renew: $17.29
marinewindowtintmiami.com | Brand: 2 | SEO: 5 | Final: 7 | Status: AVAILABLE | Action: SKIP | Premium: NO | Reg Price: $17.29 | Renew: $17.29
wunderax.com | Brand: -18 | SEO: 16 | Final: -2 | Status: AVAILABLE | Action: SKIP | Premium: NO | Reg Price: $17.29 | Renew: $17.29
dosdames.com | Brand: -18 | SEO: 16 | Final: -2 | Status: AVAILABLE | Action: SKIP | Premium: NO | Reg Price: $17.29 | Renew: $17.29
truesuwanee.com | Brand: -38 | SEO: 5 | Final: -33 | Status: AVAILABLE | Action: SKIP | Premium: NO | Reg Price: $17.29 | Renew: $17.29
cheapshooop.com | Brand: -38 | SEO: 5 | Final: -33 | Status: AVAILABLE | Action: SKIP | Premium: NO | Reg Price: $17.29 | Renew: $17.29
abbyjardine.com | Brand: -61 | SEO: 5 | Final: -56 | Status: AVAILABLE | Action: SKIP | Premium: NO | Reg Price: $17.29 | Renew: $17.29
jzty108.com | Brand: -58 | SEO: 1 | Final: -57 | Status: AVAILABLE | Action: SKIP | Premium: NO | Reg Price: $17.29 | Renew: $17.29
maboiteatubes.com | Brand: -63 | SEO: 5 | Final: -58 | Status: AVAILABLE | Action: SKIP | Premium: NO | Reg Price: $17.29 | Renew: $17.29
onlineinstig8.com | Brand: -54 | SEO: -10 | Final: -64 | Status: AVAILABLE | Action: SKIP | Premium: NO | Reg Price: $17.29 | Renew: $17.29
skystoria.com | Brand: -74 | SEO: 9 | Final: -65 | Status: AVAILABLE | Action: SKIP | Premium: NO | Reg Price: $17.29 | Renew: $17.29
vv1733.com | Brand: -70 | SEO: 1 | Final: -69 | Status: AVAILABLE | Action: SKIP | Premium: NO | Reg Price: $17.29 | Renew: $17.29
wheeliewealthy.com | Brand: -86 | SEO: 5 | Final: -81 | Status: AVAILABLE | Action: SKIP | Premium: NO | Reg Price: $17.29 | Renew: $17.29
saveweightshop.com | Brand: -109 | SEO: 5 | Final: -104 | Status: AVAILABLE | Action: SKIP | Premium: NO | Reg Price: $17.29 | Renew: $17.29
boltworkscraft.com | Brand: -131 | SEO: 5 | Final: -126 | Status: AVAILABLE | Action: SKIP | Premium: NO | Reg Price: $17.29 | Renew: $17.29

=== TAKEN ===
esspol.com | Brand: 77 | SEO: 16 | Final: 93 | Status: NOT AVAILABLE | Action: TAKEN
canmore.io | Brand: 72 | SEO: 16 | Final: 88 | Status: NOT AVAILABLE | Action: TAKEN
autoinsurancefinance.com | Brand: 55 | SEO: 16 | Final: 71 | Status: NOT AVAILABLE | Action: TAKEN
eta-inc.com | Brand: 42 | SEO: 1 | Final: 43 | Status: NOT AVAILABLE | Action: TAKEN
fabulousawesome.com | Brand: 27 | SEO: 5 | Final: 32 | Status: NOT AVAILABLE | Action: TAKEN
degreesprograms.com | Brand: 27 | SEO: 5 | Final: 32 | Status: NOT AVAILABLE | Action: TAKEN
majestic.com | Brand: -18 | SEO: 16 | Final: -2 | Status: NOT AVAILABLE | Action: TAKEN
weekendblessings.com | Brand: -11 | SEO: 5 | Final: -6 | Status: NOT AVAILABLE | Action: TAKEN
wfv.io | Brand: -25 | SEO: 16 | Final: -9 | Status: NOT AVAILABLE | Action: TAKEN
after2020.com | Brand: -13 | SEO: -6 | Final: -19 | Status: NOT AVAILABLE | Action: TAKEN
numeratout.com | Brand: -28 | SEO: 9 | Final: -19 | Status: NOT AVAILABLE | Action: TAKEN
okglamping.com | Brand: -28 | SEO: 9 | Final: -19 | Status: NOT AVAILABLE | Action: TAKEN
tamilewis.com | Brand: -28 | SEO: 9 | Final: -19 | Status: NOT AVAILABLE | Action: TAKEN
mpostream.com | Brand: -28 | SEO: 9 | Final: -19 | Status: NOT AVAILABLE | Action: TAKEN
ninevehsat.com | Brand: -28 | SEO: 9 | Final: -19 | Status: NOT AVAILABLE | Action: TAKEN
invertort.com | Brand: -28 | SEO: 9 | Final: -19 | Status: NOT AVAILABLE | Action: TAKEN
mycarinc.com | Brand: -40 | SEO: 16 | Final: -24 | Status: NOT AVAILABLE | Action: TAKEN
shopkack.com | Brand: -40 | SEO: 16 | Final: -24 | Status: NOT AVAILABLE | Action: TAKEN
aqu1024.com | Brand: -25 | SEO: 1 | Final: -24 | Status: NOT AVAILABLE | Action: TAKEN
mobiliseher.com | Brand: -38 | SEO: 5 | Final: -33 | Status: NOT AVAILABLE | Action: TAKEN
waspshop.com | Brand: -63 | SEO: 16 | Final: -47 | Status: NOT AVAILABLE | Action: TAKEN
grindfootball.com | Brand: -63 | SEO: 5 | Final: -58 | Status: NOT AVAILABLE | Action: TAKEN
learningfound.com | Brand: -63 | SEO: 5 | Final: -58 | Status: NOT AVAILABLE | Action: TAKEN
twshopping.com | Brand: -73 | SEO: 9 | Final: -64 | Status: NOT AVAILABLE | Action: TAKEN
6868.io | Brand: -70 | SEO: 1 | Final: -69 | Status: NOT AVAILABLE | Action: TAKEN
1md.net | Brand: -100 | SEO: 1 | Final: -99 | Status: NOT AVAILABLE | Action: TAKEN
[deleted] HTTP status: 200
[deleted] Page length: 98231
[deleted] Domains found: 25
[closeout] HTTP status: 200
[closeout] Page length: 82715
[closeout] Domains found: 24
Found 49 total candidate domains

=== BUY CANDIDATES ===

=== REVIEW MANUALLY ===
applekechains.com | Brand: 66 | SEO: -3 | Final: 63 | Status: AVAILABLE | Action: REVIEW | Premium: NO | Reg Price: $17.29 | Renew: $17.29
jjsolutionsmarketing.com | Brand: 46 | SEO: 16 | Final: 62 | Status: AVAILABLE | Action: REVIEW | Premium: NO | Reg Price: $17.29 | Renew: $17.29

=== SKIP ===
bizsuccessboost.com | Brand: 27 | SEO: 5 | Final: 32 | Status: AVAILABLE | Action: SKIP | Premium: NO | Reg Price: $17.29 | Renew: $17.29
britainvipbet.com | Brand: 8 | SEO: 23 | Final: 31 | Status: AVAILABLE | Action: SKIP | Premium: NO | Reg Price: $17.29 | Renew: $17.29
a-sbeauty.com | Brand: 32 | SEO: -10 | Final: 22 | Status: AVAILABLE | Action: SKIP | Premium: NO | Reg Price: $17.29 | Renew: $17.29
muscleforgeinstitute.com | Brand: 12 | SEO: 5 | Final: 17 | Status: AVAILABLE | Action: SKIP | Premium: NO | Reg Price: $17.29 | Renew: $17.29
fisiosteticnature.com | Brand: 12 | SEO: 5 | Final: 17 | Status: AVAILABLE | Action: SKIP | Premium: NO | Reg Price: $17.29 | Renew: $17.29
jasapintugarasiwina.com | Brand: 12 | SEO: 5 | Final: 17 | Status: AVAILABLE | Action: SKIP | Premium: NO | Reg Price: $17.29 | Renew: $17.29
slatwallpannels.com | Brand: 5 | SEO: 5 | Final: 10 | Status: AVAILABLE | Action: SKIP | Premium: NO | Reg Price: $17.29 | Renew: $17.29
marinewindowtintmiami.com | Brand: 2 | SEO: 5 | Final: 7 | Status: AVAILABLE | Action: SKIP | Premium: NO | Reg Price: $17.29 | Renew: $17.29
wunderax.com | Brand: -18 | SEO: 16 | Final: -2 | Status: AVAILABLE | Action: SKIP | Premium: NO | Reg Price: $17.29 | Renew: $17.29
dosdames.com | Brand: -18 | SEO: 16 | Final: -2 | Status: AVAILABLE | Action: SKIP | Premium: NO | Reg Price: $17.29 | Renew: $17.29
truesuwanee.com | Brand: -38 | SEO: 5 | Final: -33 | Status: AVAILABLE | Action: SKIP | Premium: NO | Reg Price: $17.29 | Renew: $17.29
cheapshooop.com | Brand: -38 | SEO: 5 | Final: -33 | Status: AVAILABLE | Action: SKIP | Premium: NO | Reg Price: $17.29 | Renew: $17.29
abbyjardine.com | Brand: -61 | SEO: 5 | Final: -56 | Status: AVAILABLE | Action: SKIP | Premium: NO | Reg Price: $17.29 | Renew: $17.29
jzty108.com | Brand: -58 | SEO: 1 | Final: -57 | Status: AVAILABLE | Action: SKIP | Premium: NO | Reg Price: $17.29 | Renew: $17.29
maboiteatubes.com | Brand: -63 | SEO: 5 | Final: -58 | Status: AVAILABLE | Action: SKIP | Premium: NO | Reg Price: $17.29 | Renew: $17.29
onlineinstig8.com | Brand: -54 | SEO: -10 | Final: -64 | Status: AVAILABLE | Action: SKIP | Premium: NO | Reg Price: $17.29 | Renew: $17.29
skystoria.com | Brand: -74 | SEO: 9 | Final: -65 | Status: AVAILABLE | Action: SKIP | Premium: NO | Reg Price: $17.29 | Renew: $17.29
vv1733.com | Brand: -70 | SEO: 1 | Final: -69 | Status: AVAILABLE | Action: SKIP | Premium: NO | Reg Price: $17.29 | Renew: $17.29
wheeliewealthy.com | Brand: -86 | SEO: 5 | Final: -81 | Status: AVAILABLE | Action: SKIP | Premium: NO | Reg Price: $17.29 | Renew: $17.29
saveweightshop.com | Brand: -109 | SEO: 5 | Final: -104 | Status: AVAILABLE | Action: SKIP | Premium: NO | Reg Price: $17.29 | Renew: $17.29
boltworkscraft.com | Brand: -131 | SEO: 5 | Final: -126 | Status: AVAILABLE | Action: SKIP | Premium: NO | Reg Price: $17.29 | Renew: $17.29

=== TAKEN ===
esspol.com | Brand: 77 | SEO: 16 | Final: 93 | Status: NOT AVAILABLE | Action: TAKEN
canmore.io | Brand: 72 | SEO: 16 | Final: 88 | Status: NOT AVAILABLE | Action: TAKEN
autoinsurancefinance.com | Brand: 55 | SEO: 16 | Final: 71 | Status: NOT AVAILABLE | Action: TAKEN
eta-inc.com | Brand: 42 | SEO: 1 | Final: 43 | Status: NOT AVAILABLE | Action: TAKEN
fabulousawesome.com | Brand: 27 | SEO: 5 | Final: 32 | Status: NOT AVAILABLE | Action: TAKEN
degreesprograms.com | Brand: 27 | SEO: 5 | Final: 32 | Status: NOT AVAILABLE | Action: TAKEN
majestic.com | Brand: -18 | SEO: 16 | Final: -2 | Status: NOT AVAILABLE | Action: TAKEN
weekendblessings.com | Brand: -11 | SEO: 5 | Final: -6 | Status: NOT AVAILABLE | Action: TAKEN
wfv.io | Brand: -25 | SEO: 16 | Final: -9 | Status: NOT AVAILABLE | Action: TAKEN
after2020.com | Brand: -13 | SEO: -6 | Final: -19 | Status: NOT AVAILABLE | Action: TAKEN
numeratout.com | Brand: -28 | SEO: 9 | Final: -19 | Status: NOT AVAILABLE | Action: TAKEN
okglamping.com | Brand: -28 | SEO: 9 | Final: -19 | Status: NOT AVAILABLE | Action: TAKEN
tamilewis.com | Brand: -28 | SEO: 9 | Final: -19 | Status: NOT AVAILABLE | Action: TAKEN
mpostream.com | Brand: -28 | SEO: 9 | Final: -19 | Status: NOT AVAILABLE | Action: TAKEN
ninevehsat.com | Brand: -28 | SEO: 9 | Final: -19 | Status: NOT AVAILABLE | Action: TAKEN
invertort.com | Brand: -28 | SEO: 9 | Final: -19 | Status: NOT AVAILABLE | Action: TAKEN
mycarinc.com | Brand: -40 | SEO: 16 | Final: -24 | Status: NOT AVAILABLE | Action: TAKEN
shopkack.com | Brand: -40 | SEO: 16 | Final: -24 | Status: NOT AVAILABLE | Action: TAKEN
aqu1024.com | Brand: -25 | SEO: 1 | Final: -24 | Status: NOT AVAILABLE | Action: TAKEN
mobiliseher.com | Brand: -38 | SEO: 5 | Final: -33 | Status: NOT AVAILABLE | Action: TAKEN
waspshop.com | Brand: -63 | SEO: 16 | Final: -47 | Status: NOT AVAILABLE | Action: TAKEN
grindfootball.com | Brand: -63 | SEO: 5 | Final: -58 | Status: NOT AVAILABLE | Action: TAKEN
learningfound.com | Brand: -63 | SEO: 5 | Final: -58 | Status: NOT AVAILABLE | Action: TAKEN
twshopping.com | Brand: -73 | SEO: 9 | Final: -64 | Status: NOT AVAILABLE | Action: TAKEN
6868.io | Brand: -70 | SEO: 1 | Final: -69 | Status: NOT AVAILABLE | Action: TAKEN
1md.net | Brand: -100 | SEO: 1 | Final: -99 | Status: NOT AVAILABLE | Action: TAKEN
[deleted] HTTP status: 200
[deleted] Page length: 98231
[deleted] Domains found: 25
[closeout] HTTP status: 200
[closeout] Page length: 82715
[closeout] Domains found: 24
Found 49 total candidate domains

=== BUY CANDIDATES ===

=== REVIEW MANUALLY ===
applekechains.com | Brand: 66 | SEO: -3 | Final: 63 | Status: AVAILABLE | Action: REVIEW | Premium: NO | Reg Price: $17.29 | Renew: $17.29
jjsolutionsmarketing.com | Brand: 46 | SEO: 16 | Final: 62 | Status: AVAILABLE | Action: REVIEW | Premium: NO | Reg Price: $17.29 | Renew: $17.29

=== SKIP ===
bizsuccessboost.com | Brand: 27 | SEO: 5 | Final: 32 | Status: AVAILABLE | Action: SKIP | Premium: NO | Reg Price: $17.29 | Renew: $17.29
britainvipbet.com | Brand: 8 | SEO: 23 | Final: 31 | Status: AVAILABLE | Action: SKIP | Premium: NO | Reg Price: $17.29 | Renew: $17.29
a-sbeauty.com | Brand: 32 | SEO: -10 | Final: 22 | Status: AVAILABLE | Action: SKIP | Premium: NO | Reg Price: $17.29 | Renew: $17.29
muscleforgeinstitute.com | Brand: 12 | SEO: 5 | Final: 17 | Status: AVAILABLE | Action: SKIP | Premium: NO | Reg Price: $17.29 | Renew: $17.29
fisiosteticnature.com | Brand: 12 | SEO: 5 | Final: 17 | Status: AVAILABLE | Action: SKIP | Premium: NO | Reg Price: $17.29 | Renew: $17.29
jasapintugarasiwina.com | Brand: 12 | SEO: 5 | Final: 17 | Status: AVAILABLE | Action: SKIP | Premium: NO | Reg Price: $17.29 | Renew: $17.29
slatwallpannels.com | Brand: 5 | SEO: 5 | Final: 10 | Status: AVAILABLE | Action: SKIP | Premium: NO | Reg Price: $17.29 | Renew: $17.29
marinewindowtintmiami.com | Brand: 2 | SEO: 5 | Final: 7 | Status: AVAILABLE | Action: SKIP | Premium: NO | Reg Price: $17.29 | Renew: $17.29
wunderax.com | Brand: -18 | SEO: 16 | Final: -2 | Status: AVAILABLE | Action: SKIP | Premium: NO | Reg Price: $17.29 | Renew: $17.29
dosdames.com | Brand: -18 | SEO: 16 | Final: -2 | Status: AVAILABLE | Action: SKIP | Premium: NO | Reg Price: $17.29 | Renew: $17.29
truesuwanee.com | Brand: -38 | SEO: 5 | Final: -33 | Status: AVAILABLE | Action: SKIP | Premium: NO | Reg Price: $17.29 | Renew: $17.29
cheapshooop.com | Brand: -38 | SEO: 5 | Final: -33 | Status: AVAILABLE | Action: SKIP | Premium: NO | Reg Price: $17.29 | Renew: $17.29
abbyjardine.com | Brand: -61 | SEO: 5 | Final: -56 | Status: AVAILABLE | Action: SKIP | Premium: NO | Reg Price: $17.29 | Renew: $17.29
jzty108.com | Brand: -58 | SEO: 1 | Final: -57 | Status: AVAILABLE | Action: SKIP | Premium: NO | Reg Price: $17.29 | Renew: $17.29
maboiteatubes.com | Brand: -63 | SEO: 5 | Final: -58 | Status: AVAILABLE | Action: SKIP | Premium: NO | Reg Price: $17.29 | Renew: $17.29
onlineinstig8.com | Brand: -54 | SEO: -10 | Final: -64 | Status: AVAILABLE | Action: SKIP | Premium: NO | Reg Price: $17.29 | Renew: $17.29
skystoria.com | Brand: -74 | SEO: 9 | Final: -65 | Status: AVAILABLE | Action: SKIP | Premium: NO | Reg Price: $17.29 | Renew: $17.29
vv1733.com | Brand: -70 | SEO: 1 | Final: -69 | Status: AVAILABLE | Action: SKIP | Premium: NO | Reg Price: $17.29 | Renew: $17.29
wheeliewealthy.com | Brand: -86 | SEO: 5 | Final: -81 | Status: AVAILABLE | Action: SKIP | Premium: NO | Reg Price: $17.29 | Renew: $17.29
saveweightshop.com | Brand: -109 | SEO: 5 | Final: -104 | Status: AVAILABLE | Action: SKIP | Premium: NO | Reg Price: $17.29 | Renew: $17.29
boltworkscraft.com | Brand: -131 | SEO: 5 | Final: -126 | Status: AVAILABLE | Action: SKIP | Premium: NO | Reg Price: $17.29 | Renew: $17.29

=== TAKEN ===
esspol.com | Brand: 77 | SEO: 16 | Final: 93 | Status: NOT AVAILABLE | Action: TAKEN
canmore.io | Brand: 72 | SEO: 16 | Final: 88 | Status: NOT AVAILABLE | Action: TAKEN
autoinsurancefinance.com | Brand: 55 | SEO: 16 | Final: 71 | Status: NOT AVAILABLE | Action: TAKEN
eta-inc.com | Brand: 42 | SEO: 1 | Final: 43 | Status: NOT AVAILABLE | Action: TAKEN
fabulousawesome.com | Brand: 27 | SEO: 5 | Final: 32 | Status: NOT AVAILABLE | Action: TAKEN
degreesprograms.com | Brand: 27 | SEO: 5 | Final: 32 | Status: NOT AVAILABLE | Action: TAKEN
majestic.com | Brand: -18 | SEO: 16 | Final: -2 | Status: NOT AVAILABLE | Action: TAKEN
weekendblessings.com | Brand: -11 | SEO: 5 | Final: -6 | Status: NOT AVAILABLE | Action: TAKEN
wfv.io | Brand: -25 | SEO: 16 | Final: -9 | Status: NOT AVAILABLE | Action: TAKEN
after2020.com | Brand: -13 | SEO: -6 | Final: -19 | Status: NOT AVAILABLE | Action: TAKEN
numeratout.com | Brand: -28 | SEO: 9 | Final: -19 | Status: NOT AVAILABLE | Action: TAKEN
okglamping.com | Brand: -28 | SEO: 9 | Final: -19 | Status: NOT AVAILABLE | Action: TAKEN
tamilewis.com | Brand: -28 | SEO: 9 | Final: -19 | Status: NOT AVAILABLE | Action: TAKEN
mpostream.com | Brand: -28 | SEO: 9 | Final: -19 | Status: NOT AVAILABLE | Action: TAKEN
ninevehsat.com | Brand: -28 | SEO: 9 | Final: -19 | Status: NOT AVAILABLE | Action: TAKEN
invertort.com | Brand: -28 | SEO: 9 | Final: -19 | Status: NOT AVAILABLE | Action: TAKEN
mycarinc.com | Brand: -40 | SEO: 16 | Final: -24 | Status: NOT AVAILABLE | Action: TAKEN
shopkack.com | Brand: -40 | SEO: 16 | Final: -24 | Status: NOT AVAILABLE | Action: TAKEN
aqu1024.com | Brand: -25 | SEO: 1 | Final: -24 | Status: NOT AVAILABLE | Action: TAKEN
mobiliseher.com | Brand: -38 | SEO: 5 | Final: -33 | Status: NOT AVAILABLE | Action: TAKEN
waspshop.com | Brand: -63 | SEO: 16 | Final: -47 | Status: NOT AVAILABLE | Action: TAKEN
grindfootball.com | Brand: -63 | SEO: 5 | Final: -58 | Status: NOT AVAILABLE | Action: TAKEN
learningfound.com | Brand: -63 | SEO: 5 | Final: -58 | Status: NOT AVAILABLE | Action: TAKEN
twshopping.com | Brand: -73 | SEO: 9 | Final: -64 | Status: NOT AVAILABLE | Action: TAKEN
6868.io | Brand: -70 | SEO: 1 | Final: -69 | Status: NOT AVAILABLE | Action: TAKEN
1md.net | Brand: -100 | SEO: 1 | Final: -99 | Status: NOT AVAILABLE | Action: TAKEN
[deleted] HTTP status: 200
[deleted] Page length: 98231
[deleted] Domains found: 25
[closeout] HTTP status: 200
[closeout] Page length: 82715
[closeout] Domains found: 24
Found 49 total candidate domains

=== BUY CANDIDATES ===

=== REVIEW MANUALLY ===
applekechains.com | Brand: 66 | SEO: -3 | Final: 63 | Status: AVAILABLE | Action: REVIEW | Premium: NO | Reg Price: $17.29 | Renew: $17.29
jjsolutionsmarketing.com | Brand: 46 | SEO: 16 | Final: 62 | Status: AVAILABLE | Action: REVIEW | Premium: NO | Reg Price: $17.29 | Renew: $17.29

=== SKIP ===
bizsuccessboost.com | Brand: 27 | SEO: 5 | Final: 32 | Status: AVAILABLE | Action: SKIP | Premium: NO | Reg Price: $17.29 | Renew: $17.29
britainvipbet.com | Brand: 8 | SEO: 23 | Final: 31 | Status: AVAILABLE | Action: SKIP | Premium: NO | Reg Price: $17.29 | Renew: $17.29
a-sbeauty.com | Brand: 32 | SEO: -10 | Final: 22 | Status: AVAILABLE | Action: SKIP | Premium: NO | Reg Price: $17.29 | Renew: $17.29
muscleforgeinstitute.com | Brand: 12 | SEO: 5 | Final: 17 | Status: AVAILABLE | Action: SKIP | Premium: NO | Reg Price: $17.29 | Renew: $17.29
fisiosteticnature.com | Brand: 12 | SEO: 5 | Final: 17 | Status: AVAILABLE | Action: SKIP | Premium: NO | Reg Price: $17.29 | Renew: $17.29
jasapintugarasiwina.com | Brand: 12 | SEO: 5 | Final: 17 | Status: AVAILABLE | Action: SKIP | Premium: NO | Reg Price: $17.29 | Renew: $17.29
slatwallpannels.com | Brand: 5 | SEO: 5 | Final: 10 | Status: AVAILABLE | Action: SKIP | Premium: NO | Reg Price: $17.29 | Renew: $17.29
marinewindowtintmiami.com | Brand: 2 | SEO: 5 | Final: 7 | Status: AVAILABLE | Action: SKIP | Premium: NO | Reg Price: $17.29 | Renew: $17.29
wunderax.com | Brand: -18 | SEO: 16 | Final: -2 | Status: AVAILABLE | Action: SKIP | Premium: NO | Reg Price: $17.29 | Renew: $17.29
dosdames.com | Brand: -18 | SEO: 16 | Final: -2 | Status: AVAILABLE | Action: SKIP | Premium: NO | Reg Price: $17.29 | Renew: $17.29
truesuwanee.com | Brand: -38 | SEO: 5 | Final: -33 | Status: AVAILABLE | Action: SKIP | Premium: NO | Reg Price: $17.29 | Renew: $17.29
cheapshooop.com | Brand: -38 | SEO: 5 | Final: -33 | Status: AVAILABLE | Action: SKIP | Premium: NO | Reg Price: $17.29 | Renew: $17.29
abbyjardine.com | Brand: -61 | SEO: 5 | Final: -56 | Status: AVAILABLE | Action: SKIP | Premium: NO | Reg Price: $17.29 | Renew: $17.29
jzty108.com | Brand: -58 | SEO: 1 | Final: -57 | Status: AVAILABLE | Action: SKIP | Premium: NO | Reg Price: $17.29 | Renew: $17.29
maboiteatubes.com | Brand: -63 | SEO: 5 | Final: -58 | Status: AVAILABLE | Action: SKIP | Premium: NO | Reg Price: $17.29 | Renew: $17.29
onlineinstig8.com | Brand: -54 | SEO: -10 | Final: -64 | Status: AVAILABLE | Action: SKIP | Premium: NO | Reg Price: $17.29 | Renew: $17.29
skystoria.com | Brand: -74 | SEO: 9 | Final: -65 | Status: AVAILABLE | Action: SKIP | Premium: NO | Reg Price: $17.29 | Renew: $17.29
vv1733.com | Brand: -70 | SEO: 1 | Final: -69 | Status: AVAILABLE | Action: SKIP | Premium: NO | Reg Price: $17.29 | Renew: $17.29
wheeliewealthy.com | Brand: -86 | SEO: 5 | Final: -81 | Status: AVAILABLE | Action: SKIP | Premium: NO | Reg Price: $17.29 | Renew: $17.29
saveweightshop.com | Brand: -109 | SEO: 5 | Final: -104 | Status: AVAILABLE | Action: SKIP | Premium: NO | Reg Price: $17.29 | Renew: $17.29
boltworkscraft.com | Brand: -131 | SEO: 5 | Final: -126 | Status: AVAILABLE | Action: SKIP | Premium: NO | Reg Price: $17.29 | Renew: $17.29

=== TAKEN ===
esspol.com | Brand: 77 | SEO: 16 | Final: 93 | Status: NOT AVAILABLE | Action: TAKEN
canmore.io | Brand: 72 | SEO: 16 | Final: 88 | Status: NOT AVAILABLE | Action: TAKEN
autoinsurancefinance.com | Brand: 55 | SEO: 16 | Final: 71 | Status: NOT AVAILABLE | Action: TAKEN
eta-inc.com | Brand: 42 | SEO: 1 | Final: 43 | Status: NOT AVAILABLE | Action: TAKEN
fabulousawesome.com | Brand: 27 | SEO: 5 | Final: 32 | Status: NOT AVAILABLE | Action: TAKEN
degreesprograms.com | Brand: 27 | SEO: 5 | Final: 32 | Status: NOT AVAILABLE | Action: TAKEN
majestic.com | Brand: -18 | SEO: 16 | Final: -2 | Status: NOT AVAILABLE | Action: TAKEN
weekendblessings.com | Brand: -11 | SEO: 5 | Final: -6 | Status: NOT AVAILABLE | Action: TAKEN
wfv.io | Brand: -25 | SEO: 16 | Final: -9 | Status: NOT AVAILABLE | Action: TAKEN
after2020.com | Brand: -13 | SEO: -6 | Final: -19 | Status: NOT AVAILABLE | Action: TAKEN
numeratout.com | Brand: -28 | SEO: 9 | Final: -19 | Status: NOT AVAILABLE | Action: TAKEN
okglamping.com | Brand: -28 | SEO: 9 | Final: -19 | Status: NOT AVAILABLE | Action: TAKEN
tamilewis.com | Brand: -28 | SEO: 9 | Final: -19 | Status: NOT AVAILABLE | Action: TAKEN
mpostream.com | Brand: -28 | SEO: 9 | Final: -19 | Status: NOT AVAILABLE | Action: TAKEN
ninevehsat.com | Brand: -28 | SEO: 9 | Final: -19 | Status: NOT AVAILABLE | Action: TAKEN
invertort.com | Brand: -28 | SEO: 9 | Final: -19 | Status: NOT AVAILABLE | Action: TAKEN
mycarinc.com | Brand: -40 | SEO: 16 | Final: -24 | Status: NOT AVAILABLE | Action: TAKEN
shopkack.com | Brand: -40 | SEO: 16 | Final: -24 | Status: NOT AVAILABLE | Action: TAKEN
aqu1024.com | Brand: -25 | SEO: 1 | Final: -24 | Status: NOT AVAILABLE | Action: TAKEN
mobiliseher.com | Brand: -38 | SEO: 5 | Final: -33 | Status: NOT AVAILABLE | Action: TAKEN
waspshop.com | Brand: -63 | SEO: 16 | Final: -47 | Status: NOT AVAILABLE | Action: TAKEN
grindfootball.com | Brand: -63 | SEO: 5 | Final: -58 | Status: NOT AVAILABLE | Action: TAKEN
learningfound.com | Brand: -63 | SEO: 5 | Final: -58 | Status: NOT AVAILABLE | Action: TAKEN
twshopping.com | Brand: -73 | SEO: 9 | Final: -64 | Status: NOT AVAILABLE | Action: TAKEN
6868.io | Brand: -70 | SEO: 1 | Final: -69 | Status: NOT AVAILABLE | Action: TAKEN
1md.net | Brand: -100 | SEO: 1 | Final: -99 | Status: NOT AVAILABLE | Action: TAKEN
[deleted] HTTP status: 200
[deleted] Page length: 98231
[deleted] Domains found: 25
[closeout] HTTP status: 200
[closeout] Page length: 82715
[closeout] Domains found: 24
Found 49 total candidate domains

=== BUY CANDIDATES ===

=== REVIEW MANUALLY ===
applekechains.com | Brand: 66 | SEO: -3 | Final: 63 | Status: AVAILABLE | Action: REVIEW | Premium: NO | Reg Price: $17.29 | Renew: $17.29
jjsolutionsmarketing.com | Brand: 46 | SEO: 16 | Final: 62 | Status: AVAILABLE | Action: REVIEW | Premium: NO | Reg Price: $17.29 | Renew: $17.29

=== SKIP ===
bizsuccessboost.com | Brand: 27 | SEO: 5 | Final: 32 | Status: AVAILABLE | Action: SKIP | Premium: NO | Reg Price: $17.29 | Renew: $17.29
britainvipbet.com | Brand: 8 | SEO: 23 | Final: 31 | Status: AVAILABLE | Action: SKIP | Premium: NO | Reg Price: $17.29 | Renew: $17.29
a-sbeauty.com | Brand: 32 | SEO: -10 | Final: 22 | Status: AVAILABLE | Action: SKIP | Premium: NO | Reg Price: $17.29 | Renew: $17.29
muscleforgeinstitute.com | Brand: 12 | SEO: 5 | Final: 17 | Status: AVAILABLE | Action: SKIP | Premium: NO | Reg Price: $17.29 | Renew: $17.29
fisiosteticnature.com | Brand: 12 | SEO: 5 | Final: 17 | Status: AVAILABLE | Action: SKIP | Premium: NO | Reg Price: $17.29 | Renew: $17.29
jasapintugarasiwina.com | Brand: 12 | SEO: 5 | Final: 17 | Status: AVAILABLE | Action: SKIP | Premium: NO | Reg Price: $17.29 | Renew: $17.29
slatwallpannels.com | Brand: 5 | SEO: 5 | Final: 10 | Status: AVAILABLE | Action: SKIP | Premium: NO | Reg Price: $17.29 | Renew: $17.29
marinewindowtintmiami.com | Brand: 2 | SEO: 5 | Final: 7 | Status: AVAILABLE | Action: SKIP | Premium: NO | Reg Price: $17.29 | Renew: $17.29
wunderax.com | Brand: -18 | SEO: 16 | Final: -2 | Status: AVAILABLE | Action: SKIP | Premium: NO | Reg Price: $17.29 | Renew: $17.29
dosdames.com | Brand: -18 | SEO: 16 | Final: -2 | Status: AVAILABLE | Action: SKIP | Premium: NO | Reg Price: $17.29 | Renew: $17.29
truesuwanee.com | Brand: -38 | SEO: 5 | Final: -33 | Status: AVAILABLE | Action: SKIP | Premium: NO | Reg Price: $17.29 | Renew: $17.29
cheapshooop.com | Brand: -38 | SEO: 5 | Final: -33 | Status: AVAILABLE | Action: SKIP | Premium: NO | Reg Price: $17.29 | Renew: $17.29
abbyjardine.com | Brand: -61 | SEO: 5 | Final: -56 | Status: AVAILABLE | Action: SKIP | Premium: NO | Reg Price: $17.29 | Renew: $17.29
jzty108.com | Brand: -58 | SEO: 1 | Final: -57 | Status: AVAILABLE | Action: SKIP | Premium: NO | Reg Price: $17.29 | Renew: $17.29
maboiteatubes.com | Brand: -63 | SEO: 5 | Final: -58 | Status: AVAILABLE | Action: SKIP | Premium: NO | Reg Price: $17.29 | Renew: $17.29
onlineinstig8.com | Brand: -54 | SEO: -10 | Final: -64 | Status: AVAILABLE | Action: SKIP | Premium: NO | Reg Price: $17.29 | Renew: $17.29
skystoria.com | Brand: -74 | SEO: 9 | Final: -65 | Status: AVAILABLE | Action: SKIP | Premium: NO | Reg Price: $17.29 | Renew: $17.29
vv1733.com | Brand: -70 | SEO: 1 | Final: -69 | Status: AVAILABLE | Action: SKIP | Premium: NO | Reg Price: $17.29 | Renew: $17.29
wheeliewealthy.com | Brand: -86 | SEO: 5 | Final: -81 | Status: AVAILABLE | Action: SKIP | Premium: NO | Reg Price: $17.29 | Renew: $17.29
saveweightshop.com | Brand: -109 | SEO: 5 | Final: -104 | Status: AVAILABLE | Action: SKIP | Premium: NO | Reg Price: $17.29 | Renew: $17.29
boltworkscraft.com | Brand: -131 | SEO: 5 | Final: -126 | Status: AVAILABLE | Action: SKIP | Premium: NO | Reg Price: $17.29 | Renew: $17.29

=== TAKEN ===
esspol.com | Brand: 77 | SEO: 16 | Final: 93 | Status: NOT AVAILABLE | Action: TAKEN
canmore.io | Brand: 72 | SEO: 16 | Final: 88 | Status: NOT AVAILABLE | Action: TAKEN
autoinsurancefinance.com | Brand: 55 | SEO: 16 | Final: 71 | Status: NOT AVAILABLE | Action: TAKEN
eta-inc.com | Brand: 42 | SEO: 1 | Final: 43 | Status: NOT AVAILABLE | Action: TAKEN
fabulousawesome.com | Brand: 27 | SEO: 5 | Final: 32 | Status: NOT AVAILABLE | Action: TAKEN
degreesprograms.com | Brand: 27 | SEO: 5 | Final: 32 | Status: NOT AVAILABLE | Action: TAKEN
majestic.com | Brand: -18 | SEO: 16 | Final: -2 | Status: NOT AVAILABLE | Action: TAKEN
weekendblessings.com | Brand: -11 | SEO: 5 | Final: -6 | Status: NOT AVAILABLE | Action: TAKEN
wfv.io | Brand: -25 | SEO: 16 | Final: -9 | Status: NOT AVAILABLE | Action: TAKEN
after2020.com | Brand: -13 | SEO: -6 | Final: -19 | Status: NOT AVAILABLE | Action: TAKEN
numeratout.com | Brand: -28 | SEO: 9 | Final: -19 | Status: NOT AVAILABLE | Action: TAKEN
okglamping.com | Brand: -28 | SEO: 9 | Final: -19 | Status: NOT AVAILABLE | Action: TAKEN
tamilewis.com | Brand: -28 | SEO: 9 | Final: -19 | Status: NOT AVAILABLE | Action: TAKEN
mpostream.com | Brand: -28 | SEO: 9 | Final: -19 | Status: NOT AVAILABLE | Action: TAKEN
ninevehsat.com | Brand: -28 | SEO: 9 | Final: -19 | Status: NOT AVAILABLE | Action: TAKEN
invertort.com | Brand: -28 | SEO: 9 | Final: -19 | Status: NOT AVAILABLE | Action: TAKEN
mycarinc.com | Brand: -40 | SEO: 16 | Final: -24 | Status: NOT AVAILABLE | Action: TAKEN
shopkack.com | Brand: -40 | SEO: 16 | Final: -24 | Status: NOT AVAILABLE | Action: TAKEN
aqu1024.com | Brand: -25 | SEO: 1 | Final: -24 | Status: NOT AVAILABLE | Action: TAKEN
mobiliseher.com | Brand: -38 | SEO: 5 | Final: -33 | Status: NOT AVAILABLE | Action: TAKEN
waspshop.com | Brand: -63 | SEO: 16 | Final: -47 | Status: NOT AVAILABLE | Action: TAKEN
grindfootball.com | Brand: -63 | SEO: 5 | Final: -58 | Status: NOT AVAILABLE | Action: TAKEN
learningfound.com | Brand: -63 | SEO: 5 | Final: -58 | Status: NOT AVAILABLE | Action: TAKEN
twshopping.com | Brand: -73 | SEO: 9 | Final: -64 | Status: NOT AVAILABLE | Action: TAKEN
6868.io | Brand: -70 | SEO: 1 | Final: -69 | Status: NOT AVAILABLE | Action: TAKEN
1md.net | Brand: -100 | SEO: 1 | Final: -99 | Status: NOT AVAILABLE | Action: TAKEN
[deleted] HTTP status: 200
[deleted] Page length: 98101
[deleted] Domains found: 25
[closeout] HTTP status: 200
[closeout] Page length: 82715
[closeout] Domains found: 24
Found 49 total candidate domains

=== BUY CANDIDATES ===

=== REVIEW MANUALLY ===
applekechains.com | Brand: 66 | SEO: -3 | Final: 63 | Status: AVAILABLE | Action: REVIEW | Premium: NO | Reg Price: $17.29 | Renew: $17.29
jjsolutionsmarketing.com | Brand: 46 | SEO: 16 | Final: 62 | Status: AVAILABLE | Action: REVIEW | Premium: NO | Reg Price: $17.29 | Renew: $17.29

=== SKIP ===
bizsuccessboost.com | Brand: 27 | SEO: 5 | Final: 32 | Status: AVAILABLE | Action: SKIP | Premium: NO | Reg Price: $17.29 | Renew: $17.29
britainvipbet.com | Brand: 8 | SEO: 23 | Final: 31 | Status: AVAILABLE | Action: SKIP | Premium: NO | Reg Price: $17.29 | Renew: $17.29
a-sbeauty.com | Brand: 32 | SEO: -10 | Final: 22 | Status: AVAILABLE | Action: SKIP | Premium: NO | Reg Price: $17.29 | Renew: $17.29
muscleforgeinstitute.com | Brand: 12 | SEO: 5 | Final: 17 | Status: AVAILABLE | Action: SKIP | Premium: NO | Reg Price: $17.29 | Renew: $17.29
jasapintugarasiwina.com | Brand: 12 | SEO: 5 | Final: 17 | Status: AVAILABLE | Action: SKIP | Premium: NO | Reg Price: $17.29 | Renew: $17.29
slatwallpannels.com | Brand: 5 | SEO: 5 | Final: 10 | Status: AVAILABLE | Action: SKIP | Premium: NO | Reg Price: $17.29 | Renew: $17.29
marinewindowtintmiami.com | Brand: 2 | SEO: 5 | Final: 7 | Status: AVAILABLE | Action: SKIP | Premium: NO | Reg Price: $17.29 | Renew: $17.29
wunderax.com | Brand: -18 | SEO: 16 | Final: -2 | Status: AVAILABLE | Action: SKIP | Premium: NO | Reg Price: $17.29 | Renew: $17.29
dosdames.com | Brand: -18 | SEO: 16 | Final: -2 | Status: AVAILABLE | Action: SKIP | Premium: NO | Reg Price: $17.29 | Renew: $17.29
truesuwanee.com | Brand: -38 | SEO: 5 | Final: -33 | Status: AVAILABLE | Action: SKIP | Premium: NO | Reg Price: $17.29 | Renew: $17.29
cheapshooop.com | Brand: -38 | SEO: 5 | Final: -33 | Status: AVAILABLE | Action: SKIP | Premium: NO | Reg Price: $17.29 | Renew: $17.29
abbyjardine.com | Brand: -61 | SEO: 5 | Final: -56 | Status: AVAILABLE | Action: SKIP | Premium: NO | Reg Price: $17.29 | Renew: $17.29
jzty108.com | Brand: -58 | SEO: 1 | Final: -57 | Status: AVAILABLE | Action: SKIP | Premium: NO | Reg Price: $17.29 | Renew: $17.29
maboiteatubes.com | Brand: -63 | SEO: 5 | Final: -58 | Status: AVAILABLE | Action: SKIP | Premium: NO | Reg Price: $17.29 | Renew: $17.29
onlineinstig8.com | Brand: -54 | SEO: -10 | Final: -64 | Status: AVAILABLE | Action: SKIP | Premium: NO | Reg Price: $17.29 | Renew: $17.29
skystoria.com | Brand: -74 | SEO: 9 | Final: -65 | Status: AVAILABLE | Action: SKIP | Premium: NO | Reg Price: $17.29 | Renew: $17.29
vv1733.com | Brand: -70 | SEO: 1 | Final: -69 | Status: AVAILABLE | Action: SKIP | Premium: NO | Reg Price: $17.29 | Renew: $17.29
wheeliewealthy.com | Brand: -86 | SEO: 5 | Final: -81 | Status: AVAILABLE | Action: SKIP | Premium: NO | Reg Price: $17.29 | Renew: $17.29
boltworkscraft.com | Brand: -131 | SEO: 5 | Final: -126 | Status: AVAILABLE | Action: SKIP | Premium: NO | Reg Price: $17.29 | Renew: $17.29

=== TAKEN ===
esspol.com | Brand: 77 | SEO: 16 | Final: 93 | Status: NOT AVAILABLE | Action: TAKEN
canmore.io | Brand: 72 | SEO: 16 | Final: 88 | Status: NOT AVAILABLE | Action: TAKEN
autoinsurancefinance.com | Brand: 55 | SEO: 16 | Final: 71 | Status: NOT AVAILABLE | Action: TAKEN
eta-inc.com | Brand: 42 | SEO: 1 | Final: 43 | Status: NOT AVAILABLE | Action: TAKEN
fabulousawesome.com | Brand: 27 | SEO: 5 | Final: 32 | Status: NOT AVAILABLE | Action: TAKEN
degreesprograms.com | Brand: 27 | SEO: 5 | Final: 32 | Status: NOT AVAILABLE | Action: TAKEN
fisiosteticnature.com | Brand: 12 | SEO: 5 | Final: 17 | Status: NOT AVAILABLE | Action: TAKEN
majestic.com | Brand: -18 | SEO: 16 | Final: -2 | Status: NOT AVAILABLE | Action: TAKEN
weekendblessings.com | Brand: -11 | SEO: 5 | Final: -6 | Status: NOT AVAILABLE | Action: TAKEN
wfv.io | Brand: -25 | SEO: 16 | Final: -9 | Status: NOT AVAILABLE | Action: TAKEN
after2020.com | Brand: -13 | SEO: -6 | Final: -19 | Status: NOT AVAILABLE | Action: TAKEN
numeratout.com | Brand: -28 | SEO: 9 | Final: -19 | Status: NOT AVAILABLE | Action: TAKEN
okglamping.com | Brand: -28 | SEO: 9 | Final: -19 | Status: NOT AVAILABLE | Action: TAKEN
tamilewis.com | Brand: -28 | SEO: 9 | Final: -19 | Status: NOT AVAILABLE | Action: TAKEN
mpostream.com | Brand: -28 | SEO: 9 | Final: -19 | Status: NOT AVAILABLE | Action: TAKEN
ninevehsat.com | Brand: -28 | SEO: 9 | Final: -19 | Status: NOT AVAILABLE | Action: TAKEN
invertort.com | Brand: -28 | SEO: 9 | Final: -19 | Status: NOT AVAILABLE | Action: TAKEN
mycarinc.com | Brand: -40 | SEO: 16 | Final: -24 | Status: NOT AVAILABLE | Action: TAKEN
shopkack.com | Brand: -40 | SEO: 16 | Final: -24 | Status: NOT AVAILABLE | Action: TAKEN
aqu1024.com | Brand: -25 | SEO: 1 | Final: -24 | Status: NOT AVAILABLE | Action: TAKEN
mobiliseher.com | Brand: -38 | SEO: 5 | Final: -33 | Status: NOT AVAILABLE | Action: TAKEN
waspshop.com | Brand: -63 | SEO: 16 | Final: -47 | Status: NOT AVAILABLE | Action: TAKEN
grindfootball.com | Brand: -63 | SEO: 5 | Final: -58 | Status: NOT AVAILABLE | Action: TAKEN
learningfound.com | Brand: -63 | SEO: 5 | Final: -58 | Status: NOT AVAILABLE | Action: TAKEN
twshopping.com | Brand: -73 | SEO: 9 | Final: -64 | Status: NOT AVAILABLE | Action: TAKEN
6868.io | Brand: -70 | SEO: 1 | Final: -69 | Status: NOT AVAILABLE | Action: TAKEN
1md.net | Brand: -100 | SEO: 1 | Final: -99 | Status: NOT AVAILABLE | Action: TAKEN
saveweightshop.com | Brand: -109 | SEO: 5 | Final: -104 | Status: NOT AVAILABLE | Action: TAKEN
[deleted] HTTP status: 200
[deleted] Page length: 98101
[deleted] Domains found: 25
[closeout] HTTP status: 200
[closeout] Page length: 82715
[closeout] Domains found: 24
Found 49 total candidate domains

=== BUY CANDIDATES ===

=== REVIEW MANUALLY ===
applekechains.com | Brand: 66 | SEO: -3 | Final: 63 | Status: AVAILABLE | Action: REVIEW | Premium: NO | Reg Price: $17.29 | Renew: $17.29
jjsolutionsmarketing.com | Brand: 46 | SEO: 16 | Final: 62 | Status: AVAILABLE | Action: REVIEW | Premium: NO | Reg Price: $17.29 | Renew: $17.29

=== SKIP ===
bizsuccessboost.com | Brand: 27 | SEO: 5 | Final: 32 | Status: AVAILABLE | Action: SKIP | Premium: NO | Reg Price: $17.29 | Renew: $17.29
britainvipbet.com | Brand: 8 | SEO: 23 | Final: 31 | Status: AVAILABLE | Action: SKIP | Premium: NO | Reg Price: $17.29 | Renew: $17.29
a-sbeauty.com | Brand: 32 | SEO: -10 | Final: 22 | Status: AVAILABLE | Action: SKIP | Premium: NO | Reg Price: $17.29 | Renew: $17.29
muscleforgeinstitute.com | Brand: 12 | SEO: 5 | Final: 17 | Status: AVAILABLE | Action: SKIP | Premium: NO | Reg Price: $17.29 | Renew: $17.29
jasapintugarasiwina.com | Brand: 12 | SEO: 5 | Final: 17 | Status: AVAILABLE | Action: SKIP | Premium: NO | Reg Price: $17.29 | Renew: $17.29
slatwallpannels.com | Brand: 5 | SEO: 5 | Final: 10 | Status: AVAILABLE | Action: SKIP | Premium: NO | Reg Price: $17.29 | Renew: $17.29
marinewindowtintmiami.com | Brand: 2 | SEO: 5 | Final: 7 | Status: AVAILABLE | Action: SKIP | Premium: NO | Reg Price: $17.29 | Renew: $17.29
wunderax.com | Brand: -18 | SEO: 16 | Final: -2 | Status: AVAILABLE | Action: SKIP | Premium: NO | Reg Price: $17.29 | Renew: $17.29
dosdames.com | Brand: -18 | SEO: 16 | Final: -2 | Status: AVAILABLE | Action: SKIP | Premium: NO | Reg Price: $17.29 | Renew: $17.29
truesuwanee.com | Brand: -38 | SEO: 5 | Final: -33 | Status: AVAILABLE | Action: SKIP | Premium: NO | Reg Price: $17.29 | Renew: $17.29
cheapshooop.com | Brand: -38 | SEO: 5 | Final: -33 | Status: AVAILABLE | Action: SKIP | Premium: NO | Reg Price: $17.29 | Renew: $17.29
abbyjardine.com | Brand: -61 | SEO: 5 | Final: -56 | Status: AVAILABLE | Action: SKIP | Premium: NO | Reg Price: $17.29 | Renew: $17.29
jzty108.com | Brand: -58 | SEO: 1 | Final: -57 | Status: AVAILABLE | Action: SKIP | Premium: NO | Reg Price: $17.29 | Renew: $17.29
maboiteatubes.com | Brand: -63 | SEO: 5 | Final: -58 | Status: AVAILABLE | Action: SKIP | Premium: NO | Reg Price: $17.29 | Renew: $17.29
onlineinstig8.com | Brand: -54 | SEO: -10 | Final: -64 | Status: AVAILABLE | Action: SKIP | Premium: NO | Reg Price: $17.29 | Renew: $17.29
skystoria.com | Brand: -74 | SEO: 9 | Final: -65 | Status: AVAILABLE | Action: SKIP | Premium: NO | Reg Price: $17.29 | Renew: $17.29
vv1733.com | Brand: -70 | SEO: 1 | Final: -69 | Status: AVAILABLE | Action: SKIP | Premium: NO | Reg Price: $17.29 | Renew: $17.29
wheeliewealthy.com | Brand: -86 | SEO: 5 | Final: -81 | Status: AVAILABLE | Action: SKIP | Premium: NO | Reg Price: $17.29 | Renew: $17.29
boltworkscraft.com | Brand: -131 | SEO: 5 | Final: -126 | Status: AVAILABLE | Action: SKIP | Premium: NO | Reg Price: $17.29 | Renew: $17.29

=== TAKEN ===
esspol.com | Brand: 77 | SEO: 16 | Final: 93 | Status: NOT AVAILABLE | Action: TAKEN
canmore.io | Brand: 72 | SEO: 16 | Final: 88 | Status: NOT AVAILABLE | Action: TAKEN
autoinsurancefinance.com | Brand: 55 | SEO: 16 | Final: 71 | Status: NOT AVAILABLE | Action: TAKEN
eta-inc.com | Brand: 42 | SEO: 1 | Final: 43 | Status: NOT AVAILABLE | Action: TAKEN
fabulousawesome.com | Brand: 27 | SEO: 5 | Final: 32 | Status: NOT AVAILABLE | Action: TAKEN
degreesprograms.com | Brand: 27 | SEO: 5 | Final: 32 | Status: NOT AVAILABLE | Action: TAKEN
fisiosteticnature.com | Brand: 12 | SEO: 5 | Final: 17 | Status: NOT AVAILABLE | Action: TAKEN
majestic.com | Brand: -18 | SEO: 16 | Final: -2 | Status: NOT AVAILABLE | Action: TAKEN
weekendblessings.com | Brand: -11 | SEO: 5 | Final: -6 | Status: NOT AVAILABLE | Action: TAKEN
wfv.io | Brand: -25 | SEO: 16 | Final: -9 | Status: NOT AVAILABLE | Action: TAKEN
after2020.com | Brand: -13 | SEO: -6 | Final: -19 | Status: NOT AVAILABLE | Action: TAKEN
numeratout.com | Brand: -28 | SEO: 9 | Final: -19 | Status: NOT AVAILABLE | Action: TAKEN
okglamping.com | Brand: -28 | SEO: 9 | Final: -19 | Status: NOT AVAILABLE | Action: TAKEN
tamilewis.com | Brand: -28 | SEO: 9 | Final: -19 | Status: NOT AVAILABLE | Action: TAKEN
mpostream.com | Brand: -28 | SEO: 9 | Final: -19 | Status: NOT AVAILABLE | Action: TAKEN
ninevehsat.com | Brand: -28 | SEO: 9 | Final: -19 | Status: NOT AVAILABLE | Action: TAKEN
invertort.com | Brand: -28 | SEO: 9 | Final: -19 | Status: NOT AVAILABLE | Action: TAKEN
mycarinc.com | Brand: -40 | SEO: 16 | Final: -24 | Status: NOT AVAILABLE | Action: TAKEN
shopkack.com | Brand: -40 | SEO: 16 | Final: -24 | Status: NOT AVAILABLE | Action: TAKEN
aqu1024.com | Brand: -25 | SEO: 1 | Final: -24 | Status: NOT AVAILABLE | Action: TAKEN
mobiliseher.com | Brand: -38 | SEO: 5 | Final: -33 | Status: NOT AVAILABLE | Action: TAKEN
waspshop.com | Brand: -63 | SEO: 16 | Final: -47 | Status: NOT AVAILABLE | Action: TAKEN
grindfootball.com | Brand: -63 | SEO: 5 | Final: -58 | Status: NOT AVAILABLE | Action: TAKEN
learningfound.com | Brand: -63 | SEO: 5 | Final: -58 | Status: NOT AVAILABLE | Action: TAKEN
twshopping.com | Brand: -73 | SEO: 9 | Final: -64 | Status: NOT AVAILABLE | Action: TAKEN
6868.io | Brand: -70 | SEO: 1 | Final: -69 | Status: NOT AVAILABLE | Action: TAKEN
1md.net | Brand: -100 | SEO: 1 | Final: -99 | Status: NOT AVAILABLE | Action: TAKEN
saveweightshop.com | Brand: -109 | SEO: 5 | Final: -104 | Status: NOT AVAILABLE | Action: TAKEN
[deleted] HTTP status: 200
[deleted] Page length: 98101
[deleted] Domains found: 25
[closeout] HTTP status: 200
[closeout] Page length: 82715
[closeout] Domains found: 24
Found 49 total candidate domains

=== BUY CANDIDATES ===

=== REVIEW MANUALLY ===
applekechains.com | Brand: 66 | SEO: -3 | Final: 63 | Status: AVAILABLE | Action: REVIEW | Premium: NO | Reg Price: $17.29 | Renew: $17.29
jjsolutionsmarketing.com | Brand: 46 | SEO: 16 | Final: 62 | Status: AVAILABLE | Action: REVIEW | Premium: NO | Reg Price: $17.29 | Renew: $17.29

=== SKIP ===
bizsuccessboost.com | Brand: 27 | SEO: 5 | Final: 32 | Status: AVAILABLE | Action: SKIP | Premium: NO | Reg Price: $17.29 | Renew: $17.29
britainvipbet.com | Brand: 8 | SEO: 23 | Final: 31 | Status: AVAILABLE | Action: SKIP | Premium: NO | Reg Price: $17.29 | Renew: $17.29
a-sbeauty.com | Brand: 32 | SEO: -10 | Final: 22 | Status: AVAILABLE | Action: SKIP | Premium: NO | Reg Price: $17.29 | Renew: $17.29
muscleforgeinstitute.com | Brand: 12 | SEO: 5 | Final: 17 | Status: AVAILABLE | Action: SKIP | Premium: NO | Reg Price: $17.29 | Renew: $17.29
slatwallpannels.com | Brand: 5 | SEO: 5 | Final: 10 | Status: AVAILABLE | Action: SKIP | Premium: NO | Reg Price: $17.29 | Renew: $17.29
marinewindowtintmiami.com | Brand: 2 | SEO: 5 | Final: 7 | Status: AVAILABLE | Action: SKIP | Premium: NO | Reg Price: $17.29 | Renew: $17.29
wunderax.com | Brand: -18 | SEO: 16 | Final: -2 | Status: AVAILABLE | Action: SKIP | Premium: NO | Reg Price: $17.29 | Renew: $17.29
dosdames.com | Brand: -18 | SEO: 16 | Final: -2 | Status: AVAILABLE | Action: SKIP | Premium: NO | Reg Price: $17.29 | Renew: $17.29
truesuwanee.com | Brand: -38 | SEO: 5 | Final: -33 | Status: AVAILABLE | Action: SKIP | Premium: NO | Reg Price: $17.29 | Renew: $17.29
cheapshooop.com | Brand: -38 | SEO: 5 | Final: -33 | Status: AVAILABLE | Action: SKIP | Premium: NO | Reg Price: $17.29 | Renew: $17.29
abbyjardine.com | Brand: -61 | SEO: 5 | Final: -56 | Status: AVAILABLE | Action: SKIP | Premium: NO | Reg Price: $17.29 | Renew: $17.29
jzty108.com | Brand: -58 | SEO: 1 | Final: -57 | Status: AVAILABLE | Action: SKIP | Premium: NO | Reg Price: $17.29 | Renew: $17.29
maboiteatubes.com | Brand: -63 | SEO: 5 | Final: -58 | Status: AVAILABLE | Action: SKIP | Premium: NO | Reg Price: $17.29 | Renew: $17.29
onlineinstig8.com | Brand: -54 | SEO: -10 | Final: -64 | Status: AVAILABLE | Action: SKIP | Premium: NO | Reg Price: $17.29 | Renew: $17.29
skystoria.com | Brand: -74 | SEO: 9 | Final: -65 | Status: AVAILABLE | Action: SKIP | Premium: NO | Reg Price: $17.29 | Renew: $17.29
vv1733.com | Brand: -70 | SEO: 1 | Final: -69 | Status: AVAILABLE | Action: SKIP | Premium: NO | Reg Price: $17.29 | Renew: $17.29
wheeliewealthy.com | Brand: -86 | SEO: 5 | Final: -81 | Status: AVAILABLE | Action: SKIP | Premium: NO | Reg Price: $17.29 | Renew: $17.29
boltworkscraft.com | Brand: -131 | SEO: 5 | Final: -126 | Status: AVAILABLE | Action: SKIP | Premium: NO | Reg Price: $17.29 | Renew: $17.29

=== TAKEN ===
esspol.com | Brand: 77 | SEO: 16 | Final: 93 | Status: NOT AVAILABLE | Action: TAKEN
canmore.io | Brand: 72 | SEO: 16 | Final: 88 | Status: NOT AVAILABLE | Action: TAKEN
autoinsurancefinance.com | Brand: 55 | SEO: 16 | Final: 71 | Status: NOT AVAILABLE | Action: TAKEN
eta-inc.com | Brand: 42 | SEO: 1 | Final: 43 | Status: NOT AVAILABLE | Action: TAKEN
fabulousawesome.com | Brand: 27 | SEO: 5 | Final: 32 | Status: NOT AVAILABLE | Action: TAKEN
degreesprograms.com | Brand: 27 | SEO: 5 | Final: 32 | Status: NOT AVAILABLE | Action: TAKEN
fisiosteticnature.com | Brand: 12 | SEO: 5 | Final: 17 | Status: NOT AVAILABLE | Action: TAKEN
jasapintugarasiwina.com | Brand: 12 | SEO: 5 | Final: 17 | Status: NOT AVAILABLE | Action: TAKEN
majestic.com | Brand: -18 | SEO: 16 | Final: -2 | Status: NOT AVAILABLE | Action: TAKEN
weekendblessings.com | Brand: -11 | SEO: 5 | Final: -6 | Status: NOT AVAILABLE | Action: TAKEN
wfv.io | Brand: -25 | SEO: 16 | Final: -9 | Status: NOT AVAILABLE | Action: TAKEN
after2020.com | Brand: -13 | SEO: -6 | Final: -19 | Status: NOT AVAILABLE | Action: TAKEN
numeratout.com | Brand: -28 | SEO: 9 | Final: -19 | Status: NOT AVAILABLE | Action: TAKEN
okglamping.com | Brand: -28 | SEO: 9 | Final: -19 | Status: NOT AVAILABLE | Action: TAKEN
tamilewis.com | Brand: -28 | SEO: 9 | Final: -19 | Status: NOT AVAILABLE | Action: TAKEN
mpostream.com | Brand: -28 | SEO: 9 | Final: -19 | Status: NOT AVAILABLE | Action: TAKEN
ninevehsat.com | Brand: -28 | SEO: 9 | Final: -19 | Status: NOT AVAILABLE | Action: TAKEN
invertort.com | Brand: -28 | SEO: 9 | Final: -19 | Status: NOT AVAILABLE | Action: TAKEN
mycarinc.com | Brand: -40 | SEO: 16 | Final: -24 | Status: NOT AVAILABLE | Action: TAKEN
shopkack.com | Brand: -40 | SEO: 16 | Final: -24 | Status: NOT AVAILABLE | Action: TAKEN
aqu1024.com | Brand: -25 | SEO: 1 | Final: -24 | Status: NOT AVAILABLE | Action: TAKEN
mobiliseher.com | Brand: -38 | SEO: 5 | Final: -33 | Status: NOT AVAILABLE | Action: TAKEN
waspshop.com | Brand: -63 | SEO: 16 | Final: -47 | Status: NOT AVAILABLE | Action: TAKEN
grindfootball.com | Brand: -63 | SEO: 5 | Final: -58 | Status: NOT AVAILABLE | Action: TAKEN
learningfound.com | Brand: -63 | SEO: 5 | Final: -58 | Status: NOT AVAILABLE | Action: TAKEN
twshopping.com | Brand: -73 | SEO: 9 | Final: -64 | Status: NOT AVAILABLE | Action: TAKEN
6868.io | Brand: -70 | SEO: 1 | Final: -69 | Status: NOT AVAILABLE | Action: TAKEN
1md.net | Brand: -100 | SEO: 1 | Final: -99 | Status: NOT AVAILABLE | Action: TAKEN
saveweightshop.com | Brand: -109 | SEO: 5 | Final: -104 | Status: NOT AVAILABLE | Action: TAKEN
[deleted] HTTP status: 200
[deleted] Page length: 98101
[deleted] Domains found: 25
[closeout] HTTP status: 200
[closeout] Page length: 82717
[closeout] Domains found: 24
Found 49 total candidate domains

=== BUY CANDIDATES ===

=== REVIEW MANUALLY ===
applekechains.com | Brand: 66 | SEO: -3 | Final: 63 | Status: AVAILABLE | Action: REVIEW | Premium: NO | Reg Price: $17.29 | Renew: $17.29
jjsolutionsmarketing.com | Brand: 46 | SEO: 16 | Final: 62 | Status: AVAILABLE | Action: REVIEW | Premium: NO | Reg Price: $17.29 | Renew: $17.29

=== SKIP ===
bizsuccessboost.com | Brand: 27 | SEO: 5 | Final: 32 | Status: AVAILABLE | Action: SKIP | Premium: NO | Reg Price: $17.29 | Renew: $17.29
britainvipbet.com | Brand: 8 | SEO: 23 | Final: 31 | Status: AVAILABLE | Action: SKIP | Premium: NO | Reg Price: $17.29 | Renew: $17.29
a-sbeauty.com | Brand: 32 | SEO: -10 | Final: 22 | Status: AVAILABLE | Action: SKIP | Premium: NO | Reg Price: $17.29 | Renew: $17.29
muscleforgeinstitute.com | Brand: 12 | SEO: 5 | Final: 17 | Status: AVAILABLE | Action: SKIP | Premium: NO | Reg Price: $17.29 | Renew: $17.29
slatwallpannels.com | Brand: 5 | SEO: 5 | Final: 10 | Status: AVAILABLE | Action: SKIP | Premium: NO | Reg Price: $17.29 | Renew: $17.29
marinewindowtintmiami.com | Brand: 2 | SEO: 5 | Final: 7 | Status: AVAILABLE | Action: SKIP | Premium: NO | Reg Price: $17.29 | Renew: $17.29
wunderax.com | Brand: -18 | SEO: 16 | Final: -2 | Status: AVAILABLE | Action: SKIP | Premium: NO | Reg Price: $17.29 | Renew: $17.29
dosdames.com | Brand: -18 | SEO: 16 | Final: -2 | Status: AVAILABLE | Action: SKIP | Premium: NO | Reg Price: $17.29 | Renew: $17.29
truesuwanee.com | Brand: -38 | SEO: 5 | Final: -33 | Status: AVAILABLE | Action: SKIP | Premium: NO | Reg Price: $17.29 | Renew: $17.29
cheapshooop.com | Brand: -38 | SEO: 5 | Final: -33 | Status: AVAILABLE | Action: SKIP | Premium: NO | Reg Price: $17.29 | Renew: $17.29
abbyjardine.com | Brand: -61 | SEO: 5 | Final: -56 | Status: AVAILABLE | Action: SKIP | Premium: NO | Reg Price: $17.29 | Renew: $17.29
jzty108.com | Brand: -58 | SEO: 1 | Final: -57 | Status: AVAILABLE | Action: SKIP | Premium: NO | Reg Price: $17.29 | Renew: $17.29
maboiteatubes.com | Brand: -63 | SEO: 5 | Final: -58 | Status: AVAILABLE | Action: SKIP | Premium: NO | Reg Price: $17.29 | Renew: $17.29
onlineinstig8.com | Brand: -54 | SEO: -10 | Final: -64 | Status: AVAILABLE | Action: SKIP | Premium: NO | Reg Price: $17.29 | Renew: $17.29
skystoria.com | Brand: -74 | SEO: 9 | Final: -65 | Status: AVAILABLE | Action: SKIP | Premium: NO | Reg Price: $17.29 | Renew: $17.29
vv1733.com | Brand: -70 | SEO: 1 | Final: -69 | Status: AVAILABLE | Action: SKIP | Premium: NO | Reg Price: $17.29 | Renew: $17.29
wheeliewealthy.com | Brand: -86 | SEO: 5 | Final: -81 | Status: AVAILABLE | Action: SKIP | Premium: NO | Reg Price: $17.29 | Renew: $17.29
boltworkscraft.com | Brand: -131 | SEO: 5 | Final: -126 | Status: AVAILABLE | Action: SKIP | Premium: NO | Reg Price: $17.29 | Renew: $17.29

=== TAKEN ===
esspol.com | Brand: 77 | SEO: 16 | Final: 93 | Status: NOT AVAILABLE | Action: TAKEN
canmore.io | Brand: 72 | SEO: 16 | Final: 88 | Status: NOT AVAILABLE | Action: TAKEN
autoinsurancefinance.com | Brand: 55 | SEO: 16 | Final: 71 | Status: NOT AVAILABLE | Action: TAKEN
eta-inc.com | Brand: 42 | SEO: 1 | Final: 43 | Status: NOT AVAILABLE | Action: TAKEN
fabulousawesome.com | Brand: 27 | SEO: 5 | Final: 32 | Status: NOT AVAILABLE | Action: TAKEN
degreesprograms.com | Brand: 27 | SEO: 5 | Final: 32 | Status: NOT AVAILABLE | Action: TAKEN
fisiosteticnature.com | Brand: 12 | SEO: 5 | Final: 17 | Status: NOT AVAILABLE | Action: TAKEN
jasapintugarasiwina.com | Brand: 12 | SEO: 5 | Final: 17 | Status: NOT AVAILABLE | Action: TAKEN
majestic.com | Brand: -18 | SEO: 16 | Final: -2 | Status: NOT AVAILABLE | Action: TAKEN
weekendblessings.com | Brand: -11 | SEO: 5 | Final: -6 | Status: NOT AVAILABLE | Action: TAKEN
wfv.io | Brand: -25 | SEO: 16 | Final: -9 | Status: NOT AVAILABLE | Action: TAKEN
after2020.com | Brand: -13 | SEO: -6 | Final: -19 | Status: NOT AVAILABLE | Action: TAKEN
numeratout.com | Brand: -28 | SEO: 9 | Final: -19 | Status: NOT AVAILABLE | Action: TAKEN
okglamping.com | Brand: -28 | SEO: 9 | Final: -19 | Status: NOT AVAILABLE | Action: TAKEN
tamilewis.com | Brand: -28 | SEO: 9 | Final: -19 | Status: NOT AVAILABLE | Action: TAKEN
mpostream.com | Brand: -28 | SEO: 9 | Final: -19 | Status: NOT AVAILABLE | Action: TAKEN
ninevehsat.com | Brand: -28 | SEO: 9 | Final: -19 | Status: NOT AVAILABLE | Action: TAKEN
invertort.com | Brand: -28 | SEO: 9 | Final: -19 | Status: NOT AVAILABLE | Action: TAKEN
mycarinc.com | Brand: -40 | SEO: 16 | Final: -24 | Status: NOT AVAILABLE | Action: TAKEN
shopkack.com | Brand: -40 | SEO: 16 | Final: -24 | Status: NOT AVAILABLE | Action: TAKEN
aqu1024.com | Brand: -25 | SEO: 1 | Final: -24 | Status: NOT AVAILABLE | Action: TAKEN
mobiliseher.com | Brand: -38 | SEO: 5 | Final: -33 | Status: NOT AVAILABLE | Action: TAKEN
waspshop.com | Brand: -63 | SEO: 16 | Final: -47 | Status: NOT AVAILABLE | Action: TAKEN
grindfootball.com | Brand: -63 | SEO: 5 | Final: -58 | Status: NOT AVAILABLE | Action: TAKEN
learningfound.com | Brand: -63 | SEO: 5 | Final: -58 | Status: NOT AVAILABLE | Action: TAKEN
twshopping.com | Brand: -73 | SEO: 9 | Final: -64 | Status: NOT AVAILABLE | Action: TAKEN
6868.io | Brand: -70 | SEO: 1 | Final: -69 | Status: NOT AVAILABLE | Action: TAKEN
1md.net | Brand: -100 | SEO: 1 | Final: -99 | Status: NOT AVAILABLE | Action: TAKEN
saveweightshop.com | Brand: -109 | SEO: 5 | Final: -104 | Status: NOT AVAILABLE | Action: TAKEN
[deleted] HTTP status: 200
[deleted] Page length: 98037
[deleted] Domains found: 25
[closeout] HTTP status: 200
[closeout] Page length: 82717
[closeout] Domains found: 24
Found 49 total candidate domains

=== BUY CANDIDATES ===

=== REVIEW MANUALLY ===
applekechains.com | Brand: 66 | SEO: -3 | Final: 63 | Status: AVAILABLE | Action: REVIEW | Premium: NO | Reg Price: $17.29 | Renew: $17.29
jjsolutionsmarketing.com | Brand: 46 | SEO: 16 | Final: 62 | Status: AVAILABLE | Action: REVIEW | Premium: NO | Reg Price: $17.29 | Renew: $17.29

=== SKIP ===
bizsuccessboost.com | Brand: 27 | SEO: 5 | Final: 32 | Status: AVAILABLE | Action: SKIP | Premium: NO | Reg Price: $17.29 | Renew: $17.29
britainvipbet.com | Brand: 8 | SEO: 23 | Final: 31 | Status: AVAILABLE | Action: SKIP | Premium: NO | Reg Price: $17.29 | Renew: $17.29
a-sbeauty.com | Brand: 32 | SEO: -10 | Final: 22 | Status: AVAILABLE | Action: SKIP | Premium: NO | Reg Price: $17.29 | Renew: $17.29
muscleforgeinstitute.com | Brand: 12 | SEO: 5 | Final: 17 | Status: AVAILABLE | Action: SKIP | Premium: NO | Reg Price: $17.29 | Renew: $17.29
slatwallpannels.com | Brand: 5 | SEO: 5 | Final: 10 | Status: AVAILABLE | Action: SKIP | Premium: NO | Reg Price: $17.29 | Renew: $17.29
marinewindowtintmiami.com | Brand: 2 | SEO: 5 | Final: 7 | Status: AVAILABLE | Action: SKIP | Premium: NO | Reg Price: $17.29 | Renew: $17.29
wunderax.com | Brand: -18 | SEO: 16 | Final: -2 | Status: AVAILABLE | Action: SKIP | Premium: NO | Reg Price: $17.29 | Renew: $17.29
dosdames.com | Brand: -18 | SEO: 16 | Final: -2 | Status: AVAILABLE | Action: SKIP | Premium: NO | Reg Price: $17.29 | Renew: $17.29
truesuwanee.com | Brand: -38 | SEO: 5 | Final: -33 | Status: AVAILABLE | Action: SKIP | Premium: NO | Reg Price: $17.29 | Renew: $17.29
cheapshooop.com | Brand: -38 | SEO: 5 | Final: -33 | Status: AVAILABLE | Action: SKIP | Premium: NO | Reg Price: $17.29 | Renew: $17.29
abbyjardine.com | Brand: -61 | SEO: 5 | Final: -56 | Status: AVAILABLE | Action: SKIP | Premium: NO | Reg Price: $17.29 | Renew: $17.29
jzty108.com | Brand: -58 | SEO: 1 | Final: -57 | Status: AVAILABLE | Action: SKIP | Premium: NO | Reg Price: $17.29 | Renew: $17.29
maboiteatubes.com | Brand: -63 | SEO: 5 | Final: -58 | Status: AVAILABLE | Action: SKIP | Premium: NO | Reg Price: $17.29 | Renew: $17.29
onlineinstig8.com | Brand: -54 | SEO: -10 | Final: -64 | Status: AVAILABLE | Action: SKIP | Premium: NO | Reg Price: $17.29 | Renew: $17.29
skystoria.com | Brand: -74 | SEO: 9 | Final: -65 | Status: AVAILABLE | Action: SKIP | Premium: NO | Reg Price: $17.29 | Renew: $17.29
vv1733.com | Brand: -70 | SEO: 1 | Final: -69 | Status: AVAILABLE | Action: SKIP | Premium: NO | Reg Price: $17.29 | Renew: $17.29
wheeliewealthy.com | Brand: -86 | SEO: 5 | Final: -81 | Status: AVAILABLE | Action: SKIP | Premium: NO | Reg Price: $17.29 | Renew: $17.29
boltworkscraft.com | Brand: -131 | SEO: 5 | Final: -126 | Status: AVAILABLE | Action: SKIP | Premium: NO | Reg Price: $17.29 | Renew: $17.29

=== TAKEN ===
esspol.com | Brand: 77 | SEO: 16 | Final: 93 | Status: NOT AVAILABLE | Action: TAKEN
canmore.io | Brand: 72 | SEO: 16 | Final: 88 | Status: NOT AVAILABLE | Action: TAKEN
autoinsurancefinance.com | Brand: 55 | SEO: 16 | Final: 71 | Status: NOT AVAILABLE | Action: TAKEN
eta-inc.com | Brand: 42 | SEO: 1 | Final: 43 | Status: NOT AVAILABLE | Action: TAKEN
fabulousawesome.com | Brand: 27 | SEO: 5 | Final: 32 | Status: NOT AVAILABLE | Action: TAKEN
degreesprograms.com | Brand: 27 | SEO: 5 | Final: 32 | Status: NOT AVAILABLE | Action: TAKEN
fisiosteticnature.com | Brand: 12 | SEO: 5 | Final: 17 | Status: NOT AVAILABLE | Action: TAKEN
jasapintugarasiwina.com | Brand: 12 | SEO: 5 | Final: 17 | Status: NOT AVAILABLE | Action: TAKEN
majestic.com | Brand: -18 | SEO: 16 | Final: -2 | Status: NOT AVAILABLE | Action: TAKEN
weekendblessings.com | Brand: -11 | SEO: 5 | Final: -6 | Status: NOT AVAILABLE | Action: TAKEN
wfv.io | Brand: -25 | SEO: 16 | Final: -9 | Status: NOT AVAILABLE | Action: TAKEN
after2020.com | Brand: -13 | SEO: -6 | Final: -19 | Status: NOT AVAILABLE | Action: TAKEN
numeratout.com | Brand: -28 | SEO: 9 | Final: -19 | Status: NOT AVAILABLE | Action: TAKEN
okglamping.com | Brand: -28 | SEO: 9 | Final: -19 | Status: NOT AVAILABLE | Action: TAKEN
tamilewis.com | Brand: -28 | SEO: 9 | Final: -19 | Status: NOT AVAILABLE | Action: TAKEN
mpostream.com | Brand: -28 | SEO: 9 | Final: -19 | Status: NOT AVAILABLE | Action: TAKEN
ninevehsat.com | Brand: -28 | SEO: 9 | Final: -19 | Status: NOT AVAILABLE | Action: TAKEN
invertort.com | Brand: -28 | SEO: 9 | Final: -19 | Status: NOT AVAILABLE | Action: TAKEN
mycarinc.com | Brand: -40 | SEO: 16 | Final: -24 | Status: NOT AVAILABLE | Action: TAKEN
shopkack.com | Brand: -40 | SEO: 16 | Final: -24 | Status: NOT AVAILABLE | Action: TAKEN
aqu1024.com | Brand: -25 | SEO: 1 | Final: -24 | Status: NOT AVAILABLE | Action: TAKEN
mobiliseher.com | Brand: -38 | SEO: 5 | Final: -33 | Status: NOT AVAILABLE | Action: TAKEN
waspshop.com | Brand: -63 | SEO: 16 | Final: -47 | Status: NOT AVAILABLE | Action: TAKEN
grindfootball.com | Brand: -63 | SEO: 5 | Final: -58 | Status: NOT AVAILABLE | Action: TAKEN
learningfound.com | Brand: -63 | SEO: 5 | Final: -58 | Status: NOT AVAILABLE | Action: TAKEN
twshopping.com | Brand: -73 | SEO: 9 | Final: -64 | Status: NOT AVAILABLE | Action: TAKEN
6868.io | Brand: -70 | SEO: 1 | Final: -69 | Status: NOT AVAILABLE | Action: TAKEN
1md.net | Brand: -100 | SEO: 1 | Final: -99 | Status: NOT AVAILABLE | Action: TAKEN
saveweightshop.com | Brand: -109 | SEO: 5 | Final: -104 | Status: NOT AVAILABLE | Action: TAKEN
[deleted] HTTP status: 200
[deleted] Page length: 98037
[deleted] Domains found: 25
[closeout] HTTP status: 200
[closeout] Page length: 82717
[closeout] Domains found: 24
Found 49 total candidate domains

=== BUY CANDIDATES ===

=== REVIEW MANUALLY ===

=== SKIP ===

=== TAKEN ===
esspol.com | Brand: 77 | SEO: 16 | Final: 93 | Status: NOT AVAILABLE | Action: TAKEN
canmore.io | Brand: 72 | SEO: 16 | Final: 88 | Status: NOT AVAILABLE | Action: TAKEN
autoinsurancefinance.com | Brand: 55 | SEO: 16 | Final: 71 | Status: NOT AVAILABLE | Action: TAKEN
eta-inc.com | Brand: 42 | SEO: 1 | Final: 43 | Status: NOT AVAILABLE | Action: TAKEN
fabulousawesome.com | Brand: 27 | SEO: 5 | Final: 32 | Status: NOT AVAILABLE | Action: TAKEN
degreesprograms.com | Brand: 27 | SEO: 5 | Final: 32 | Status: NOT AVAILABLE | Action: TAKEN
fisiosteticnature.com | Brand: 12 | SEO: 5 | Final: 17 | Status: NOT AVAILABLE | Action: TAKEN
jasapintugarasiwina.com | Brand: 12 | SEO: 5 | Final: 17 | Status: NOT AVAILABLE | Action: TAKEN
majestic.com | Brand: -18 | SEO: 16 | Final: -2 | Status: NOT AVAILABLE | Action: TAKEN
weekendblessings.com | Brand: -11 | SEO: 5 | Final: -6 | Status: NOT AVAILABLE | Action: TAKEN
wfv.io | Brand: -25 | SEO: 16 | Final: -9 | Status: NOT AVAILABLE | Action: TAKEN
after2020.com | Brand: -13 | SEO: -6 | Final: -19 | Status: NOT AVAILABLE | Action: TAKEN
numeratout.com | Brand: -28 | SEO: 9 | Final: -19 | Status: NOT AVAILABLE | Action: TAKEN
okglamping.com | Brand: -28 | SEO: 9 | Final: -19 | Status: NOT AVAILABLE | Action: TAKEN
tamilewis.com | Brand: -28 | SEO: 9 | Final: -19 | Status: NOT AVAILABLE | Action: TAKEN
mpostream.com | Brand: -28 | SEO: 9 | Final: -19 | Status: NOT AVAILABLE | Action: TAKEN
ninevehsat.com | Brand: -28 | SEO: 9 | Final: -19 | Status: NOT AVAILABLE | Action: TAKEN
invertort.com | Brand: -28 | SEO: 9 | Final: -19 | Status: NOT AVAILABLE | Action: TAKEN
mycarinc.com | Brand: -40 | SEO: 16 | Final: -24 | Status: NOT AVAILABLE | Action: TAKEN
shopkack.com | Brand: -40 | SEO: 16 | Final: -24 | Status: NOT AVAILABLE | Action: TAKEN
aqu1024.com | Brand: -25 | SEO: 1 | Final: -24 | Status: NOT AVAILABLE | Action: TAKEN
mobiliseher.com | Brand: -38 | SEO: 5 | Final: -33 | Status: NOT AVAILABLE | Action: TAKEN
waspshop.com | Brand: -63 | SEO: 16 | Final: -47 | Status: NOT AVAILABLE | Action: TAKEN
abbyjardine.com | Brand: -61 | SEO: 5 | Final: -56 | Status: NOT AVAILABLE | Action: TAKEN
grindfootball.com | Brand: -63 | SEO: 5 | Final: -58 | Status: NOT AVAILABLE | Action: TAKEN
learningfound.com | Brand: -63 | SEO: 5 | Final: -58 | Status: NOT AVAILABLE | Action: TAKEN
twshopping.com | Brand: -73 | SEO: 9 | Final: -64 | Status: NOT AVAILABLE | Action: TAKEN
6868.io | Brand: -70 | SEO: 1 | Final: -69 | Status: NOT AVAILABLE | Action: TAKEN
1md.net | Brand: -100 | SEO: 1 | Final: -99 | Status: NOT AVAILABLE | Action: TAKEN
saveweightshop.com | Brand: -109 | SEO: 5 | Final: -104 | Status: NOT AVAILABLE | Action: TAKEN

=== UNKNOWN ===
applekechains.com | Brand: 66 | SEO: -3 | Final: 63 | Status: UNKNOWN | Action: UNKNOWN | ERROR: HTTP error: 500 Server Error: Internal Server Error for url: https://www.namesilo.com/api/checkRegisterAvailability?version=1&type=json&key=09bdc91051d8be5f3d179&domains=applekechains.com
jjsolutionsmarketing.com | Brand: 46 | SEO: 16 | Final: 62 | Status: UNKNOWN | Action: UNKNOWN | ERROR: HTTP error: 500 Server Error: Internal Server Error for url: https://www.namesilo.com/api/checkRegisterAvailability?version=1&type=json&key=09bdc91051d8be5f3d179&domains=jjsolutionsmarketing.com
bizsuccessboost.com | Brand: 27 | SEO: 5 | Final: 32 | Status: UNKNOWN | Action: UNKNOWN | ERROR: HTTP error: 500 Server Error: Internal Server Error for url: https://www.namesilo.com/api/checkRegisterAvailability?version=1&type=json&key=09bdc91051d8be5f3d179&domains=bizsuccessboost.com
britainvipbet.com | Brand: 8 | SEO: 23 | Final: 31 | Status: UNKNOWN | Action: UNKNOWN | ERROR: HTTP error: 500 Server Error: Internal Server Error for url: https://www.namesilo.com/api/checkRegisterAvailability?version=1&type=json&key=09bdc91051d8be5f3d179&domains=britainvipbet.com
a-sbeauty.com | Brand: 32 | SEO: -10 | Final: 22 | Status: UNKNOWN | Action: UNKNOWN | ERROR: HTTP error: 500 Server Error: Internal Server Error for url: https://www.namesilo.com/api/checkRegisterAvailability?version=1&type=json&key=09bdc91051d8be5f3d179&domains=a-sbeauty.com
muscleforgeinstitute.com | Brand: 12 | SEO: 5 | Final: 17 | Status: UNKNOWN | Action: UNKNOWN | ERROR: HTTP error: 500 Server Error: Internal Server Error for url: https://www.namesilo.com/api/checkRegisterAvailability?version=1&type=json&key=09bdc91051d8be5f3d179&domains=muscleforgeinstitute.com
slatwallpannels.com | Brand: 5 | SEO: 5 | Final: 10 | Status: UNKNOWN | Action: UNKNOWN | ERROR: HTTP error: 500 Server Error: Internal Server Error for url: https://www.namesilo.com/api/checkRegisterAvailability?version=1&type=json&key=09bdc91051d8be5f3d179&domains=slatwallpannels.com
marinewindowtintmiami.com | Brand: 2 | SEO: 5 | Final: 7 | Status: UNKNOWN | Action: UNKNOWN | ERROR: HTTP error: 500 Server Error: Internal Server Error for url: https://www.namesilo.com/api/checkRegisterAvailability?version=1&type=json&key=09bdc91051d8be5f3d179&domains=marinewindowtintmiami.com
wunderax.com | Brand: -18 | SEO: 16 | Final: -2 | Status: UNKNOWN | Action: UNKNOWN | ERROR: HTTP error: 500 Server Error: Internal Server Error for url: https://www.namesilo.com/api/checkRegisterAvailability?version=1&type=json&key=09bdc91051d8be5f3d179&domains=wunderax.com
dosdames.com | Brand: -18 | SEO: 16 | Final: -2 | Status: UNKNOWN | Action: UNKNOWN | ERROR: HTTP error: 500 Server Error: Internal Server Error for url: https://www.namesilo.com/api/checkRegisterAvailability?version=1&type=json&key=09bdc91051d8be5f3d179&domains=dosdames.com
truesuwanee.com | Brand: -38 | SEO: 5 | Final: -33 | Status: UNKNOWN | Action: UNKNOWN | ERROR: HTTP error: 500 Server Error: Internal Server Error for url: https://www.namesilo.com/api/checkRegisterAvailability?version=1&type=json&key=09bdc91051d8be5f3d179&domains=truesuwanee.com
cheapshooop.com | Brand: -38 | SEO: 5 | Final: -33 | Status: UNKNOWN | Action: UNKNOWN | ERROR: HTTP error: 500 Server Error: Internal Server Error for url: https://www.namesilo.com/api/checkRegisterAvailability?version=1&type=json&key=09bdc91051d8be5f3d179&domains=cheapshooop.com
jzty108.com | Brand: -58 | SEO: 1 | Final: -57 | Status: UNKNOWN | Action: UNKNOWN | ERROR: HTTP error: 500 Server Error: Internal Server Error for url: https://www.namesilo.com/api/checkRegisterAvailability?version=1&type=json&key=09bdc91051d8be5f3d179&domains=jzty108.com
maboiteatubes.com | Brand: -63 | SEO: 5 | Final: -58 | Status: UNKNOWN | Action: UNKNOWN | ERROR: HTTP error: 500 Server Error: Internal Server Error for url: https://www.namesilo.com/api/checkRegisterAvailability?version=1&type=json&key=09bdc91051d8be5f3d179&domains=maboiteatubes.com
onlineinstig8.com | Brand: -54 | SEO: -10 | Final: -64 | Status: UNKNOWN | Action: UNKNOWN | ERROR: HTTP error: 500 Server Error: Internal Server Error for url: https://www.namesilo.com/api/checkRegisterAvailability?version=1&type=json&key=09bdc91051d8be5f3d179&domains=onlineinstig8.com
skystoria.com | Brand: -74 | SEO: 9 | Final: -65 | Status: UNKNOWN | Action: UNKNOWN | ERROR: HTTP error: 500 Server Error: Internal Server Error for url: https://www.namesilo.com/api/checkRegisterAvailability?version=1&type=json&key=09bdc91051d8be5f3d179&domains=skystoria.com
vv1733.com | Brand: -70 | SEO: 1 | Final: -69 | Status: UNKNOWN | Action: UNKNOWN | ERROR: HTTP error: 500 Server Error: Internal Server Error for url: https://www.namesilo.com/api/checkRegisterAvailability?version=1&type=json&key=09bdc91051d8be5f3d179&domains=vv1733.com
wheeliewealthy.com | Brand: -86 | SEO: 5 | Final: -81 | Status: UNKNOWN | Action: UNKNOWN | ERROR: HTTP error: 500 Server Error: Internal Server Error for url: https://www.namesilo.com/api/checkRegisterAvailability?version=1&type=json&key=09bdc91051d8be5f3d179&domains=wheeliewealthy.com
boltworkscraft.com | Brand: -131 | SEO: 5 | Final: -126 | Status: UNKNOWN | Action: UNKNOWN | ERROR: HTTP error: 500 Server Error: Internal Server Error for url: https://www.namesilo.com/api/checkRegisterAvailability?version=1&type=json&key=09bdc91051d8be5f3d179&domains=boltworkscraft.com
[deleted] HTTP status: 200
[deleted] Page length: 98037
[deleted] Domains found: 25
[closeout] HTTP status: 200
[closeout] Page length: 82717
[closeout] Domains found: 24
Found 49 total candidate domains

=== BUY CANDIDATES ===

=== REVIEW MANUALLY ===
applekechains.com | Brand: 66 | SEO: -3 | Final: 63 | Status: AVAILABLE | Action: REVIEW | Premium: NO | Reg Price: $17.29 | Renew: $17.29
jjsolutionsmarketing.com | Brand: 46 | SEO: 16 | Final: 62 | Status: AVAILABLE | Action: REVIEW | Premium: NO | Reg Price: $17.29 | Renew: $17.29

=== SKIP ===
bizsuccessboost.com | Brand: 27 | SEO: 5 | Final: 32 | Status: AVAILABLE | Action: SKIP | Premium: NO | Reg Price: $17.29 | Renew: $17.29
britainvipbet.com | Brand: 8 | SEO: 23 | Final: 31 | Status: AVAILABLE | Action: SKIP | Premium: NO | Reg Price: $17.29 | Renew: $17.29
a-sbeauty.com | Brand: 32 | SEO: -10 | Final: 22 | Status: AVAILABLE | Action: SKIP | Premium: NO | Reg Price: $17.29 | Renew: $17.29
muscleforgeinstitute.com | Brand: 12 | SEO: 5 | Final: 17 | Status: AVAILABLE | Action: SKIP | Premium: NO | Reg Price: $17.29 | Renew: $17.29
slatwallpannels.com | Brand: 5 | SEO: 5 | Final: 10 | Status: AVAILABLE | Action: SKIP | Premium: NO | Reg Price: $17.29 | Renew: $17.29
marinewindowtintmiami.com | Brand: 2 | SEO: 5 | Final: 7 | Status: AVAILABLE | Action: SKIP | Premium: NO | Reg Price: $17.29 | Renew: $17.29
wunderax.com | Brand: -18 | SEO: 16 | Final: -2 | Status: AVAILABLE | Action: SKIP | Premium: NO | Reg Price: $17.29 | Renew: $17.29
dosdames.com | Brand: -18 | SEO: 16 | Final: -2 | Status: AVAILABLE | Action: SKIP | Premium: NO | Reg Price: $17.29 | Renew: $17.29
truesuwanee.com | Brand: -38 | SEO: 5 | Final: -33 | Status: AVAILABLE | Action: SKIP | Premium: NO | Reg Price: $17.29 | Renew: $17.29
cheapshooop.com | Brand: -38 | SEO: 5 | Final: -33 | Status: AVAILABLE | Action: SKIP | Premium: NO | Reg Price: $17.29 | Renew: $17.29
jzty108.com | Brand: -58 | SEO: 1 | Final: -57 | Status: AVAILABLE | Action: SKIP | Premium: NO | Reg Price: $17.29 | Renew: $17.29
maboiteatubes.com | Brand: -63 | SEO: 5 | Final: -58 | Status: AVAILABLE | Action: SKIP | Premium: NO | Reg Price: $17.29 | Renew: $17.29
onlineinstig8.com | Brand: -54 | SEO: -10 | Final: -64 | Status: AVAILABLE | Action: SKIP | Premium: NO | Reg Price: $17.29 | Renew: $17.29
skystoria.com | Brand: -74 | SEO: 9 | Final: -65 | Status: AVAILABLE | Action: SKIP | Premium: NO | Reg Price: $17.29 | Renew: $17.29
vv1733.com | Brand: -70 | SEO: 1 | Final: -69 | Status: AVAILABLE | Action: SKIP | Premium: NO | Reg Price: $17.29 | Renew: $17.29
wheeliewealthy.com | Brand: -86 | SEO: 5 | Final: -81 | Status: AVAILABLE | Action: SKIP | Premium: NO | Reg Price: $17.29 | Renew: $17.29
boltworkscraft.com | Brand: -131 | SEO: 5 | Final: -126 | Status: AVAILABLE | Action: SKIP | Premium: NO | Reg Price: $17.29 | Renew: $17.29

=== TAKEN ===
esspol.com | Brand: 77 | SEO: 16 | Final: 93 | Status: NOT AVAILABLE | Action: TAKEN
canmore.io | Brand: 72 | SEO: 16 | Final: 88 | Status: NOT AVAILABLE | Action: TAKEN
autoinsurancefinance.com | Brand: 55 | SEO: 16 | Final: 71 | Status: NOT AVAILABLE | Action: TAKEN
eta-inc.com | Brand: 42 | SEO: 1 | Final: 43 | Status: NOT AVAILABLE | Action: TAKEN
fabulousawesome.com | Brand: 27 | SEO: 5 | Final: 32 | Status: NOT AVAILABLE | Action: TAKEN
degreesprograms.com | Brand: 27 | SEO: 5 | Final: 32 | Status: NOT AVAILABLE | Action: TAKEN
fisiosteticnature.com | Brand: 12 | SEO: 5 | Final: 17 | Status: NOT AVAILABLE | Action: TAKEN
jasapintugarasiwina.com | Brand: 12 | SEO: 5 | Final: 17 | Status: NOT AVAILABLE | Action: TAKEN
majestic.com | Brand: -18 | SEO: 16 | Final: -2 | Status: NOT AVAILABLE | Action: TAKEN
weekendblessings.com | Brand: -11 | SEO: 5 | Final: -6 | Status: NOT AVAILABLE | Action: TAKEN
wfv.io | Brand: -25 | SEO: 16 | Final: -9 | Status: NOT AVAILABLE | Action: TAKEN
after2020.com | Brand: -13 | SEO: -6 | Final: -19 | Status: NOT AVAILABLE | Action: TAKEN
numeratout.com | Brand: -28 | SEO: 9 | Final: -19 | Status: NOT AVAILABLE | Action: TAKEN
okglamping.com | Brand: -28 | SEO: 9 | Final: -19 | Status: NOT AVAILABLE | Action: TAKEN
tamilewis.com | Brand: -28 | SEO: 9 | Final: -19 | Status: NOT AVAILABLE | Action: TAKEN
mpostream.com | Brand: -28 | SEO: 9 | Final: -19 | Status: NOT AVAILABLE | Action: TAKEN
ninevehsat.com | Brand: -28 | SEO: 9 | Final: -19 | Status: NOT AVAILABLE | Action: TAKEN
invertort.com | Brand: -28 | SEO: 9 | Final: -19 | Status: NOT AVAILABLE | Action: TAKEN
mycarinc.com | Brand: -40 | SEO: 16 | Final: -24 | Status: NOT AVAILABLE | Action: TAKEN
shopkack.com | Brand: -40 | SEO: 16 | Final: -24 | Status: NOT AVAILABLE | Action: TAKEN
aqu1024.com | Brand: -25 | SEO: 1 | Final: -24 | Status: NOT AVAILABLE | Action: TAKEN
mobiliseher.com | Brand: -38 | SEO: 5 | Final: -33 | Status: NOT AVAILABLE | Action: TAKEN
waspshop.com | Brand: -63 | SEO: 16 | Final: -47 | Status: NOT AVAILABLE | Action: TAKEN
abbyjardine.com | Brand: -61 | SEO: 5 | Final: -56 | Status: NOT AVAILABLE | Action: TAKEN
grindfootball.com | Brand: -63 | SEO: 5 | Final: -58 | Status: NOT AVAILABLE | Action: TAKEN
learningfound.com | Brand: -63 | SEO: 5 | Final: -58 | Status: NOT AVAILABLE | Action: TAKEN
twshopping.com | Brand: -73 | SEO: 9 | Final: -64 | Status: NOT AVAILABLE | Action: TAKEN
6868.io | Brand: -70 | SEO: 1 | Final: -69 | Status: NOT AVAILABLE | Action: TAKEN
1md.net | Brand: -100 | SEO: 1 | Final: -99 | Status: NOT AVAILABLE | Action: TAKEN
saveweightshop.com | Brand: -109 | SEO: 5 | Final: -104 | Status: NOT AVAILABLE | Action: TAKEN
[deleted] HTTP status: 200
[deleted] Page length: 98037
[deleted] Domains found: 25
[closeout] HTTP status: 200
[closeout] Page length: 82717
[closeout] Domains found: 24
Found 49 total candidate domains

=== BUY CANDIDATES ===

=== REVIEW MANUALLY ===
applekechains.com | Brand: 66 | SEO: -3 | Final: 63 | Status: AVAILABLE | Action: REVIEW | Premium: NO | Reg Price: $17.29 | Renew: $17.29
jjsolutionsmarketing.com | Brand: 46 | SEO: 16 | Final: 62 | Status: AVAILABLE | Action: REVIEW | Premium: NO | Reg Price: $17.29 | Renew: $17.29

=== SKIP ===
bizsuccessboost.com | Brand: 27 | SEO: 5 | Final: 32 | Status: AVAILABLE | Action: SKIP | Premium: NO | Reg Price: $17.29 | Renew: $17.29
britainvipbet.com | Brand: 8 | SEO: 23 | Final: 31 | Status: AVAILABLE | Action: SKIP | Premium: NO | Reg Price: $17.29 | Renew: $17.29
a-sbeauty.com | Brand: 32 | SEO: -10 | Final: 22 | Status: AVAILABLE | Action: SKIP | Premium: NO | Reg Price: $17.29 | Renew: $17.29
muscleforgeinstitute.com | Brand: 12 | SEO: 5 | Final: 17 | Status: AVAILABLE | Action: SKIP | Premium: NO | Reg Price: $17.29 | Renew: $17.29
slatwallpannels.com | Brand: 5 | SEO: 5 | Final: 10 | Status: AVAILABLE | Action: SKIP | Premium: NO | Reg Price: $17.29 | Renew: $17.29
marinewindowtintmiami.com | Brand: 2 | SEO: 5 | Final: 7 | Status: AVAILABLE | Action: SKIP | Premium: NO | Reg Price: $17.29 | Renew: $17.29
wunderax.com | Brand: -18 | SEO: 16 | Final: -2 | Status: AVAILABLE | Action: SKIP | Premium: NO | Reg Price: $17.29 | Renew: $17.29
dosdames.com | Brand: -18 | SEO: 16 | Final: -2 | Status: AVAILABLE | Action: SKIP | Premium: NO | Reg Price: $17.29 | Renew: $17.29
cheapshooop.com | Brand: -38 | SEO: 5 | Final: -33 | Status: AVAILABLE | Action: SKIP | Premium: NO | Reg Price: $17.29 | Renew: $17.29
jzty108.com | Brand: -58 | SEO: 1 | Final: -57 | Status: AVAILABLE | Action: SKIP | Premium: NO | Reg Price: $17.29 | Renew: $17.29
maboiteatubes.com | Brand: -63 | SEO: 5 | Final: -58 | Status: AVAILABLE | Action: SKIP | Premium: NO | Reg Price: $17.29 | Renew: $17.29
onlineinstig8.com | Brand: -54 | SEO: -10 | Final: -64 | Status: AVAILABLE | Action: SKIP | Premium: NO | Reg Price: $17.29 | Renew: $17.29
skystoria.com | Brand: -74 | SEO: 9 | Final: -65 | Status: AVAILABLE | Action: SKIP | Premium: NO | Reg Price: $17.29 | Renew: $17.29
vv1733.com | Brand: -70 | SEO: 1 | Final: -69 | Status: AVAILABLE | Action: SKIP | Premium: NO | Reg Price: $17.29 | Renew: $17.29
wheeliewealthy.com | Brand: -86 | SEO: 5 | Final: -81 | Status: AVAILABLE | Action: SKIP | Premium: NO | Reg Price: $17.29 | Renew: $17.29
boltworkscraft.com | Brand: -131 | SEO: 5 | Final: -126 | Status: AVAILABLE | Action: SKIP | Premium: NO | Reg Price: $17.29 | Renew: $17.29

=== TAKEN ===
esspol.com | Brand: 77 | SEO: 16 | Final: 93 | Status: NOT AVAILABLE | Action: TAKEN
canmore.io | Brand: 72 | SEO: 16 | Final: 88 | Status: NOT AVAILABLE | Action: TAKEN
autoinsurancefinance.com | Brand: 55 | SEO: 16 | Final: 71 | Status: NOT AVAILABLE | Action: TAKEN
eta-inc.com | Brand: 42 | SEO: 1 | Final: 43 | Status: NOT AVAILABLE | Action: TAKEN
fabulousawesome.com | Brand: 27 | SEO: 5 | Final: 32 | Status: NOT AVAILABLE | Action: TAKEN
degreesprograms.com | Brand: 27 | SEO: 5 | Final: 32 | Status: NOT AVAILABLE | Action: TAKEN
fisiosteticnature.com | Brand: 12 | SEO: 5 | Final: 17 | Status: NOT AVAILABLE | Action: TAKEN
jasapintugarasiwina.com | Brand: 12 | SEO: 5 | Final: 17 | Status: NOT AVAILABLE | Action: TAKEN
majestic.com | Brand: -18 | SEO: 16 | Final: -2 | Status: NOT AVAILABLE | Action: TAKEN
weekendblessings.com | Brand: -11 | SEO: 5 | Final: -6 | Status: NOT AVAILABLE | Action: TAKEN
wfv.io | Brand: -25 | SEO: 16 | Final: -9 | Status: NOT AVAILABLE | Action: TAKEN
after2020.com | Brand: -13 | SEO: -6 | Final: -19 | Status: NOT AVAILABLE | Action: TAKEN
numeratout.com | Brand: -28 | SEO: 9 | Final: -19 | Status: NOT AVAILABLE | Action: TAKEN
okglamping.com | Brand: -28 | SEO: 9 | Final: -19 | Status: NOT AVAILABLE | Action: TAKEN
tamilewis.com | Brand: -28 | SEO: 9 | Final: -19 | Status: NOT AVAILABLE | Action: TAKEN
mpostream.com | Brand: -28 | SEO: 9 | Final: -19 | Status: NOT AVAILABLE | Action: TAKEN
ninevehsat.com | Brand: -28 | SEO: 9 | Final: -19 | Status: NOT AVAILABLE | Action: TAKEN
invertort.com | Brand: -28 | SEO: 9 | Final: -19 | Status: NOT AVAILABLE | Action: TAKEN
mycarinc.com | Brand: -40 | SEO: 16 | Final: -24 | Status: NOT AVAILABLE | Action: TAKEN
shopkack.com | Brand: -40 | SEO: 16 | Final: -24 | Status: NOT AVAILABLE | Action: TAKEN
aqu1024.com | Brand: -25 | SEO: 1 | Final: -24 | Status: NOT AVAILABLE | Action: TAKEN
truesuwanee.com | Brand: -38 | SEO: 5 | Final: -33 | Status: NOT AVAILABLE | Action: TAKEN
mobiliseher.com | Brand: -38 | SEO: 5 | Final: -33 | Status: NOT AVAILABLE | Action: TAKEN
waspshop.com | Brand: -63 | SEO: 16 | Final: -47 | Status: NOT AVAILABLE | Action: TAKEN
abbyjardine.com | Brand: -61 | SEO: 5 | Final: -56 | Status: NOT AVAILABLE | Action: TAKEN
grindfootball.com | Brand: -63 | SEO: 5 | Final: -58 | Status: NOT AVAILABLE | Action: TAKEN
learningfound.com | Brand: -63 | SEO: 5 | Final: -58 | Status: NOT AVAILABLE | Action: TAKEN
twshopping.com | Brand: -73 | SEO: 9 | Final: -64 | Status: NOT AVAILABLE | Action: TAKEN
6868.io | Brand: -70 | SEO: 1 | Final: -69 | Status: NOT AVAILABLE | Action: TAKEN
1md.net | Brand: -100 | SEO: 1 | Final: -99 | Status: NOT AVAILABLE | Action: TAKEN
saveweightshop.com | Brand: -109 | SEO: 5 | Final: -104 | Status: NOT AVAILABLE | Action: TAKEN
[deleted] HTTP status: 200
[deleted] Page length: 97973
[deleted] Domains found: 25
[closeout] HTTP status: 200
[closeout] Page length: 82717
[closeout] Domains found: 24
Found 49 total candidate domains

=== BUY CANDIDATES ===

=== REVIEW MANUALLY ===
applekechains.com | Brand: 66 | SEO: -3 | Final: 63 | Status: AVAILABLE | Action: REVIEW | Premium: NO | Reg Price: $17.29 | Renew: $17.29
jjsolutionsmarketing.com | Brand: 46 | SEO: 16 | Final: 62 | Status: AVAILABLE | Action: REVIEW | Premium: NO | Reg Price: $17.29 | Renew: $17.29

=== SKIP ===
bizsuccessboost.com | Brand: 27 | SEO: 5 | Final: 32 | Status: AVAILABLE | Action: SKIP | Premium: NO | Reg Price: $17.29 | Renew: $17.29
britainvipbet.com | Brand: 8 | SEO: 23 | Final: 31 | Status: AVAILABLE | Action: SKIP | Premium: NO | Reg Price: $17.29 | Renew: $17.29
a-sbeauty.com | Brand: 32 | SEO: -10 | Final: 22 | Status: AVAILABLE | Action: SKIP | Premium: NO | Reg Price: $17.29 | Renew: $17.29
muscleforgeinstitute.com | Brand: 12 | SEO: 5 | Final: 17 | Status: AVAILABLE | Action: SKIP | Premium: NO | Reg Price: $17.29 | Renew: $17.29
slatwallpannels.com | Brand: 5 | SEO: 5 | Final: 10 | Status: AVAILABLE | Action: SKIP | Premium: NO | Reg Price: $17.29 | Renew: $17.29
marinewindowtintmiami.com | Brand: 2 | SEO: 5 | Final: 7 | Status: AVAILABLE | Action: SKIP | Premium: NO | Reg Price: $17.29 | Renew: $17.29
wunderax.com | Brand: -18 | SEO: 16 | Final: -2 | Status: AVAILABLE | Action: SKIP | Premium: NO | Reg Price: $17.29 | Renew: $17.29
dosdames.com | Brand: -18 | SEO: 16 | Final: -2 | Status: AVAILABLE | Action: SKIP | Premium: NO | Reg Price: $17.29 | Renew: $17.29
cheapshooop.com | Brand: -38 | SEO: 5 | Final: -33 | Status: AVAILABLE | Action: SKIP | Premium: NO | Reg Price: $17.29 | Renew: $17.29
jzty108.com | Brand: -58 | SEO: 1 | Final: -57 | Status: AVAILABLE | Action: SKIP | Premium: NO | Reg Price: $17.29 | Renew: $17.29
maboiteatubes.com | Brand: -63 | SEO: 5 | Final: -58 | Status: AVAILABLE | Action: SKIP | Premium: NO | Reg Price: $17.29 | Renew: $17.29
onlineinstig8.com | Brand: -54 | SEO: -10 | Final: -64 | Status: AVAILABLE | Action: SKIP | Premium: NO | Reg Price: $17.29 | Renew: $17.29
skystoria.com | Brand: -74 | SEO: 9 | Final: -65 | Status: AVAILABLE | Action: SKIP | Premium: NO | Reg Price: $17.29 | Renew: $17.29
vv1733.com | Brand: -70 | SEO: 1 | Final: -69 | Status: AVAILABLE | Action: SKIP | Premium: NO | Reg Price: $17.29 | Renew: $17.29
wheeliewealthy.com | Brand: -86 | SEO: 5 | Final: -81 | Status: AVAILABLE | Action: SKIP | Premium: NO | Reg Price: $17.29 | Renew: $17.29
boltworkscraft.com | Brand: -131 | SEO: 5 | Final: -126 | Status: AVAILABLE | Action: SKIP | Premium: NO | Reg Price: $17.29 | Renew: $17.29

=== TAKEN ===
esspol.com | Brand: 77 | SEO: 16 | Final: 93 | Status: NOT AVAILABLE | Action: TAKEN
canmore.io | Brand: 72 | SEO: 16 | Final: 88 | Status: NOT AVAILABLE | Action: TAKEN
autoinsurancefinance.com | Brand: 55 | SEO: 16 | Final: 71 | Status: NOT AVAILABLE | Action: TAKEN
eta-inc.com | Brand: 42 | SEO: 1 | Final: 43 | Status: NOT AVAILABLE | Action: TAKEN
fabulousawesome.com | Brand: 27 | SEO: 5 | Final: 32 | Status: NOT AVAILABLE | Action: TAKEN
degreesprograms.com | Brand: 27 | SEO: 5 | Final: 32 | Status: NOT AVAILABLE | Action: TAKEN
fisiosteticnature.com | Brand: 12 | SEO: 5 | Final: 17 | Status: NOT AVAILABLE | Action: TAKEN
jasapintugarasiwina.com | Brand: 12 | SEO: 5 | Final: 17 | Status: NOT AVAILABLE | Action: TAKEN
majestic.com | Brand: -18 | SEO: 16 | Final: -2 | Status: NOT AVAILABLE | Action: TAKEN
weekendblessings.com | Brand: -11 | SEO: 5 | Final: -6 | Status: NOT AVAILABLE | Action: TAKEN
wfv.io | Brand: -25 | SEO: 16 | Final: -9 | Status: NOT AVAILABLE | Action: TAKEN
after2020.com | Brand: -13 | SEO: -6 | Final: -19 | Status: NOT AVAILABLE | Action: TAKEN
numeratout.com | Brand: -28 | SEO: 9 | Final: -19 | Status: NOT AVAILABLE | Action: TAKEN
okglamping.com | Brand: -28 | SEO: 9 | Final: -19 | Status: NOT AVAILABLE | Action: TAKEN
tamilewis.com | Brand: -28 | SEO: 9 | Final: -19 | Status: NOT AVAILABLE | Action: TAKEN
mpostream.com | Brand: -28 | SEO: 9 | Final: -19 | Status: NOT AVAILABLE | Action: TAKEN
ninevehsat.com | Brand: -28 | SEO: 9 | Final: -19 | Status: NOT AVAILABLE | Action: TAKEN
invertort.com | Brand: -28 | SEO: 9 | Final: -19 | Status: NOT AVAILABLE | Action: TAKEN
mycarinc.com | Brand: -40 | SEO: 16 | Final: -24 | Status: NOT AVAILABLE | Action: TAKEN
shopkack.com | Brand: -40 | SEO: 16 | Final: -24 | Status: NOT AVAILABLE | Action: TAKEN
aqu1024.com | Brand: -25 | SEO: 1 | Final: -24 | Status: NOT AVAILABLE | Action: TAKEN
truesuwanee.com | Brand: -38 | SEO: 5 | Final: -33 | Status: NOT AVAILABLE | Action: TAKEN
mobiliseher.com | Brand: -38 | SEO: 5 | Final: -33 | Status: NOT AVAILABLE | Action: TAKEN
waspshop.com | Brand: -63 | SEO: 16 | Final: -47 | Status: NOT AVAILABLE | Action: TAKEN
abbyjardine.com | Brand: -61 | SEO: 5 | Final: -56 | Status: NOT AVAILABLE | Action: TAKEN
grindfootball.com | Brand: -63 | SEO: 5 | Final: -58 | Status: NOT AVAILABLE | Action: TAKEN
learningfound.com | Brand: -63 | SEO: 5 | Final: -58 | Status: NOT AVAILABLE | Action: TAKEN
twshopping.com | Brand: -73 | SEO: 9 | Final: -64 | Status: NOT AVAILABLE | Action: TAKEN
6868.io | Brand: -70 | SEO: 1 | Final: -69 | Status: NOT AVAILABLE | Action: TAKEN
1md.net | Brand: -100 | SEO: 1 | Final: -99 | Status: NOT AVAILABLE | Action: TAKEN
saveweightshop.com | Brand: -109 | SEO: 5 | Final: -104 | Status: NOT AVAILABLE | Action: TAKEN
[deleted] HTTP status: 200
[deleted] Page length: 97909
[deleted] Domains found: 25
[closeout] HTTP status: 200
[closeout] Page length: 82734
[closeout] Domains found: 24
Found 49 total candidate domains

=== BUY CANDIDATES ===

=== REVIEW MANUALLY ===
applekechains.com | Brand: 66 | SEO: -3 | Final: 63 | Status: AVAILABLE | Action: REVIEW | Premium: NO | Reg Price: $17.29 | Renew: $17.29
jjsolutionsmarketing.com | Brand: 46 | SEO: 16 | Final: 62 | Status: AVAILABLE | Action: REVIEW | Premium: NO | Reg Price: $17.29 | Renew: $17.29

=== SKIP ===
bizsuccessboost.com | Brand: 27 | SEO: 5 | Final: 32 | Status: AVAILABLE | Action: SKIP | Premium: NO | Reg Price: $17.29 | Renew: $17.29
britainvipbet.com | Brand: 8 | SEO: 23 | Final: 31 | Status: AVAILABLE | Action: SKIP | Premium: NO | Reg Price: $17.29 | Renew: $17.29
a-sbeauty.com | Brand: 32 | SEO: -10 | Final: 22 | Status: AVAILABLE | Action: SKIP | Premium: NO | Reg Price: $17.29 | Renew: $17.29
muscleforgeinstitute.com | Brand: 12 | SEO: 5 | Final: 17 | Status: AVAILABLE | Action: SKIP | Premium: NO | Reg Price: $17.29 | Renew: $17.29
slatwallpannels.com | Brand: 5 | SEO: 5 | Final: 10 | Status: AVAILABLE | Action: SKIP | Premium: NO | Reg Price: $17.29 | Renew: $17.29
marinewindowtintmiami.com | Brand: 2 | SEO: 5 | Final: 7 | Status: AVAILABLE | Action: SKIP | Premium: NO | Reg Price: $17.29 | Renew: $17.29
wunderax.com | Brand: -18 | SEO: 16 | Final: -2 | Status: AVAILABLE | Action: SKIP | Premium: NO | Reg Price: $17.29 | Renew: $17.29
dosdames.com | Brand: -18 | SEO: 16 | Final: -2 | Status: AVAILABLE | Action: SKIP | Premium: NO | Reg Price: $17.29 | Renew: $17.29
cheapshooop.com | Brand: -38 | SEO: 5 | Final: -33 | Status: AVAILABLE | Action: SKIP | Premium: NO | Reg Price: $17.29 | Renew: $17.29
jzty108.com | Brand: -58 | SEO: 1 | Final: -57 | Status: AVAILABLE | Action: SKIP | Premium: NO | Reg Price: $17.29 | Renew: $17.29
maboiteatubes.com | Brand: -63 | SEO: 5 | Final: -58 | Status: AVAILABLE | Action: SKIP | Premium: NO | Reg Price: $17.29 | Renew: $17.29
onlineinstig8.com | Brand: -54 | SEO: -10 | Final: -64 | Status: AVAILABLE | Action: SKIP | Premium: NO | Reg Price: $17.29 | Renew: $17.29
skystoria.com | Brand: -74 | SEO: 9 | Final: -65 | Status: AVAILABLE | Action: SKIP | Premium: NO | Reg Price: $17.29 | Renew: $17.29
vv1733.com | Brand: -70 | SEO: 1 | Final: -69 | Status: AVAILABLE | Action: SKIP | Premium: NO | Reg Price: $17.29 | Renew: $17.29
wheeliewealthy.com | Brand: -86 | SEO: 5 | Final: -81 | Status: AVAILABLE | Action: SKIP | Premium: NO | Reg Price: $17.29 | Renew: $17.29
boltworkscraft.com | Brand: -131 | SEO: 5 | Final: -126 | Status: AVAILABLE | Action: SKIP | Premium: NO | Reg Price: $17.29 | Renew: $17.29

=== TAKEN ===
esspol.com | Brand: 77 | SEO: 16 | Final: 93 | Status: NOT AVAILABLE | Action: TAKEN
weimanhome.com | Brand: 82 | SEO: 9 | Final: 91 | Status: NOT AVAILABLE | Action: TAKEN
canmore.io | Brand: 72 | SEO: 16 | Final: 88 | Status: NOT AVAILABLE | Action: TAKEN
autoinsurancefinance.com | Brand: 55 | SEO: 16 | Final: 71 | Status: NOT AVAILABLE | Action: TAKEN
eta-inc.com | Brand: 42 | SEO: 1 | Final: 43 | Status: NOT AVAILABLE | Action: TAKEN
fabulousawesome.com | Brand: 27 | SEO: 5 | Final: 32 | Status: NOT AVAILABLE | Action: TAKEN
degreesprograms.com | Brand: 27 | SEO: 5 | Final: 32 | Status: NOT AVAILABLE | Action: TAKEN
fisiosteticnature.com | Brand: 12 | SEO: 5 | Final: 17 | Status: NOT AVAILABLE | Action: TAKEN
jasapintugarasiwina.com | Brand: 12 | SEO: 5 | Final: 17 | Status: NOT AVAILABLE | Action: TAKEN
cfdsi.com | Brand: -8 | SEO: 16 | Final: 8 | Status: NOT AVAILABLE | Action: TAKEN
majestic.com | Brand: -18 | SEO: 16 | Final: -2 | Status: NOT AVAILABLE | Action: TAKEN
weekendblessings.com | Brand: -11 | SEO: 5 | Final: -6 | Status: NOT AVAILABLE | Action: TAKEN
wfv.io | Brand: -25 | SEO: 16 | Final: -9 | Status: NOT AVAILABLE | Action: TAKEN
after2020.com | Brand: -13 | SEO: -6 | Final: -19 | Status: NOT AVAILABLE | Action: TAKEN
numeratout.com | Brand: -28 | SEO: 9 | Final: -19 | Status: NOT AVAILABLE | Action: TAKEN
okglamping.com | Brand: -28 | SEO: 9 | Final: -19 | Status: NOT AVAILABLE | Action: TAKEN
mpostream.com | Brand: -28 | SEO: 9 | Final: -19 | Status: NOT AVAILABLE | Action: TAKEN
ninevehsat.com | Brand: -28 | SEO: 9 | Final: -19 | Status: NOT AVAILABLE | Action: TAKEN
mycarinc.com | Brand: -40 | SEO: 16 | Final: -24 | Status: NOT AVAILABLE | Action: TAKEN
aqu1024.com | Brand: -25 | SEO: 1 | Final: -24 | Status: NOT AVAILABLE | Action: TAKEN
truesuwanee.com | Brand: -38 | SEO: 5 | Final: -33 | Status: NOT AVAILABLE | Action: TAKEN
mobiliseher.com | Brand: -38 | SEO: 5 | Final: -33 | Status: NOT AVAILABLE | Action: TAKEN
igotmarkled.com | Brand: -38 | SEO: 5 | Final: -33 | Status: NOT AVAILABLE | Action: TAKEN
cabcounts.com | Brand: -64 | SEO: 9 | Final: -55 | Status: NOT AVAILABLE | Action: TAKEN
abbyjardine.com | Brand: -61 | SEO: 5 | Final: -56 | Status: NOT AVAILABLE | Action: TAKEN
grindfootball.com | Brand: -63 | SEO: 5 | Final: -58 | Status: NOT AVAILABLE | Action: TAKEN
learningfound.com | Brand: -63 | SEO: 5 | Final: -58 | Status: NOT AVAILABLE | Action: TAKEN
twshopping.com | Brand: -73 | SEO: 9 | Final: -64 | Status: NOT AVAILABLE | Action: TAKEN
6868.io | Brand: -70 | SEO: 1 | Final: -69 | Status: NOT AVAILABLE | Action: TAKEN
1md.net | Brand: -100 | SEO: 1 | Final: -99 | Status: NOT AVAILABLE | Action: TAKEN
saveweightshop.com | Brand: -109 | SEO: 5 | Final: -104 | Status: NOT AVAILABLE | Action: TAKEN
[deleted] HTTP status: 200
[deleted] Page length: 97909
[deleted] Domains found: 25
[closeout] HTTP status: 200
[closeout] Page length: 82719
[closeout] Domains found: 24
Found 49 total candidate domains

=== BUY CANDIDATES ===

=== REVIEW MANUALLY ===

=== SKIP ===

=== TAKEN ===
esspol.com | Brand: 77 | SEO: 16 | Final: 93 | Status: NOT AVAILABLE | Action: TAKEN
weimanhome.com | Brand: 82 | SEO: 9 | Final: 91 | Status: NOT AVAILABLE | Action: TAKEN
fabulousawesome.com | Brand: 27 | SEO: 5 | Final: 32 | Status: NOT AVAILABLE | Action: TAKEN
degreesprograms.com | Brand: 27 | SEO: 5 | Final: 32 | Status: NOT AVAILABLE | Action: TAKEN
numeratout.com | Brand: -28 | SEO: 9 | Final: -19 | Status: NOT AVAILABLE | Action: TAKEN
okglamping.com | Brand: -28 | SEO: 9 | Final: -19 | Status: NOT AVAILABLE | Action: TAKEN
tamilewis.com | Brand: -28 | SEO: 9 | Final: -19 | Status: NOT AVAILABLE | Action: TAKEN
mpostream.com | Brand: -28 | SEO: 9 | Final: -19 | Status: NOT AVAILABLE | Action: TAKEN
ninevehsat.com | Brand: -28 | SEO: 9 | Final: -19 | Status: NOT AVAILABLE | Action: TAKEN
mycarinc.com | Brand: -40 | SEO: 16 | Final: -24 | Status: NOT AVAILABLE | Action: TAKEN
shopkack.com | Brand: -40 | SEO: 16 | Final: -24 | Status: NOT AVAILABLE | Action: TAKEN
aqu1024.com | Brand: -25 | SEO: 1 | Final: -24 | Status: NOT AVAILABLE | Action: TAKEN
mobiliseher.com | Brand: -38 | SEO: 5 | Final: -33 | Status: NOT AVAILABLE | Action: TAKEN
igotmarkled.com | Brand: -38 | SEO: 5 | Final: -33 | Status: NOT AVAILABLE | Action: TAKEN
cabcounts.com | Brand: -64 | SEO: 9 | Final: -55 | Status: NOT AVAILABLE | Action: TAKEN
1ghost.com | Brand: -60 | SEO: 1 | Final: -59 | Status: NOT AVAILABLE | Action: TAKEN
twshopping.com | Brand: -73 | SEO: 9 | Final: -64 | Status: NOT AVAILABLE | Action: TAKEN
6868.io | Brand: -70 | SEO: 1 | Final: -69 | Status: NOT AVAILABLE | Action: TAKEN

=== UNKNOWN ===
canmore.io | Brand: 72 | SEO: 16 | Final: 88 | Status: UNKNOWN | Action: UNKNOWN | ERROR: NameSilo API error 210: Misuse of API
applekechains.com | Brand: 66 | SEO: -3 | Final: 63 | Status: UNKNOWN | Action: UNKNOWN | ERROR: NameSilo API error 210: Misuse of API
jjsolutionsmarketing.com | Brand: 46 | SEO: 16 | Final: 62 | Status: UNKNOWN | Action: UNKNOWN | ERROR: NameSilo API error 210: Misuse of API
eta-inc.com | Brand: 42 | SEO: 1 | Final: 43 | Status: UNKNOWN | Action: UNKNOWN | ERROR: NameSilo API error 210: Misuse of API
bizsuccessboost.com | Brand: 27 | SEO: 5 | Final: 32 | Status: UNKNOWN | Action: UNKNOWN | ERROR: NameSilo API error 210: Misuse of API
britainvipbet.com | Brand: 8 | SEO: 23 | Final: 31 | Status: UNKNOWN | Action: UNKNOWN | ERROR: NameSilo API error 210: Misuse of API
a-sbeauty.com | Brand: 32 | SEO: -10 | Final: 22 | Status: UNKNOWN | Action: UNKNOWN | ERROR: NameSilo API error 210: Misuse of API
muscleforgeinstitute.com | Brand: 12 | SEO: 5 | Final: 17 | Status: UNKNOWN | Action: UNKNOWN | ERROR: NameSilo API error 210: Misuse of API
fisiosteticnature.com | Brand: 12 | SEO: 5 | Final: 17 | Status: UNKNOWN | Action: UNKNOWN | ERROR: NameSilo API error 210: Misuse of API
jasapintugarasiwina.com | Brand: 12 | SEO: 5 | Final: 17 | Status: UNKNOWN | Action: UNKNOWN | ERROR: NameSilo API error 210: Misuse of API
slatwallpannels.com | Brand: 5 | SEO: 5 | Final: 10 | Status: UNKNOWN | Action: UNKNOWN | ERROR: NameSilo API error 210: Misuse of API
marinewindowtintmiami.com | Brand: 2 | SEO: 5 | Final: 7 | Status: UNKNOWN | Action: UNKNOWN | ERROR: NameSilo API error 210: Misuse of API
wunderax.com | Brand: -18 | SEO: 16 | Final: -2 | Status: UNKNOWN | Action: UNKNOWN | ERROR: NameSilo API error 210: Misuse of API
dosdames.com | Brand: -18 | SEO: 16 | Final: -2 | Status: UNKNOWN | Action: UNKNOWN | ERROR: NameSilo API error 210: Misuse of API
majestic.com | Brand: -18 | SEO: 16 | Final: -2 | Status: UNKNOWN | Action: UNKNOWN | ERROR: NameSilo API error 210: Misuse of API
weekendblessings.com | Brand: -11 | SEO: 5 | Final: -6 | Status: UNKNOWN | Action: UNKNOWN | ERROR: NameSilo API error 210: Misuse of API
wfv.io | Brand: -25 | SEO: 16 | Final: -9 | Status: UNKNOWN | Action: UNKNOWN | ERROR: NameSilo API error 210: Misuse of API
after2020.com | Brand: -13 | SEO: -6 | Final: -19 | Status: UNKNOWN | Action: UNKNOWN | ERROR: NameSilo API error 210: Misuse of API
truesuwanee.com | Brand: -38 | SEO: 5 | Final: -33 | Status: UNKNOWN | Action: UNKNOWN | ERROR: NameSilo API error 210: Misuse of API
cheapshooop.com | Brand: -38 | SEO: 5 | Final: -33 | Status: UNKNOWN | Action: UNKNOWN | ERROR: NameSilo API error 210: Misuse of API
abbyjardine.com | Brand: -61 | SEO: 5 | Final: -56 | Status: UNKNOWN | Action: UNKNOWN | ERROR: NameSilo API error 210: Misuse of API
jzty108.com | Brand: -58 | SEO: 1 | Final: -57 | Status: UNKNOWN | Action: UNKNOWN | ERROR: NameSilo API error 210: Misuse of API
grindfootball.com | Brand: -63 | SEO: 5 | Final: -58 | Status: UNKNOWN | Action: UNKNOWN | ERROR: NameSilo API error 210: Misuse of API
maboiteatubes.com | Brand: -63 | SEO: 5 | Final: -58 | Status: UNKNOWN | Action: UNKNOWN | ERROR: NameSilo API error 210: Misuse of API
learningfound.com | Brand: -63 | SEO: 5 | Final: -58 | Status: UNKNOWN | Action: UNKNOWN | ERROR: NameSilo API error 210: Misuse of API
onlineinstig8.com | Brand: -54 | SEO: -10 | Final: -64 | Status: UNKNOWN | Action: UNKNOWN | ERROR: NameSilo API error 210: Misuse of API
skystoria.com | Brand: -74 | SEO: 9 | Final: -65 | Status: UNKNOWN | Action: UNKNOWN | ERROR: NameSilo API error 210: Misuse of API
vv1733.com | Brand: -70 | SEO: 1 | Final: -69 | Status: UNKNOWN | Action: UNKNOWN | ERROR: NameSilo API error 210: Misuse of API
wheeliewealthy.com | Brand: -86 | SEO: 5 | Final: -81 | Status: UNKNOWN | Action: UNKNOWN | ERROR: NameSilo API error 210: Misuse of API
saveweightshop.com | Brand: -109 | SEO: 5 | Final: -104 | Status: UNKNOWN | Action: UNKNOWN | ERROR: NameSilo API error 210: Misuse of API
boltworkscraft.com | Brand: -131 | SEO: 5 | Final: -126 | Status: UNKNOWN | Action: UNKNOWN | ERROR: NameSilo API error 210: Misuse of API
[deleted] HTTP status: 200
[deleted] Page length: 97908
[deleted] Domains found: 25
[closeout] HTTP status: 200
[closeout] Page length: 82707
[closeout] Domains found: 25
Found 50 total candidate domains

=== BUY CANDIDATES ===

=== REVIEW MANUALLY ===
applekechains.com | Brand: 66 | SEO: -3 | Final: 63 | Status: AVAILABLE | Action: REVIEW | Premium: NO | Reg Price: $17.29 | Renew: $17.29
jjsolutionsmarketing.com | Brand: 46 | SEO: 16 | Final: 62 | Status: AVAILABLE | Action: REVIEW | Premium: NO | Reg Price: $17.29 | Renew: $17.29

=== SKIP ===
bizsuccessboost.com | Brand: 27 | SEO: 5 | Final: 32 | Status: AVAILABLE | Action: SKIP | Premium: NO | Reg Price: $17.29 | Renew: $17.29
a-sbeauty.com | Brand: 32 | SEO: -10 | Final: 22 | Status: AVAILABLE | Action: SKIP | Premium: NO | Reg Price: $17.29 | Renew: $17.29
muscleforgeinstitute.com | Brand: 12 | SEO: 5 | Final: 17 | Status: AVAILABLE | Action: SKIP | Premium: NO | Reg Price: $17.29 | Renew: $17.29
marinewindowtintmiami.com | Brand: 2 | SEO: 5 | Final: 7 | Status: AVAILABLE | Action: SKIP | Premium: NO | Reg Price: $17.29 | Renew: $17.29
wunderax.com | Brand: -18 | SEO: 16 | Final: -2 | Status: AVAILABLE | Action: SKIP | Premium: NO | Reg Price: $17.29 | Renew: $17.29
dosdames.com | Brand: -18 | SEO: 16 | Final: -2 | Status: AVAILABLE | Action: SKIP | Premium: NO | Reg Price: $17.29 | Renew: $17.29
jzty108.com | Brand: -58 | SEO: 1 | Final: -57 | Status: AVAILABLE | Action: SKIP | Premium: NO | Reg Price: $17.29 | Renew: $17.29
onlineinstig8.com | Brand: -54 | SEO: -10 | Final: -64 | Status: AVAILABLE | Action: SKIP | Premium: NO | Reg Price: $17.29 | Renew: $17.29
wheeliewealthy.com | Brand: -86 | SEO: 5 | Final: -81 | Status: AVAILABLE | Action: SKIP | Premium: NO | Reg Price: $17.29 | Renew: $17.29
boltworkscraft.com | Brand: -131 | SEO: 5 | Final: -126 | Status: AVAILABLE | Action: SKIP | Premium: NO | Reg Price: $17.29 | Renew: $17.29

=== TAKEN ===
fabulousawesome.com | Brand: 27 | SEO: 5 | Final: 32 | Status: NOT AVAILABLE | Action: TAKEN
cfdsi.com | Brand: -8 | SEO: 16 | Final: 8 | Status: NOT AVAILABLE | Action: TAKEN
weekendblessings.com | Brand: -11 | SEO: 5 | Final: -6 | Status: NOT AVAILABLE | Action: TAKEN
after2020.com | Brand: -13 | SEO: -6 | Final: -19 | Status: NOT AVAILABLE | Action: TAKEN
numeratout.com | Brand: -28 | SEO: 9 | Final: -19 | Status: NOT AVAILABLE | Action: TAKEN
shopkack.com | Brand: -40 | SEO: 16 | Final: -24 | Status: NOT AVAILABLE | Action: TAKEN
igotmarkled.com | Brand: -38 | SEO: 5 | Final: -33 | Status: NOT AVAILABLE | Action: TAKEN
abbyjardine.com | Brand: -61 | SEO: 5 | Final: -56 | Status: NOT AVAILABLE | Action: TAKEN
grindfootball.com | Brand: -63 | SEO: 5 | Final: -58 | Status: NOT AVAILABLE | Action: TAKEN
6868.io | Brand: -70 | SEO: 1 | Final: -69 | Status: NOT AVAILABLE | Action: TAKEN
saveweightshop.com | Brand: -109 | SEO: 5 | Final: -104 | Status: NOT AVAILABLE | Action: TAKEN

=== UNKNOWN ===
esspol.com | Brand: 77 | SEO: 16 | Final: 93 | Status: UNKNOWN | Action: UNKNOWN | ERROR: NameSilo API error 210: Misuse of API
weimanhome.com | Brand: 82 | SEO: 9 | Final: 91 | Status: UNKNOWN | Action: UNKNOWN | ERROR: NameSilo API error 210: Misuse of API
canmore.io | Brand: 72 | SEO: 16 | Final: 88 | Status: UNKNOWN | Action: UNKNOWN | ERROR: NameSilo API error 210: Misuse of API
eta-inc.com | Brand: 42 | SEO: 1 | Final: 43 | Status: UNKNOWN | Action: UNKNOWN | ERROR: NameSilo API error 210: Misuse of API
degreesprograms.com | Brand: 27 | SEO: 5 | Final: 32 | Status: UNKNOWN | Action: UNKNOWN | ERROR: NameSilo API error 210: Misuse of API
britainvipbet.com | Brand: 8 | SEO: 23 | Final: 31 | Status: UNKNOWN | Action: UNKNOWN | ERROR: NameSilo API error 210: Misuse of API
fisiosteticnature.com | Brand: 12 | SEO: 5 | Final: 17 | Status: UNKNOWN | Action: UNKNOWN | ERROR: NameSilo API error 210: Misuse of API
jasapintugarasiwina.com | Brand: 12 | SEO: 5 | Final: 17 | Status: UNKNOWN | Action: UNKNOWN | ERROR: NameSilo API error 210: Misuse of API
slatwallpannels.com | Brand: 5 | SEO: 5 | Final: 10 | Status: UNKNOWN | Action: UNKNOWN | ERROR: NameSilo API error 210: Misuse of API
majestic.com | Brand: -18 | SEO: 16 | Final: -2 | Status: UNKNOWN | Action: UNKNOWN | ERROR: NameSilo API error 210: Misuse of API
wfv.io | Brand: -25 | SEO: 16 | Final: -9 | Status: UNKNOWN | Action: UNKNOWN | ERROR: NameSilo API error 210: Misuse of API
okglamping.com | Brand: -28 | SEO: 9 | Final: -19 | Status: UNKNOWN | Action: UNKNOWN | ERROR: NameSilo API error 210: Misuse of API
tamilewis.com | Brand: -28 | SEO: 9 | Final: -19 | Status: UNKNOWN | Action: UNKNOWN | ERROR: NameSilo API error 210: Misuse of API
mpostream.com | Brand: -28 | SEO: 9 | Final: -19 | Status: UNKNOWN | Action: UNKNOWN | ERROR: NameSilo API error 210: Misuse of API
ninevehsat.com | Brand: -28 | SEO: 9 | Final: -19 | Status: UNKNOWN | Action: UNKNOWN | ERROR: NameSilo API error 210: Misuse of API
mycarinc.com | Brand: -40 | SEO: 16 | Final: -24 | Status: UNKNOWN | Action: UNKNOWN | ERROR: NameSilo API error 210: Misuse of API
aqu1024.com | Brand: -25 | SEO: 1 | Final: -24 | Status: UNKNOWN | Action: UNKNOWN | ERROR: NameSilo API error 210: Misuse of API
truesuwanee.com | Brand: -38 | SEO: 5 | Final: -33 | Status: UNKNOWN | Action: UNKNOWN | ERROR: NameSilo API error 210: Misuse of API
cheapshooop.com | Brand: -38 | SEO: 5 | Final: -33 | Status: UNKNOWN | Action: UNKNOWN | ERROR: NameSilo API error 210: Misuse of API
mobiliseher.com | Brand: -38 | SEO: 5 | Final: -33 | Status: UNKNOWN | Action: UNKNOWN | ERROR: NameSilo API error 210: Misuse of API
cabcounts.com | Brand: -64 | SEO: 9 | Final: -55 | Status: UNKNOWN | Action: UNKNOWN | ERROR: NameSilo API error 210: Misuse of API
maboiteatubes.com | Brand: -63 | SEO: 5 | Final: -58 | Status: UNKNOWN | Action: UNKNOWN | ERROR: NameSilo API error 210: Misuse of API
learningfound.com | Brand: -63 | SEO: 5 | Final: -58 | Status: UNKNOWN | Action: UNKNOWN | ERROR: NameSilo API error 210: Misuse of API
1ghost.com | Brand: -60 | SEO: 1 | Final: -59 | Status: UNKNOWN | Action: UNKNOWN | ERROR: NameSilo API error 210: Misuse of API
twshopping.com | Brand: -73 | SEO: 9 | Final: -64 | Status: UNKNOWN | Action: UNKNOWN | ERROR: NameSilo API error 210: Misuse of API
skystoria.com | Brand: -74 | SEO: 9 | Final: -65 | Status: UNKNOWN | Action: UNKNOWN | ERROR: NameSilo API error 210: Misuse of API
vv1733.com | Brand: -70 | SEO: 1 | Final: -69 | Status: UNKNOWN | Action: UNKNOWN | ERROR: NameSilo API error 210: Misuse of API
[deleted] HTTP status: 200
[deleted] Page length: 98112
[deleted] Domains found: 25
[closeout] HTTP status: 200
[closeout] Page length: 82707
[closeout] Domains found: 25
Found 50 total candidate domains

=== BUY CANDIDATES ===
🔥 HIGH VALUE DETECTED: geniolaw.com
geniolaw.com | Brand: 92 | SEO: 29 | Final: 121 | Status: AVAILABLE | Action: BUY_CANDIDATE | Premium: NO | Reg Price: $17.29 | Renew: $17.29
🔥 HIGH VALUE DETECTED: azahabi.com
azahabi.com | Brand: 72 | SEO: 16 | Final: 88 | Status: AVAILABLE | Action: BUY_CANDIDATE | Premium: NO | Reg Price: $17.29 | Renew: $17.29

=== REVIEW MANUALLY ===
hbswui.com | Brand: 54 | SEO: 16 | Final: 70 | Status: AVAILABLE | Action: REVIEW | Premium: NO | Reg Price: $17.29 | Renew: $17.29

=== SKIP ===
goldenprintssolutions.com | Brand: 32 | SEO: 5 | Final: 37 | Status: AVAILABLE | Action: SKIP | Premium: NO | Reg Price: $17.29 | Renew: $17.29
prophetgenhance.com | Brand: 27 | SEO: 5 | Final: 32 | Status: AVAILABLE | Action: SKIP | Premium: NO | Reg Price: $17.29 | Renew: $17.29
bbo-prod.com | Brand: 20 | SEO: 1 | Final: 21 | Status: AVAILABLE | Action: SKIP | Premium: NO | Reg Price: $17.29 | Renew: $17.29
preguntitassobredios.com | Brand: 12 | SEO: 5 | Final: 17 | Status: AVAILABLE | Action: SKIP | Premium: NO | Reg Price: $17.29 | Renew: $17.29
thegoodguidesusa.com | Brand: 12 | SEO: 5 | Final: 17 | Status: AVAILABLE | Action: SKIP | Premium: NO | Reg Price: $17.29 | Renew: $17.29
yachtinteriorworks.com | Brand: 12 | SEO: 5 | Final: 17 | Status: AVAILABLE | Action: SKIP | Premium: NO | Reg Price: $17.29 | Renew: $17.29
leadershipfirstobm.com | Brand: 12 | SEO: 5 | Final: 17 | Status: AVAILABLE | Action: SKIP | Premium: NO | Reg Price: $17.29 | Renew: $17.29
charis-apparel.com | Brand: 26 | SEO: -10 | Final: 16 | Status: AVAILABLE | Action: SKIP | Premium: NO | Reg Price: $17.29 | Renew: $17.29
csf-on-time.com | Brand: 22 | SEO: -10 | Final: 12 | Status: AVAILABLE | Action: SKIP | Premium: NO | Reg Price: $17.29 | Renew: $17.29
fabsxm.com | Brand: -18 | SEO: 16 | Final: -2 | Status: AVAILABLE | Action: SKIP | Premium: NO | Reg Price: $17.29 | Renew: $17.29
nonu-designlab.com | Brand: 5 | SEO: -10 | Final: -5 | Status: AVAILABLE | Action: SKIP | Premium: NO | Reg Price: $17.29 | Renew: $17.29
agence-cerenzia.com | Brand: -3 | SEO: -10 | Final: -13 | Status: AVAILABLE | Action: SKIP | Premium: NO | Reg Price: $17.29 | Renew: $17.29
rent-n-drop-bike.com | Brand: -18 | SEO: -10 | Final: -28 | Status: AVAILABLE | Action: SKIP | Premium: NO | Reg Price: $17.29 | Renew: $17.29
1of1vacation.com | Brand: -23 | SEO: -6 | Final: -29 | Status: AVAILABLE | Action: SKIP | Premium: NO | Reg Price: $17.29 | Renew: $17.29
sixrastreios.com | Brand: -38 | SEO: 5 | Final: -33 | Status: AVAILABLE | Action: SKIP | Premium: NO | Reg Price: $17.29 | Renew: $17.29
marcoallara.com | Brand: -38 | SEO: 5 | Final: -33 | Status: AVAILABLE | Action: SKIP | Premium: NO | Reg Price: $17.29 | Renew: $17.29
chickpeachix.com | Brand: -38 | SEO: 5 | Final: -33 | Status: AVAILABLE | Action: SKIP | Premium: NO | Reg Price: $17.29 | Renew: $17.29
rosrefurboss.com | Brand: -38 | SEO: 5 | Final: -33 | Status: AVAILABLE | Action: SKIP | Premium: NO | Reg Price: $17.29 | Renew: $17.29
faridjavadi.com | Brand: -38 | SEO: 5 | Final: -33 | Status: AVAILABLE | Action: SKIP | Premium: NO | Reg Price: $17.29 | Renew: $17.29
directorydart.com | Brand: -63 | SEO: 5 | Final: -58 | Status: AVAILABLE | Action: SKIP | Premium: NO | Reg Price: $17.29 | Renew: $17.29
chicjoieonline.com | Brand: -69 | SEO: 5 | Final: -64 | Status: AVAILABLE | Action: SKIP | Premium: NO | Reg Price: $17.29 | Renew: $17.29
trainandboardmyk9littlerock.com | Brand: -74 | SEO: 1 | Final: -73 | Status: AVAILABLE | Action: SKIP | Premium: NO | Reg Price: $17.29 | Renew: $17.29

=== TAKEN ===
canmore.io | Brand: 72 | SEO: 16 | Final: 88 | Status: NOT AVAILABLE | Action: TAKEN
fabulousawesome.com | Brand: 27 | SEO: 5 | Final: 32 | Status: NOT AVAILABLE | Action: TAKEN
after2020.com | Brand: -13 | SEO: -6 | Final: -19 | Status: NOT AVAILABLE | Action: TAKEN
mycarinc.com | Brand: -40 | SEO: 16 | Final: -24 | Status: NOT AVAILABLE | Action: TAKEN
learningfound.com | Brand: -63 | SEO: 5 | Final: -58 | Status: NOT AVAILABLE | Action: TAKEN
6868.io | Brand: -70 | SEO: 1 | Final: -69 | Status: NOT AVAILABLE | Action: TAKEN

=== UNKNOWN ===
esspol.com | Brand: 77 | SEO: 16 | Final: 93 | Status: UNKNOWN | Action: UNKNOWN | ERROR: NameSilo API error 210: Misuse of API
weimanhome.com | Brand: 82 | SEO: 9 | Final: 91 | Status: UNKNOWN | Action: UNKNOWN | ERROR: NameSilo API error 210: Misuse of API
degreesprograms.com | Brand: 27 | SEO: 5 | Final: 32 | Status: UNKNOWN | Action: UNKNOWN | ERROR: NameSilo API error 210: Misuse of API
cfdsi.com | Brand: -8 | SEO: 16 | Final: 8 | Status: UNKNOWN | Action: UNKNOWN | ERROR: NameSilo API error 210: Misuse of API
majestic.com | Brand: -18 | SEO: 16 | Final: -2 | Status: UNKNOWN | Action: UNKNOWN | ERROR: NameSilo API error 210: Misuse of API
weekendblessings.com | Brand: -11 | SEO: 5 | Final: -6 | Status: UNKNOWN | Action: UNKNOWN | ERROR: NameSilo API error 210: Misuse of API
wfv.io | Brand: -25 | SEO: 16 | Final: -9 | Status: UNKNOWN | Action: UNKNOWN | ERROR: NameSilo API error 210: Misuse of API
numeratout.com | Brand: -28 | SEO: 9 | Final: -19 | Status: UNKNOWN | Action: UNKNOWN | ERROR: NameSilo API error 210: Misuse of API
okglamping.com | Brand: -28 | SEO: 9 | Final: -19 | Status: UNKNOWN | Action: UNKNOWN | ERROR: NameSilo API error 210: Misuse of API
tamilewis.com | Brand: -28 | SEO: 9 | Final: -19 | Status: UNKNOWN | Action: UNKNOWN | ERROR: NameSilo API error 210: Misuse of API
mpostream.com | Brand: -28 | SEO: 9 | Final: -19 | Status: UNKNOWN | Action: UNKNOWN | ERROR: NameSilo API error 210: Misuse of API
ninevehsat.com | Brand: -28 | SEO: 9 | Final: -19 | Status: UNKNOWN | Action: UNKNOWN | ERROR: NameSilo API error 210: Misuse of API
shopkack.com | Brand: -40 | SEO: 16 | Final: -24 | Status: UNKNOWN | Action: UNKNOWN | ERROR: NameSilo API error 210: Misuse of API
aqu1024.com | Brand: -25 | SEO: 1 | Final: -24 | Status: UNKNOWN | Action: UNKNOWN | ERROR: NameSilo API error 210: Misuse of API
mobiliseher.com | Brand: -38 | SEO: 5 | Final: -33 | Status: UNKNOWN | Action: UNKNOWN | ERROR: NameSilo API error 210: Misuse of API
igotmarkled.com | Brand: -38 | SEO: 5 | Final: -33 | Status: UNKNOWN | Action: UNKNOWN | ERROR: NameSilo API error 210: Misuse of API
cabcounts.com | Brand: -64 | SEO: 9 | Final: -55 | Status: UNKNOWN | Action: UNKNOWN | ERROR: NameSilo API error 210: Misuse of API
1ghost.com | Brand: -60 | SEO: 1 | Final: -59 | Status: UNKNOWN | Action: UNKNOWN | ERROR: NameSilo API error 210: Misuse of API
twshopping.com | Brand: -73 | SEO: 9 | Final: -64 | Status: UNKNOWN | Action: UNKNOWN | ERROR: NameSilo API error 210: Misuse of API
[deleted] HTTP status: 200
[deleted] Page length: 98088
[deleted] Domains found: 25
[closeout] HTTP status: 200
[closeout] Page length: 82726
[closeout] Domains found: 25
Found 50 total candidate domains

=== BUY CANDIDATES ===
🔥 HIGH VALUE DETECTED: geniolaw.com
geniolaw.com | Brand: 92 | SEO: 29 | Final: 121 | Status: AVAILABLE | Action: BUY_CANDIDATE | Premium: NO | Reg Price: $17.29 | Renew: $17.29

=== REVIEW MANUALLY ===
hbswui.com | Brand: 54 | SEO: 16 | Final: 70 | Status: AVAILABLE | Action: REVIEW | Premium: NO | Reg Price: $17.29 | Renew: $17.29

=== SKIP ===
goldenprintssolutions.com | Brand: 32 | SEO: 5 | Final: 37 | Status: AVAILABLE | Action: SKIP | Premium: NO | Reg Price: $17.29 | Renew: $17.29
prophetgenhance.com | Brand: 27 | SEO: 5 | Final: 32 | Status: AVAILABLE | Action: SKIP | Premium: NO | Reg Price: $17.29 | Renew: $17.29
bbo-prod.com | Brand: 20 | SEO: 1 | Final: 21 | Status: AVAILABLE | Action: SKIP | Premium: NO | Reg Price: $17.29 | Renew: $17.29
preguntitassobredios.com | Brand: 12 | SEO: 5 | Final: 17 | Status: AVAILABLE | Action: SKIP | Premium: NO | Reg Price: $17.29 | Renew: $17.29
thegoodguidesusa.com | Brand: 12 | SEO: 5 | Final: 17 | Status: AVAILABLE | Action: SKIP | Premium: NO | Reg Price: $17.29 | Renew: $17.29
yachtinteriorworks.com | Brand: 12 | SEO: 5 | Final: 17 | Status: AVAILABLE | Action: SKIP | Premium: NO | Reg Price: $17.29 | Renew: $17.29
leadershipfirstobm.com | Brand: 12 | SEO: 5 | Final: 17 | Status: AVAILABLE | Action: SKIP | Premium: NO | Reg Price: $17.29 | Renew: $17.29
charis-apparel.com | Brand: 26 | SEO: -10 | Final: 16 | Status: AVAILABLE | Action: SKIP | Premium: NO | Reg Price: $17.29 | Renew: $17.29
csf-on-time.com | Brand: 22 | SEO: -10 | Final: 12 | Status: AVAILABLE | Action: SKIP | Premium: NO | Reg Price: $17.29 | Renew: $17.29
fabsxm.com | Brand: -18 | SEO: 16 | Final: -2 | Status: AVAILABLE | Action: SKIP | Premium: NO | Reg Price: $17.29 | Renew: $17.29
nonu-designlab.com | Brand: 5 | SEO: -10 | Final: -5 | Status: AVAILABLE | Action: SKIP | Premium: NO | Reg Price: $17.29 | Renew: $17.29
agence-cerenzia.com | Brand: -3 | SEO: -10 | Final: -13 | Status: AVAILABLE | Action: SKIP | Premium: NO | Reg Price: $17.29 | Renew: $17.29
rent-n-drop-bike.com | Brand: -18 | SEO: -10 | Final: -28 | Status: AVAILABLE | Action: SKIP | Premium: NO | Reg Price: $17.29 | Renew: $17.29
1of1vacation.com | Brand: -23 | SEO: -6 | Final: -29 | Status: AVAILABLE | Action: SKIP | Premium: NO | Reg Price: $17.29 | Renew: $17.29
chickpeachix.com | Brand: -38 | SEO: 5 | Final: -33 | Status: AVAILABLE | Action: SKIP | Premium: NO | Reg Price: $17.29 | Renew: $17.29
rosrefurboss.com | Brand: -38 | SEO: 5 | Final: -33 | Status: AVAILABLE | Action: SKIP | Premium: NO | Reg Price: $17.29 | Renew: $17.29
faridjavadi.com | Brand: -38 | SEO: 5 | Final: -33 | Status: AVAILABLE | Action: SKIP | Premium: NO | Reg Price: $17.29 | Renew: $17.29
chicjoieonline.com | Brand: -69 | SEO: 5 | Final: -64 | Status: AVAILABLE | Action: SKIP | Premium: NO | Reg Price: $17.29 | Renew: $17.29
trainandboardmyk9littlerock.com | Brand: -74 | SEO: 1 | Final: -73 | Status: AVAILABLE | Action: SKIP | Premium: NO | Reg Price: $17.29 | Renew: $17.29

=== TAKEN ===
canmore.io | Brand: 72 | SEO: 16 | Final: 88 | Status: NOT AVAILABLE | Action: TAKEN
degreesprograms.com | Brand: 27 | SEO: 5 | Final: 32 | Status: NOT AVAILABLE | Action: TAKEN
majestic.com | Brand: -18 | SEO: 16 | Final: -2 | Status: NOT AVAILABLE | Action: TAKEN
weekendblessings.com | Brand: -11 | SEO: 5 | Final: -6 | Status: NOT AVAILABLE | Action: TAKEN
after2020.com | Brand: -13 | SEO: -6 | Final: -19 | Status: NOT AVAILABLE | Action: TAKEN
numeratout.com | Brand: -28 | SEO: 9 | Final: -19 | Status: NOT AVAILABLE | Action: TAKEN
tamilewis.com | Brand: -28 | SEO: 9 | Final: -19 | Status: NOT AVAILABLE | Action: TAKEN
mycarinc.com | Brand: -40 | SEO: 16 | Final: -24 | Status: NOT AVAILABLE | Action: TAKEN
learningfound.com | Brand: -63 | SEO: 5 | Final: -58 | Status: NOT AVAILABLE | Action: TAKEN
1ghost.com | Brand: -60 | SEO: 1 | Final: -59 | Status: NOT AVAILABLE | Action: TAKEN

=== UNKNOWN ===
esspol.com | Brand: 77 | SEO: 16 | Final: 93 | Status: UNKNOWN | Action: UNKNOWN | ERROR: NameSilo API error 210: Misuse of API
weimanhome.com | Brand: 82 | SEO: 9 | Final: 91 | Status: UNKNOWN | Action: UNKNOWN | ERROR: NameSilo API error 210: Misuse of API
azahabi.com | Brand: 72 | SEO: 16 | Final: 88 | Status: UNKNOWN | Action: UNKNOWN | ERROR: NameSilo API error 210: Misuse of API
fabulousawesome.com | Brand: 27 | SEO: 5 | Final: 32 | Status: UNKNOWN | Action: UNKNOWN | ERROR: NameSilo API error 210: Misuse of API
cfdsi.com | Brand: -8 | SEO: 16 | Final: 8 | Status: UNKNOWN | Action: UNKNOWN | ERROR: NameSilo API error 210: Misuse of API
okglamping.com | Brand: -28 | SEO: 9 | Final: -19 | Status: UNKNOWN | Action: UNKNOWN | ERROR: NameSilo API error 210: Misuse of API
mpostream.com | Brand: -28 | SEO: 9 | Final: -19 | Status: UNKNOWN | Action: UNKNOWN | ERROR: NameSilo API error 210: Misuse of API
ninevehsat.com | Brand: -28 | SEO: 9 | Final: -19 | Status: UNKNOWN | Action: UNKNOWN | ERROR: NameSilo API error 210: Misuse of API
justgovern.com | Brand: -28 | SEO: 9 | Final: -19 | Status: UNKNOWN | Action: UNKNOWN | ERROR: NameSilo API error 210: Misuse of API
shopkack.com | Brand: -40 | SEO: 16 | Final: -24 | Status: UNKNOWN | Action: UNKNOWN | ERROR: NameSilo API error 210: Misuse of API
aqu1024.com | Brand: -25 | SEO: 1 | Final: -24 | Status: UNKNOWN | Action: UNKNOWN | ERROR: NameSilo API error 210: Misuse of API
sixrastreios.com | Brand: -38 | SEO: 5 | Final: -33 | Status: UNKNOWN | Action: UNKNOWN | ERROR: NameSilo API error 210: Misuse of API
marcoallara.com | Brand: -38 | SEO: 5 | Final: -33 | Status: UNKNOWN | Action: UNKNOWN | ERROR: NameSilo API error 210: Misuse of API
mobiliseher.com | Brand: -38 | SEO: 5 | Final: -33 | Status: UNKNOWN | Action: UNKNOWN | ERROR: NameSilo API error 210: Misuse of API
igotmarkled.com | Brand: -38 | SEO: 5 | Final: -33 | Status: UNKNOWN | Action: UNKNOWN | ERROR: NameSilo API error 210: Misuse of API
cabcounts.com | Brand: -64 | SEO: 9 | Final: -55 | Status: UNKNOWN | Action: UNKNOWN | ERROR: NameSilo API error 210: Misuse of API
directorydart.com | Brand: -63 | SEO: 5 | Final: -58 | Status: UNKNOWN | Action: UNKNOWN | ERROR: NameSilo API error 210: Misuse of API
imaginenomore.com | Brand: -63 | SEO: 5 | Final: -58 | Status: UNKNOWN | Action: UNKNOWN | ERROR: NameSilo API error 210: Misuse of API
twshopping.com | Brand: -73 | SEO: 9 | Final: -64 | Status: UNKNOWN | Action: UNKNOWN | ERROR: NameSilo API error 210: Misuse of API
[deleted] HTTP status: 200
[deleted] Page length: 98088
[deleted] Domains found: 25
[closeout] HTTP status: 200
[closeout] Page length: 82722
[closeout] Domains found: 25
Found 50 total candidate domains

=== BUY CANDIDATES ===
🔥 HIGH VALUE DETECTED: geniolaw.com
geniolaw.com | Brand: 92 | SEO: 29 | Final: 121 | Status: AVAILABLE | Action: BUY_CANDIDATE | Premium: NO | Reg Price: $17.29 | Renew: $17.29
🔥 HIGH VALUE DETECTED: azahabi.com
azahabi.com | Brand: 72 | SEO: 16 | Final: 88 | Status: AVAILABLE | Action: BUY_CANDIDATE | Premium: NO | Reg Price: $17.29 | Renew: $17.29

=== REVIEW MANUALLY ===
hbswui.com | Brand: 54 | SEO: 16 | Final: 70 | Status: AVAILABLE | Action: REVIEW | Premium: NO | Reg Price: $17.29 | Renew: $17.29

=== SKIP ===
goldenprintssolutions.com | Brand: 32 | SEO: 5 | Final: 37 | Status: AVAILABLE | Action: SKIP | Premium: NO | Reg Price: $17.29 | Renew: $17.29
prophetgenhance.com | Brand: 27 | SEO: 5 | Final: 32 | Status: AVAILABLE | Action: SKIP | Premium: NO | Reg Price: $17.29 | Renew: $17.29
bbo-prod.com | Brand: 20 | SEO: 1 | Final: 21 | Status: AVAILABLE | Action: SKIP | Premium: NO | Reg Price: $17.29 | Renew: $17.29
preguntitassobredios.com | Brand: 12 | SEO: 5 | Final: 17 | Status: AVAILABLE | Action: SKIP | Premium: NO | Reg Price: $17.29 | Renew: $17.29
thegoodguidesusa.com | Brand: 12 | SEO: 5 | Final: 17 | Status: AVAILABLE | Action: SKIP | Premium: NO | Reg Price: $17.29 | Renew: $17.29
yachtinteriorworks.com | Brand: 12 | SEO: 5 | Final: 17 | Status: AVAILABLE | Action: SKIP | Premium: NO | Reg Price: $17.29 | Renew: $17.29
leadershipfirstobm.com | Brand: 12 | SEO: 5 | Final: 17 | Status: AVAILABLE | Action: SKIP | Premium: NO | Reg Price: $17.29 | Renew: $17.29
charis-apparel.com | Brand: 26 | SEO: -10 | Final: 16 | Status: AVAILABLE | Action: SKIP | Premium: NO | Reg Price: $17.29 | Renew: $17.29
csf-on-time.com | Brand: 22 | SEO: -10 | Final: 12 | Status: AVAILABLE | Action: SKIP | Premium: NO | Reg Price: $17.29 | Renew: $17.29
fabsxm.com | Brand: -18 | SEO: 16 | Final: -2 | Status: AVAILABLE | Action: SKIP | Premium: NO | Reg Price: $17.29 | Renew: $17.29
nonu-designlab.com | Brand: 5 | SEO: -10 | Final: -5 | Status: AVAILABLE | Action: SKIP | Premium: NO | Reg Price: $17.29 | Renew: $17.29
agence-cerenzia.com | Brand: -3 | SEO: -10 | Final: -13 | Status: AVAILABLE | Action: SKIP | Premium: NO | Reg Price: $17.29 | Renew: $17.29
rent-n-drop-bike.com | Brand: -18 | SEO: -10 | Final: -28 | Status: AVAILABLE | Action: SKIP | Premium: NO | Reg Price: $17.29 | Renew: $17.29
1of1vacation.com | Brand: -23 | SEO: -6 | Final: -29 | Status: AVAILABLE | Action: SKIP | Premium: NO | Reg Price: $17.29 | Renew: $17.29
marcoallara.com | Brand: -38 | SEO: 5 | Final: -33 | Status: AVAILABLE | Action: SKIP | Premium: NO | Reg Price: $17.29 | Renew: $17.29
chickpeachix.com | Brand: -38 | SEO: 5 | Final: -33 | Status: AVAILABLE | Action: SKIP | Premium: NO | Reg Price: $17.29 | Renew: $17.29
rosrefurboss.com | Brand: -38 | SEO: 5 | Final: -33 | Status: AVAILABLE | Action: SKIP | Premium: NO | Reg Price: $17.29 | Renew: $17.29
faridjavadi.com | Brand: -38 | SEO: 5 | Final: -33 | Status: AVAILABLE | Action: SKIP | Premium: NO | Reg Price: $17.29 | Renew: $17.29
directorydart.com | Brand: -63 | SEO: 5 | Final: -58 | Status: AVAILABLE | Action: SKIP | Premium: NO | Reg Price: $17.29 | Renew: $17.29
chicjoieonline.com | Brand: -69 | SEO: 5 | Final: -64 | Status: AVAILABLE | Action: SKIP | Premium: NO | Reg Price: $17.29 | Renew: $17.29
trainandboardmyk9littlerock.com | Brand: -74 | SEO: 1 | Final: -73 | Status: AVAILABLE | Action: SKIP | Premium: NO | Reg Price: $17.29 | Renew: $17.29

=== TAKEN ===
esspol.com | Brand: 77 | SEO: 16 | Final: 93 | Status: NOT AVAILABLE | Action: TAKEN
canmore.io | Brand: 72 | SEO: 16 | Final: 88 | Status: NOT AVAILABLE | Action: TAKEN
fabulousawesome.com | Brand: 27 | SEO: 5 | Final: 32 | Status: NOT AVAILABLE | Action: TAKEN
degreesprograms.com | Brand: 27 | SEO: 5 | Final: 32 | Status: NOT AVAILABLE | Action: TAKEN
cfdsi.com | Brand: -8 | SEO: 16 | Final: 8 | Status: NOT AVAILABLE | Action: TAKEN
weekendblessings.com | Brand: -11 | SEO: 5 | Final: -6 | Status: NOT AVAILABLE | Action: TAKEN
after2020.com | Brand: -13 | SEO: -6 | Final: -19 | Status: NOT AVAILABLE | Action: TAKEN
numeratout.com | Brand: -28 | SEO: 9 | Final: -19 | Status: NOT AVAILABLE | Action: TAKEN
okglamping.com | Brand: -28 | SEO: 9 | Final: -19 | Status: NOT AVAILABLE | Action: TAKEN
tamilewis.com | Brand: -28 | SEO: 9 | Final: -19 | Status: NOT AVAILABLE | Action: TAKEN
mpostream.com | Brand: -28 | SEO: 9 | Final: -19 | Status: NOT AVAILABLE | Action: TAKEN
ninevehsat.com | Brand: -28 | SEO: 9 | Final: -19 | Status: NOT AVAILABLE | Action: TAKEN
justgovern.com | Brand: -28 | SEO: 9 | Final: -19 | Status: NOT AVAILABLE | Action: TAKEN
mycarinc.com | Brand: -40 | SEO: 16 | Final: -24 | Status: NOT AVAILABLE | Action: TAKEN
shopkack.com | Brand: -40 | SEO: 16 | Final: -24 | Status: NOT AVAILABLE | Action: TAKEN
aqu1024.com | Brand: -25 | SEO: 1 | Final: -24 | Status: NOT AVAILABLE | Action: TAKEN
sixrastreios.com | Brand: -38 | SEO: 5 | Final: -33 | Status: NOT AVAILABLE | Action: TAKEN
mobiliseher.com | Brand: -38 | SEO: 5 | Final: -33 | Status: NOT AVAILABLE | Action: TAKEN
igotmarkled.com | Brand: -38 | SEO: 5 | Final: -33 | Status: NOT AVAILABLE | Action: TAKEN
cabcounts.com | Brand: -64 | SEO: 9 | Final: -55 | Status: NOT AVAILABLE | Action: TAKEN
learningfound.com | Brand: -63 | SEO: 5 | Final: -58 | Status: NOT AVAILABLE | Action: TAKEN
imaginenomore.com | Brand: -63 | SEO: 5 | Final: -58 | Status: NOT AVAILABLE | Action: TAKEN
digifiduciary.com | Brand: -63 | SEO: 5 | Final: -58 | Status: NOT AVAILABLE | Action: TAKEN
1ghost.com | Brand: -60 | SEO: 1 | Final: -59 | Status: NOT AVAILABLE | Action: TAKEN
twshopping.com | Brand: -73 | SEO: 9 | Final: -64 | Status: NOT AVAILABLE | Action: TAKEN
connectthelove.com | Brand: -86 | SEO: 5 | Final: -81 | Status: NOT AVAILABLE | Action: TAKEN
[deleted] HTTP status: 200
[deleted] Page length: 97960
[deleted] Domains found: 25
[closeout] HTTP status: 200
[closeout] Page length: 82709
[closeout] Domains found: 25
Found 50 total candidate domains

=== BUY CANDIDATES ===
🔥 HIGH VALUE DETECTED: geniolaw.com
geniolaw.com | Brand: 92 | SEO: 29 | Final: 121 | Status: AVAILABLE | Action: BUY_CANDIDATE | Premium: NO | Reg Price: $17.29 | Renew: $17.29
🔥 HIGH VALUE DETECTED: azahabi.com
azahabi.com | Brand: 72 | SEO: 16 | Final: 88 | Status: AVAILABLE | Action: BUY_CANDIDATE | Premium: NO | Reg Price: $17.29 | Renew: $17.29

=== REVIEW MANUALLY ===
hbswui.com | Brand: 54 | SEO: 16 | Final: 70 | Status: AVAILABLE | Action: REVIEW | Premium: NO | Reg Price: $17.29 | Renew: $17.29

=== SKIP ===
goldenprintssolutions.com | Brand: 32 | SEO: 5 | Final: 37 | Status: AVAILABLE | Action: SKIP | Premium: NO | Reg Price: $17.29 | Renew: $17.29
prophetgenhance.com | Brand: 27 | SEO: 5 | Final: 32 | Status: AVAILABLE | Action: SKIP | Premium: NO | Reg Price: $17.29 | Renew: $17.29
bbo-prod.com | Brand: 20 | SEO: 1 | Final: 21 | Status: AVAILABLE | Action: SKIP | Premium: NO | Reg Price: $17.29 | Renew: $17.29
preguntitassobredios.com | Brand: 12 | SEO: 5 | Final: 17 | Status: AVAILABLE | Action: SKIP | Premium: NO | Reg Price: $17.29 | Renew: $17.29
thegoodguidesusa.com | Brand: 12 | SEO: 5 | Final: 17 | Status: AVAILABLE | Action: SKIP | Premium: NO | Reg Price: $17.29 | Renew: $17.29
yachtinteriorworks.com | Brand: 12 | SEO: 5 | Final: 17 | Status: AVAILABLE | Action: SKIP | Premium: NO | Reg Price: $17.29 | Renew: $17.29
leadershipfirstobm.com | Brand: 12 | SEO: 5 | Final: 17 | Status: AVAILABLE | Action: SKIP | Premium: NO | Reg Price: $17.29 | Renew: $17.29
charis-apparel.com | Brand: 26 | SEO: -10 | Final: 16 | Status: AVAILABLE | Action: SKIP | Premium: NO | Reg Price: $17.29 | Renew: $17.29
csf-on-time.com | Brand: 22 | SEO: -10 | Final: 12 | Status: AVAILABLE | Action: SKIP | Premium: NO | Reg Price: $17.29 | Renew: $17.29
fabsxm.com | Brand: -18 | SEO: 16 | Final: -2 | Status: AVAILABLE | Action: SKIP | Premium: NO | Reg Price: $17.29 | Renew: $17.29
nonu-designlab.com | Brand: 5 | SEO: -10 | Final: -5 | Status: AVAILABLE | Action: SKIP | Premium: NO | Reg Price: $17.29 | Renew: $17.29
agence-cerenzia.com | Brand: -3 | SEO: -10 | Final: -13 | Status: AVAILABLE | Action: SKIP | Premium: NO | Reg Price: $17.29 | Renew: $17.29
rent-n-drop-bike.com | Brand: -18 | SEO: -10 | Final: -28 | Status: AVAILABLE | Action: SKIP | Premium: NO | Reg Price: $17.29 | Renew: $17.29
1of1vacation.com | Brand: -23 | SEO: -6 | Final: -29 | Status: AVAILABLE | Action: SKIP | Premium: NO | Reg Price: $17.29 | Renew: $17.29
marcoallara.com | Brand: -38 | SEO: 5 | Final: -33 | Status: AVAILABLE | Action: SKIP | Premium: NO | Reg Price: $17.29 | Renew: $17.29
chickpeachix.com | Brand: -38 | SEO: 5 | Final: -33 | Status: AVAILABLE | Action: SKIP | Premium: NO | Reg Price: $17.29 | Renew: $17.29
rosrefurboss.com | Brand: -38 | SEO: 5 | Final: -33 | Status: AVAILABLE | Action: SKIP | Premium: NO | Reg Price: $17.29 | Renew: $17.29
faridjavadi.com | Brand: -38 | SEO: 5 | Final: -33 | Status: AVAILABLE | Action: SKIP | Premium: NO | Reg Price: $17.29 | Renew: $17.29
chicjoieonline.com | Brand: -69 | SEO: 5 | Final: -64 | Status: AVAILABLE | Action: SKIP | Premium: NO | Reg Price: $17.29 | Renew: $17.29
trainandboardmyk9littlerock.com | Brand: -74 | SEO: 1 | Final: -73 | Status: AVAILABLE | Action: SKIP | Premium: NO | Reg Price: $17.29 | Renew: $17.29

=== TAKEN ===
esspol.com | Brand: 77 | SEO: 16 | Final: 93 | Status: NOT AVAILABLE | Action: TAKEN
weimanhome.com | Brand: 82 | SEO: 9 | Final: 91 | Status: NOT AVAILABLE | Action: TAKEN
canmore.io | Brand: 72 | SEO: 16 | Final: 88 | Status: NOT AVAILABLE | Action: TAKEN
fabulousawesome.com | Brand: 27 | SEO: 5 | Final: 32 | Status: NOT AVAILABLE | Action: TAKEN
degreesprograms.com | Brand: 27 | SEO: 5 | Final: 32 | Status: NOT AVAILABLE | Action: TAKEN
cfdsi.com | Brand: -8 | SEO: 16 | Final: 8 | Status: NOT AVAILABLE | Action: TAKEN
weekendblessings.com | Brand: -11 | SEO: 5 | Final: -6 | Status: NOT AVAILABLE | Action: TAKEN
after2020.com | Brand: -13 | SEO: -6 | Final: -19 | Status: NOT AVAILABLE | Action: TAKEN
numeratout.com | Brand: -28 | SEO: 9 | Final: -19 | Status: NOT AVAILABLE | Action: TAKEN
okglamping.com | Brand: -28 | SEO: 9 | Final: -19 | Status: NOT AVAILABLE | Action: TAKEN
tamilewis.com | Brand: -28 | SEO: 9 | Final: -19 | Status: NOT AVAILABLE | Action: TAKEN
mpostream.com | Brand: -28 | SEO: 9 | Final: -19 | Status: NOT AVAILABLE | Action: TAKEN
ninevehsat.com | Brand: -28 | SEO: 9 | Final: -19 | Status: NOT AVAILABLE | Action: TAKEN
minebeach.com | Brand: -28 | SEO: 9 | Final: -19 | Status: NOT AVAILABLE | Action: TAKEN
justgovern.com | Brand: -28 | SEO: 9 | Final: -19 | Status: NOT AVAILABLE | Action: TAKEN
mycarinc.com | Brand: -40 | SEO: 16 | Final: -24 | Status: NOT AVAILABLE | Action: TAKEN
shopkack.com | Brand: -40 | SEO: 16 | Final: -24 | Status: NOT AVAILABLE | Action: TAKEN
aqu1024.com | Brand: -25 | SEO: 1 | Final: -24 | Status: NOT AVAILABLE | Action: TAKEN
sixrastreios.com | Brand: -38 | SEO: 5 | Final: -33 | Status: NOT AVAILABLE | Action: TAKEN
mobiliseher.com | Brand: -38 | SEO: 5 | Final: -33 | Status: NOT AVAILABLE | Action: TAKEN
igotmarkled.com | Brand: -38 | SEO: 5 | Final: -33 | Status: NOT AVAILABLE | Action: TAKEN
cabcounts.com | Brand: -64 | SEO: 9 | Final: -55 | Status: NOT AVAILABLE | Action: TAKEN
directorydart.com | Brand: -63 | SEO: 5 | Final: -58 | Status: NOT AVAILABLE | Action: TAKEN
learningfound.com | Brand: -63 | SEO: 5 | Final: -58 | Status: NOT AVAILABLE | Action: TAKEN
1ghost.com | Brand: -60 | SEO: 1 | Final: -59 | Status: NOT AVAILABLE | Action: TAKEN
twshopping.com | Brand: -73 | SEO: 9 | Final: -64 | Status: NOT AVAILABLE | Action: TAKEN
connectthelove.com | Brand: -86 | SEO: 5 | Final: -81 | Status: NOT AVAILABLE | Action: TAKEN
[deleted] HTTP status: 200
[deleted] Page length: 98060
[deleted] Domains found: 25
[closeout] HTTP status: 200
[closeout] Page length: 82709
[closeout] Domains found: 25
Found 50 total candidate domains

=== BUY CANDIDATES ===
🔥 HIGH VALUE DETECTED: geniolaw.com
geniolaw.com | Brand: 92 | SEO: 29 | Final: 121 | Status: AVAILABLE | Action: BUY_CANDIDATE | Premium: NO | Reg Price: $17.29 | Renew: $17.29
🔥 HIGH VALUE DETECTED: azahabi.com
azahabi.com | Brand: 72 | SEO: 16 | Final: 88 | Status: AVAILABLE | Action: BUY_CANDIDATE | Premium: NO | Reg Price: $17.29 | Renew: $17.29

=== REVIEW MANUALLY ===
hbswui.com | Brand: 54 | SEO: 16 | Final: 70 | Status: AVAILABLE | Action: REVIEW | Premium: NO | Reg Price: $17.29 | Renew: $17.29

=== SKIP ===
goldenprintssolutions.com | Brand: 32 | SEO: 5 | Final: 37 | Status: AVAILABLE | Action: SKIP | Premium: NO | Reg Price: $17.29 | Renew: $17.29
prophetgenhance.com | Brand: 27 | SEO: 5 | Final: 32 | Status: AVAILABLE | Action: SKIP | Premium: NO | Reg Price: $17.29 | Renew: $17.29
bbo-prod.com | Brand: 20 | SEO: 1 | Final: 21 | Status: AVAILABLE | Action: SKIP | Premium: NO | Reg Price: $17.29 | Renew: $17.29
preguntitassobredios.com | Brand: 12 | SEO: 5 | Final: 17 | Status: AVAILABLE | Action: SKIP | Premium: NO | Reg Price: $17.29 | Renew: $17.29
thegoodguidesusa.com | Brand: 12 | SEO: 5 | Final: 17 | Status: AVAILABLE | Action: SKIP | Premium: NO | Reg Price: $17.29 | Renew: $17.29
yachtinteriorworks.com | Brand: 12 | SEO: 5 | Final: 17 | Status: AVAILABLE | Action: SKIP | Premium: NO | Reg Price: $17.29 | Renew: $17.29
leadershipfirstobm.com | Brand: 12 | SEO: 5 | Final: 17 | Status: AVAILABLE | Action: SKIP | Premium: NO | Reg Price: $17.29 | Renew: $17.29
charis-apparel.com | Brand: 26 | SEO: -10 | Final: 16 | Status: AVAILABLE | Action: SKIP | Premium: NO | Reg Price: $17.29 | Renew: $17.29
csf-on-time.com | Brand: 22 | SEO: -10 | Final: 12 | Status: AVAILABLE | Action: SKIP | Premium: NO | Reg Price: $17.29 | Renew: $17.29
fabsxm.com | Brand: -18 | SEO: 16 | Final: -2 | Status: AVAILABLE | Action: SKIP | Premium: NO | Reg Price: $17.29 | Renew: $17.29
nonu-designlab.com | Brand: 5 | SEO: -10 | Final: -5 | Status: AVAILABLE | Action: SKIP | Premium: NO | Reg Price: $17.29 | Renew: $17.29
agence-cerenzia.com | Brand: -3 | SEO: -10 | Final: -13 | Status: AVAILABLE | Action: SKIP | Premium: NO | Reg Price: $17.29 | Renew: $17.29
rent-n-drop-bike.com | Brand: -18 | SEO: -10 | Final: -28 | Status: AVAILABLE | Action: SKIP | Premium: NO | Reg Price: $17.29 | Renew: $17.29
1of1vacation.com | Brand: -23 | SEO: -6 | Final: -29 | Status: AVAILABLE | Action: SKIP | Premium: NO | Reg Price: $17.29 | Renew: $17.29
marcoallara.com | Brand: -38 | SEO: 5 | Final: -33 | Status: AVAILABLE | Action: SKIP | Premium: NO | Reg Price: $17.29 | Renew: $17.29
chickpeachix.com | Brand: -38 | SEO: 5 | Final: -33 | Status: AVAILABLE | Action: SKIP | Premium: NO | Reg Price: $17.29 | Renew: $17.29
rosrefurboss.com | Brand: -38 | SEO: 5 | Final: -33 | Status: AVAILABLE | Action: SKIP | Premium: NO | Reg Price: $17.29 | Renew: $17.29
faridjavadi.com | Brand: -38 | SEO: 5 | Final: -33 | Status: AVAILABLE | Action: SKIP | Premium: NO | Reg Price: $17.29 | Renew: $17.29
chicjoieonline.com | Brand: -69 | SEO: 5 | Final: -64 | Status: AVAILABLE | Action: SKIP | Premium: NO | Reg Price: $17.29 | Renew: $17.29
trainandboardmyk9littlerock.com | Brand: -74 | SEO: 1 | Final: -73 | Status: AVAILABLE | Action: SKIP | Premium: NO | Reg Price: $17.29 | Renew: $17.29

=== TAKEN ===
esspol.com | Brand: 77 | SEO: 16 | Final: 93 | Status: NOT AVAILABLE | Action: TAKEN
weimanhome.com | Brand: 82 | SEO: 9 | Final: 91 | Status: NOT AVAILABLE | Action: TAKEN
canmore.io | Brand: 72 | SEO: 16 | Final: 88 | Status: NOT AVAILABLE | Action: TAKEN
fabulousawesome.com | Brand: 27 | SEO: 5 | Final: 32 | Status: NOT AVAILABLE | Action: TAKEN
degreesprograms.com | Brand: 27 | SEO: 5 | Final: 32 | Status: NOT AVAILABLE | Action: TAKEN
cfdsi.com | Brand: -8 | SEO: 16 | Final: 8 | Status: NOT AVAILABLE | Action: TAKEN
weekendblessings.com | Brand: -11 | SEO: 5 | Final: -6 | Status: NOT AVAILABLE | Action: TAKEN
after2020.com | Brand: -13 | SEO: -6 | Final: -19 | Status: NOT AVAILABLE | Action: TAKEN
numeratout.com | Brand: -28 | SEO: 9 | Final: -19 | Status: NOT AVAILABLE | Action: TAKEN
okglamping.com | Brand: -28 | SEO: 9 | Final: -19 | Status: NOT AVAILABLE | Action: TAKEN
tamilewis.com | Brand: -28 | SEO: 9 | Final: -19 | Status: NOT AVAILABLE | Action: TAKEN
mpostream.com | Brand: -28 | SEO: 9 | Final: -19 | Status: NOT AVAILABLE | Action: TAKEN
ninevehsat.com | Brand: -28 | SEO: 9 | Final: -19 | Status: NOT AVAILABLE | Action: TAKEN
minebeach.com | Brand: -28 | SEO: 9 | Final: -19 | Status: NOT AVAILABLE | Action: TAKEN
justgovern.com | Brand: -28 | SEO: 9 | Final: -19 | Status: NOT AVAILABLE | Action: TAKEN
mycarinc.com | Brand: -40 | SEO: 16 | Final: -24 | Status: NOT AVAILABLE | Action: TAKEN
shopkack.com | Brand: -40 | SEO: 16 | Final: -24 | Status: NOT AVAILABLE | Action: TAKEN
aqu1024.com | Brand: -25 | SEO: 1 | Final: -24 | Status: NOT AVAILABLE | Action: TAKEN
sixrastreios.com | Brand: -38 | SEO: 5 | Final: -33 | Status: NOT AVAILABLE | Action: TAKEN
mobiliseher.com | Brand: -38 | SEO: 5 | Final: -33 | Status: NOT AVAILABLE | Action: TAKEN
igotmarkled.com | Brand: -38 | SEO: 5 | Final: -33 | Status: NOT AVAILABLE | Action: TAKEN
cabcounts.com | Brand: -64 | SEO: 9 | Final: -55 | Status: NOT AVAILABLE | Action: TAKEN
directorydart.com | Brand: -63 | SEO: 5 | Final: -58 | Status: NOT AVAILABLE | Action: TAKEN
learningfound.com | Brand: -63 | SEO: 5 | Final: -58 | Status: NOT AVAILABLE | Action: TAKEN
1ghost.com | Brand: -60 | SEO: 1 | Final: -59 | Status: NOT AVAILABLE | Action: TAKEN
twshopping.com | Brand: -73 | SEO: 9 | Final: -64 | Status: NOT AVAILABLE | Action: TAKEN
connectthelove.com | Brand: -86 | SEO: 5 | Final: -81 | Status: NOT AVAILABLE | Action: TAKEN
[deleted] HTTP status: 200
[deleted] Page length: 98060
[deleted] Domains found: 25
[closeout] HTTP status: 200
[closeout] Page length: 82709
[closeout] Domains found: 25
Found 50 total candidate domains

=== BUY CANDIDATES ===
🔥 HIGH VALUE DETECTED: geniolaw.com
geniolaw.com | Brand: 92 | SEO: 29 | Final: 121 | Status: AVAILABLE | Action: BUY_CANDIDATE | Premium: NO | Reg Price: $17.29 | Renew: $17.29
🔥 HIGH VALUE DETECTED: azahabi.com
azahabi.com | Brand: 72 | SEO: 16 | Final: 88 | Status: AVAILABLE | Action: BUY_CANDIDATE | Premium: NO | Reg Price: $17.29 | Renew: $17.29

=== REVIEW MANUALLY ===
hbswui.com | Brand: 54 | SEO: 16 | Final: 70 | Status: AVAILABLE | Action: REVIEW | Premium: NO | Reg Price: $17.29 | Renew: $17.29

=== SKIP ===
goldenprintssolutions.com | Brand: 32 | SEO: 5 | Final: 37 | Status: AVAILABLE | Action: SKIP | Premium: NO | Reg Price: $17.29 | Renew: $17.29
prophetgenhance.com | Brand: 27 | SEO: 5 | Final: 32 | Status: AVAILABLE | Action: SKIP | Premium: NO | Reg Price: $17.29 | Renew: $17.29
bbo-prod.com | Brand: 20 | SEO: 1 | Final: 21 | Status: AVAILABLE | Action: SKIP | Premium: NO | Reg Price: $17.29 | Renew: $17.29
preguntitassobredios.com | Brand: 12 | SEO: 5 | Final: 17 | Status: AVAILABLE | Action: SKIP | Premium: NO | Reg Price: $17.29 | Renew: $17.29
thegoodguidesusa.com | Brand: 12 | SEO: 5 | Final: 17 | Status: AVAILABLE | Action: SKIP | Premium: NO | Reg Price: $17.29 | Renew: $17.29
yachtinteriorworks.com | Brand: 12 | SEO: 5 | Final: 17 | Status: AVAILABLE | Action: SKIP | Premium: NO | Reg Price: $17.29 | Renew: $17.29
leadershipfirstobm.com | Brand: 12 | SEO: 5 | Final: 17 | Status: AVAILABLE | Action: SKIP | Premium: NO | Reg Price: $17.29 | Renew: $17.29
charis-apparel.com | Brand: 26 | SEO: -10 | Final: 16 | Status: AVAILABLE | Action: SKIP | Premium: NO | Reg Price: $17.29 | Renew: $17.29
csf-on-time.com | Brand: 22 | SEO: -10 | Final: 12 | Status: AVAILABLE | Action: SKIP | Premium: NO | Reg Price: $17.29 | Renew: $17.29
fabsxm.com | Brand: -18 | SEO: 16 | Final: -2 | Status: AVAILABLE | Action: SKIP | Premium: NO | Reg Price: $17.29 | Renew: $17.29
nonu-designlab.com | Brand: 5 | SEO: -10 | Final: -5 | Status: AVAILABLE | Action: SKIP | Premium: NO | Reg Price: $17.29 | Renew: $17.29
agence-cerenzia.com | Brand: -3 | SEO: -10 | Final: -13 | Status: AVAILABLE | Action: SKIP | Premium: NO | Reg Price: $17.29 | Renew: $17.29
rent-n-drop-bike.com | Brand: -18 | SEO: -10 | Final: -28 | Status: AVAILABLE | Action: SKIP | Premium: NO | Reg Price: $17.29 | Renew: $17.29
1of1vacation.com | Brand: -23 | SEO: -6 | Final: -29 | Status: AVAILABLE | Action: SKIP | Premium: NO | Reg Price: $17.29 | Renew: $17.29
marcoallara.com | Brand: -38 | SEO: 5 | Final: -33 | Status: AVAILABLE | Action: SKIP | Premium: NO | Reg Price: $17.29 | Renew: $17.29
chickpeachix.com | Brand: -38 | SEO: 5 | Final: -33 | Status: AVAILABLE | Action: SKIP | Premium: NO | Reg Price: $17.29 | Renew: $17.29
rosrefurboss.com | Brand: -38 | SEO: 5 | Final: -33 | Status: AVAILABLE | Action: SKIP | Premium: NO | Reg Price: $17.29 | Renew: $17.29
faridjavadi.com | Brand: -38 | SEO: 5 | Final: -33 | Status: AVAILABLE | Action: SKIP | Premium: NO | Reg Price: $17.29 | Renew: $17.29
chicjoieonline.com | Brand: -69 | SEO: 5 | Final: -64 | Status: AVAILABLE | Action: SKIP | Premium: NO | Reg Price: $17.29 | Renew: $17.29
trainandboardmyk9littlerock.com | Brand: -74 | SEO: 1 | Final: -73 | Status: AVAILABLE | Action: SKIP | Premium: NO | Reg Price: $17.29 | Renew: $17.29

=== TAKEN ===
esspol.com | Brand: 77 | SEO: 16 | Final: 93 | Status: NOT AVAILABLE | Action: TAKEN
weimanhome.com | Brand: 82 | SEO: 9 | Final: 91 | Status: NOT AVAILABLE | Action: TAKEN
canmore.io | Brand: 72 | SEO: 16 | Final: 88 | Status: NOT AVAILABLE | Action: TAKEN
fabulousawesome.com | Brand: 27 | SEO: 5 | Final: 32 | Status: NOT AVAILABLE | Action: TAKEN
degreesprograms.com | Brand: 27 | SEO: 5 | Final: 32 | Status: NOT AVAILABLE | Action: TAKEN
cfdsi.com | Brand: -8 | SEO: 16 | Final: 8 | Status: NOT AVAILABLE | Action: TAKEN
weekendblessings.com | Brand: -11 | SEO: 5 | Final: -6 | Status: NOT AVAILABLE | Action: TAKEN
after2020.com | Brand: -13 | SEO: -6 | Final: -19 | Status: NOT AVAILABLE | Action: TAKEN
numeratout.com | Brand: -28 | SEO: 9 | Final: -19 | Status: NOT AVAILABLE | Action: TAKEN
okglamping.com | Brand: -28 | SEO: 9 | Final: -19 | Status: NOT AVAILABLE | Action: TAKEN
tamilewis.com | Brand: -28 | SEO: 9 | Final: -19 | Status: NOT AVAILABLE | Action: TAKEN
mpostream.com | Brand: -28 | SEO: 9 | Final: -19 | Status: NOT AVAILABLE | Action: TAKEN
ninevehsat.com | Brand: -28 | SEO: 9 | Final: -19 | Status: NOT AVAILABLE | Action: TAKEN
minebeach.com | Brand: -28 | SEO: 9 | Final: -19 | Status: NOT AVAILABLE | Action: TAKEN
justgovern.com | Brand: -28 | SEO: 9 | Final: -19 | Status: NOT AVAILABLE | Action: TAKEN
mycarinc.com | Brand: -40 | SEO: 16 | Final: -24 | Status: NOT AVAILABLE | Action: TAKEN
shopkack.com | Brand: -40 | SEO: 16 | Final: -24 | Status: NOT AVAILABLE | Action: TAKEN
aqu1024.com | Brand: -25 | SEO: 1 | Final: -24 | Status: NOT AVAILABLE | Action: TAKEN
sixrastreios.com | Brand: -38 | SEO: 5 | Final: -33 | Status: NOT AVAILABLE | Action: TAKEN
mobiliseher.com | Brand: -38 | SEO: 5 | Final: -33 | Status: NOT AVAILABLE | Action: TAKEN
igotmarkled.com | Brand: -38 | SEO: 5 | Final: -33 | Status: NOT AVAILABLE | Action: TAKEN
cabcounts.com | Brand: -64 | SEO: 9 | Final: -55 | Status: NOT AVAILABLE | Action: TAKEN
directorydart.com | Brand: -63 | SEO: 5 | Final: -58 | Status: NOT AVAILABLE | Action: TAKEN
learningfound.com | Brand: -63 | SEO: 5 | Final: -58 | Status: NOT AVAILABLE | Action: TAKEN
1ghost.com | Brand: -60 | SEO: 1 | Final: -59 | Status: NOT AVAILABLE | Action: TAKEN
twshopping.com | Brand: -73 | SEO: 9 | Final: -64 | Status: NOT AVAILABLE | Action: TAKEN
connectthelove.com | Brand: -86 | SEO: 5 | Final: -81 | Status: NOT AVAILABLE | Action: TAKEN
[deleted] HTTP status: 200
[deleted] Page length: 98060
[deleted] Domains found: 25
[closeout] HTTP status: 200
[closeout] Page length: 82709
[closeout] Domains found: 25
Found 50 total candidate domains

=== BUY CANDIDATES ===
🔥 HIGH VALUE DETECTED: geniolaw.com
geniolaw.com | Brand: 92 | SEO: 29 | Final: 121 | Status: AVAILABLE | Action: BUY_CANDIDATE | Premium: NO | Reg Price: $17.29 | Renew: $17.29
🔥 HIGH VALUE DETECTED: azahabi.com
azahabi.com | Brand: 72 | SEO: 16 | Final: 88 | Status: AVAILABLE | Action: BUY_CANDIDATE | Premium: NO | Reg Price: $17.29 | Renew: $17.29

=== REVIEW MANUALLY ===
hbswui.com | Brand: 54 | SEO: 16 | Final: 70 | Status: AVAILABLE | Action: REVIEW | Premium: NO | Reg Price: $17.29 | Renew: $17.29

=== SKIP ===
goldenprintssolutions.com | Brand: 32 | SEO: 5 | Final: 37 | Status: AVAILABLE | Action: SKIP | Premium: NO | Reg Price: $17.29 | Renew: $17.29
prophetgenhance.com | Brand: 27 | SEO: 5 | Final: 32 | Status: AVAILABLE | Action: SKIP | Premium: NO | Reg Price: $17.29 | Renew: $17.29
bbo-prod.com | Brand: 20 | SEO: 1 | Final: 21 | Status: AVAILABLE | Action: SKIP | Premium: NO | Reg Price: $17.29 | Renew: $17.29
preguntitassobredios.com | Brand: 12 | SEO: 5 | Final: 17 | Status: AVAILABLE | Action: SKIP | Premium: NO | Reg Price: $17.29 | Renew: $17.29
thegoodguidesusa.com | Brand: 12 | SEO: 5 | Final: 17 | Status: AVAILABLE | Action: SKIP | Premium: NO | Reg Price: $17.29 | Renew: $17.29
yachtinteriorworks.com | Brand: 12 | SEO: 5 | Final: 17 | Status: AVAILABLE | Action: SKIP | Premium: NO | Reg Price: $17.29 | Renew: $17.29
leadershipfirstobm.com | Brand: 12 | SEO: 5 | Final: 17 | Status: AVAILABLE | Action: SKIP | Premium: NO | Reg Price: $17.29 | Renew: $17.29
charis-apparel.com | Brand: 26 | SEO: -10 | Final: 16 | Status: AVAILABLE | Action: SKIP | Premium: NO | Reg Price: $17.29 | Renew: $17.29
csf-on-time.com | Brand: 22 | SEO: -10 | Final: 12 | Status: AVAILABLE | Action: SKIP | Premium: NO | Reg Price: $17.29 | Renew: $17.29
fabsxm.com | Brand: -18 | SEO: 16 | Final: -2 | Status: AVAILABLE | Action: SKIP | Premium: NO | Reg Price: $17.29 | Renew: $17.29
nonu-designlab.com | Brand: 5 | SEO: -10 | Final: -5 | Status: AVAILABLE | Action: SKIP | Premium: NO | Reg Price: $17.29 | Renew: $17.29
agence-cerenzia.com | Brand: -3 | SEO: -10 | Final: -13 | Status: AVAILABLE | Action: SKIP | Premium: NO | Reg Price: $17.29 | Renew: $17.29
rent-n-drop-bike.com | Brand: -18 | SEO: -10 | Final: -28 | Status: AVAILABLE | Action: SKIP | Premium: NO | Reg Price: $17.29 | Renew: $17.29
1of1vacation.com | Brand: -23 | SEO: -6 | Final: -29 | Status: AVAILABLE | Action: SKIP | Premium: NO | Reg Price: $17.29 | Renew: $17.29
marcoallara.com | Brand: -38 | SEO: 5 | Final: -33 | Status: AVAILABLE | Action: SKIP | Premium: NO | Reg Price: $17.29 | Renew: $17.29
chickpeachix.com | Brand: -38 | SEO: 5 | Final: -33 | Status: AVAILABLE | Action: SKIP | Premium: NO | Reg Price: $17.29 | Renew: $17.29
rosrefurboss.com | Brand: -38 | SEO: 5 | Final: -33 | Status: AVAILABLE | Action: SKIP | Premium: NO | Reg Price: $17.29 | Renew: $17.29
faridjavadi.com | Brand: -38 | SEO: 5 | Final: -33 | Status: AVAILABLE | Action: SKIP | Premium: NO | Reg Price: $17.29 | Renew: $17.29
chicjoieonline.com | Brand: -69 | SEO: 5 | Final: -64 | Status: AVAILABLE | Action: SKIP | Premium: NO | Reg Price: $17.29 | Renew: $17.29
trainandboardmyk9littlerock.com | Brand: -74 | SEO: 1 | Final: -73 | Status: AVAILABLE | Action: SKIP | Premium: NO | Reg Price: $17.29 | Renew: $17.29

=== TAKEN ===
esspol.com | Brand: 77 | SEO: 16 | Final: 93 | Status: NOT AVAILABLE | Action: TAKEN
weimanhome.com | Brand: 82 | SEO: 9 | Final: 91 | Status: NOT AVAILABLE | Action: TAKEN
canmore.io | Brand: 72 | SEO: 16 | Final: 88 | Status: NOT AVAILABLE | Action: TAKEN
fabulousawesome.com | Brand: 27 | SEO: 5 | Final: 32 | Status: NOT AVAILABLE | Action: TAKEN
degreesprograms.com | Brand: 27 | SEO: 5 | Final: 32 | Status: NOT AVAILABLE | Action: TAKEN
cfdsi.com | Brand: -8 | SEO: 16 | Final: 8 | Status: NOT AVAILABLE | Action: TAKEN
weekendblessings.com | Brand: -11 | SEO: 5 | Final: -6 | Status: NOT AVAILABLE | Action: TAKEN
after2020.com | Brand: -13 | SEO: -6 | Final: -19 | Status: NOT AVAILABLE | Action: TAKEN
numeratout.com | Brand: -28 | SEO: 9 | Final: -19 | Status: NOT AVAILABLE | Action: TAKEN
okglamping.com | Brand: -28 | SEO: 9 | Final: -19 | Status: NOT AVAILABLE | Action: TAKEN
tamilewis.com | Brand: -28 | SEO: 9 | Final: -19 | Status: NOT AVAILABLE | Action: TAKEN
mpostream.com | Brand: -28 | SEO: 9 | Final: -19 | Status: NOT AVAILABLE | Action: TAKEN
ninevehsat.com | Brand: -28 | SEO: 9 | Final: -19 | Status: NOT AVAILABLE | Action: TAKEN
minebeach.com | Brand: -28 | SEO: 9 | Final: -19 | Status: NOT AVAILABLE | Action: TAKEN
justgovern.com | Brand: -28 | SEO: 9 | Final: -19 | Status: NOT AVAILABLE | Action: TAKEN
mycarinc.com | Brand: -40 | SEO: 16 | Final: -24 | Status: NOT AVAILABLE | Action: TAKEN
shopkack.com | Brand: -40 | SEO: 16 | Final: -24 | Status: NOT AVAILABLE | Action: TAKEN
aqu1024.com | Brand: -25 | SEO: 1 | Final: -24 | Status: NOT AVAILABLE | Action: TAKEN
sixrastreios.com | Brand: -38 | SEO: 5 | Final: -33 | Status: NOT AVAILABLE | Action: TAKEN
mobiliseher.com | Brand: -38 | SEO: 5 | Final: -33 | Status: NOT AVAILABLE | Action: TAKEN
igotmarkled.com | Brand: -38 | SEO: 5 | Final: -33 | Status: NOT AVAILABLE | Action: TAKEN
cabcounts.com | Brand: -64 | SEO: 9 | Final: -55 | Status: NOT AVAILABLE | Action: TAKEN
directorydart.com | Brand: -63 | SEO: 5 | Final: -58 | Status: NOT AVAILABLE | Action: TAKEN
learningfound.com | Brand: -63 | SEO: 5 | Final: -58 | Status: NOT AVAILABLE | Action: TAKEN
1ghost.com | Brand: -60 | SEO: 1 | Final: -59 | Status: NOT AVAILABLE | Action: TAKEN
twshopping.com | Brand: -73 | SEO: 9 | Final: -64 | Status: NOT AVAILABLE | Action: TAKEN
connectthelove.com | Brand: -86 | SEO: 5 | Final: -81 | Status: NOT AVAILABLE | Action: TAKEN
[deleted] HTTP status: 200
[deleted] Page length: 98060
[deleted] Domains found: 25
[closeout] HTTP status: 200
[closeout] Page length: 82734
[closeout] Domains found: 25
Found 50 total candidate domains

=== BUY CANDIDATES ===
🔥 HIGH VALUE DETECTED: geniolaw.com
geniolaw.com | Brand: 92 | SEO: 29 | Final: 121 | Status: AVAILABLE | Action: BUY_CANDIDATE | Premium: NO | Reg Price: $17.29 | Renew: $17.29
🔥 HIGH VALUE DETECTED: azahabi.com
azahabi.com | Brand: 72 | SEO: 16 | Final: 88 | Status: AVAILABLE | Action: BUY_CANDIDATE | Premium: NO | Reg Price: $17.29 | Renew: $17.29

=== REVIEW MANUALLY ===
hbswui.com | Brand: 54 | SEO: 16 | Final: 70 | Status: AVAILABLE | Action: REVIEW | Premium: NO | Reg Price: $17.29 | Renew: $17.29

=== SKIP ===
goldenprintssolutions.com | Brand: 32 | SEO: 5 | Final: 37 | Status: AVAILABLE | Action: SKIP | Premium: NO | Reg Price: $17.29 | Renew: $17.29
prophetgenhance.com | Brand: 27 | SEO: 5 | Final: 32 | Status: AVAILABLE | Action: SKIP | Premium: NO | Reg Price: $17.29 | Renew: $17.29
bbo-prod.com | Brand: 20 | SEO: 1 | Final: 21 | Status: AVAILABLE | Action: SKIP | Premium: NO | Reg Price: $17.29 | Renew: $17.29
preguntitassobredios.com | Brand: 12 | SEO: 5 | Final: 17 | Status: AVAILABLE | Action: SKIP | Premium: NO | Reg Price: $17.29 | Renew: $17.29
thegoodguidesusa.com | Brand: 12 | SEO: 5 | Final: 17 | Status: AVAILABLE | Action: SKIP | Premium: NO | Reg Price: $17.29 | Renew: $17.29
yachtinteriorworks.com | Brand: 12 | SEO: 5 | Final: 17 | Status: AVAILABLE | Action: SKIP | Premium: NO | Reg Price: $17.29 | Renew: $17.29
leadershipfirstobm.com | Brand: 12 | SEO: 5 | Final: 17 | Status: AVAILABLE | Action: SKIP | Premium: NO | Reg Price: $17.29 | Renew: $17.29
charis-apparel.com | Brand: 26 | SEO: -10 | Final: 16 | Status: AVAILABLE | Action: SKIP | Premium: NO | Reg Price: $17.29 | Renew: $17.29
csf-on-time.com | Brand: 22 | SEO: -10 | Final: 12 | Status: AVAILABLE | Action: SKIP | Premium: NO | Reg Price: $17.29 | Renew: $17.29
fabsxm.com | Brand: -18 | SEO: 16 | Final: -2 | Status: AVAILABLE | Action: SKIP | Premium: NO | Reg Price: $17.29 | Renew: $17.29
nonu-designlab.com | Brand: 5 | SEO: -10 | Final: -5 | Status: AVAILABLE | Action: SKIP | Premium: NO | Reg Price: $17.29 | Renew: $17.29
agence-cerenzia.com | Brand: -3 | SEO: -10 | Final: -13 | Status: AVAILABLE | Action: SKIP | Premium: NO | Reg Price: $17.29 | Renew: $17.29
rent-n-drop-bike.com | Brand: -18 | SEO: -10 | Final: -28 | Status: AVAILABLE | Action: SKIP | Premium: NO | Reg Price: $17.29 | Renew: $17.29
1of1vacation.com | Brand: -23 | SEO: -6 | Final: -29 | Status: AVAILABLE | Action: SKIP | Premium: NO | Reg Price: $17.29 | Renew: $17.29
marcoallara.com | Brand: -38 | SEO: 5 | Final: -33 | Status: AVAILABLE | Action: SKIP | Premium: NO | Reg Price: $17.29 | Renew: $17.29
chickpeachix.com | Brand: -38 | SEO: 5 | Final: -33 | Status: AVAILABLE | Action: SKIP | Premium: NO | Reg Price: $17.29 | Renew: $17.29
rosrefurboss.com | Brand: -38 | SEO: 5 | Final: -33 | Status: AVAILABLE | Action: SKIP | Premium: NO | Reg Price: $17.29 | Renew: $17.29
faridjavadi.com | Brand: -38 | SEO: 5 | Final: -33 | Status: AVAILABLE | Action: SKIP | Premium: NO | Reg Price: $17.29 | Renew: $17.29
chicjoieonline.com | Brand: -69 | SEO: 5 | Final: -64 | Status: AVAILABLE | Action: SKIP | Premium: NO | Reg Price: $17.29 | Renew: $17.29
trainandboardmyk9littlerock.com | Brand: -74 | SEO: 1 | Final: -73 | Status: AVAILABLE | Action: SKIP | Premium: NO | Reg Price: $17.29 | Renew: $17.29

=== TAKEN ===
esspol.com | Brand: 77 | SEO: 16 | Final: 93 | Status: NOT AVAILABLE | Action: TAKEN
weimanhome.com | Brand: 82 | SEO: 9 | Final: 91 | Status: NOT AVAILABLE | Action: TAKEN
canmore.io | Brand: 72 | SEO: 16 | Final: 88 | Status: NOT AVAILABLE | Action: TAKEN
fabulousawesome.com | Brand: 27 | SEO: 5 | Final: 32 | Status: NOT AVAILABLE | Action: TAKEN
degreesprograms.com | Brand: 27 | SEO: 5 | Final: 32 | Status: NOT AVAILABLE | Action: TAKEN
cfdsi.com | Brand: -8 | SEO: 16 | Final: 8 | Status: NOT AVAILABLE | Action: TAKEN
weekendblessings.com | Brand: -11 | SEO: 5 | Final: -6 | Status: NOT AVAILABLE | Action: TAKEN
numeratout.com | Brand: -28 | SEO: 9 | Final: -19 | Status: NOT AVAILABLE | Action: TAKEN
okglamping.com | Brand: -28 | SEO: 9 | Final: -19 | Status: NOT AVAILABLE | Action: TAKEN
tamilewis.com | Brand: -28 | SEO: 9 | Final: -19 | Status: NOT AVAILABLE | Action: TAKEN
mpostream.com | Brand: -28 | SEO: 9 | Final: -19 | Status: NOT AVAILABLE | Action: TAKEN
ninevehsat.com | Brand: -28 | SEO: 9 | Final: -19 | Status: NOT AVAILABLE | Action: TAKEN
minebeach.com | Brand: -28 | SEO: 9 | Final: -19 | Status: NOT AVAILABLE | Action: TAKEN
justgovern.com | Brand: -28 | SEO: 9 | Final: -19 | Status: NOT AVAILABLE | Action: TAKEN
mycarinc.com | Brand: -40 | SEO: 16 | Final: -24 | Status: NOT AVAILABLE | Action: TAKEN
shopkack.com | Brand: -40 | SEO: 16 | Final: -24 | Status: NOT AVAILABLE | Action: TAKEN
aqu1024.com | Brand: -25 | SEO: 1 | Final: -24 | Status: NOT AVAILABLE | Action: TAKEN
sixrastreios.com | Brand: -38 | SEO: 5 | Final: -33 | Status: NOT AVAILABLE | Action: TAKEN
mobiliseher.com | Brand: -38 | SEO: 5 | Final: -33 | Status: NOT AVAILABLE | Action: TAKEN
igotmarkled.com | Brand: -38 | SEO: 5 | Final: -33 | Status: NOT AVAILABLE | Action: TAKEN
cabcounts.com | Brand: -64 | SEO: 9 | Final: -55 | Status: NOT AVAILABLE | Action: TAKEN
directorydart.com | Brand: -63 | SEO: 5 | Final: -58 | Status: NOT AVAILABLE | Action: TAKEN
learningfound.com | Brand: -63 | SEO: 5 | Final: -58 | Status: NOT AVAILABLE | Action: TAKEN
imaginenomore.com | Brand: -63 | SEO: 5 | Final: -58 | Status: NOT AVAILABLE | Action: TAKEN
1ghost.com | Brand: -60 | SEO: 1 | Final: -59 | Status: NOT AVAILABLE | Action: TAKEN
twshopping.com | Brand: -73 | SEO: 9 | Final: -64 | Status: NOT AVAILABLE | Action: TAKEN
connectthelove.com | Brand: -86 | SEO: 5 | Final: -81 | Status: NOT AVAILABLE | Action: TAKEN
[deleted] HTTP status: 200
[deleted] Page length: 98060
[deleted] Domains found: 25
[closeout] HTTP status: 200
[closeout] Page length: 82734
[closeout] Domains found: 25
Found 50 total candidate domains

=== BUY CANDIDATES ===
🔥 HIGH VALUE DETECTED: geniolaw.com
geniolaw.com | Brand: 92 | SEO: 29 | Final: 121 | Status: AVAILABLE | Action: BUY_CANDIDATE | Premium: NO | Reg Price: $17.29 | Renew: $17.29
🔥 HIGH VALUE DETECTED: azahabi.com
azahabi.com | Brand: 72 | SEO: 16 | Final: 88 | Status: AVAILABLE | Action: BUY_CANDIDATE | Premium: NO | Reg Price: $17.29 | Renew: $17.29

=== REVIEW MANUALLY ===
hbswui.com | Brand: 54 | SEO: 16 | Final: 70 | Status: AVAILABLE | Action: REVIEW | Premium: NO | Reg Price: $17.29 | Renew: $17.29

=== SKIP ===
goldenprintssolutions.com | Brand: 32 | SEO: 5 | Final: 37 | Status: AVAILABLE | Action: SKIP | Premium: NO | Reg Price: $17.29 | Renew: $17.29
prophetgenhance.com | Brand: 27 | SEO: 5 | Final: 32 | Status: AVAILABLE | Action: SKIP | Premium: NO | Reg Price: $17.29 | Renew: $17.29
bbo-prod.com | Brand: 20 | SEO: 1 | Final: 21 | Status: AVAILABLE | Action: SKIP | Premium: NO | Reg Price: $17.29 | Renew: $17.29
preguntitassobredios.com | Brand: 12 | SEO: 5 | Final: 17 | Status: AVAILABLE | Action: SKIP | Premium: NO | Reg Price: $17.29 | Renew: $17.29
thegoodguidesusa.com | Brand: 12 | SEO: 5 | Final: 17 | Status: AVAILABLE | Action: SKIP | Premium: NO | Reg Price: $17.29 | Renew: $17.29
yachtinteriorworks.com | Brand: 12 | SEO: 5 | Final: 17 | Status: AVAILABLE | Action: SKIP | Premium: NO | Reg Price: $17.29 | Renew: $17.29
leadershipfirstobm.com | Brand: 12 | SEO: 5 | Final: 17 | Status: AVAILABLE | Action: SKIP | Premium: NO | Reg Price: $17.29 | Renew: $17.29
charis-apparel.com | Brand: 26 | SEO: -10 | Final: 16 | Status: AVAILABLE | Action: SKIP | Premium: NO | Reg Price: $17.29 | Renew: $17.29
csf-on-time.com | Brand: 22 | SEO: -10 | Final: 12 | Status: AVAILABLE | Action: SKIP | Premium: NO | Reg Price: $17.29 | Renew: $17.29
fabsxm.com | Brand: -18 | SEO: 16 | Final: -2 | Status: AVAILABLE | Action: SKIP | Premium: NO | Reg Price: $17.29 | Renew: $17.29
nonu-designlab.com | Brand: 5 | SEO: -10 | Final: -5 | Status: AVAILABLE | Action: SKIP | Premium: NO | Reg Price: $17.29 | Renew: $17.29
agence-cerenzia.com | Brand: -3 | SEO: -10 | Final: -13 | Status: AVAILABLE | Action: SKIP | Premium: NO | Reg Price: $17.29 | Renew: $17.29
rent-n-drop-bike.com | Brand: -18 | SEO: -10 | Final: -28 | Status: AVAILABLE | Action: SKIP | Premium: NO | Reg Price: $17.29 | Renew: $17.29
1of1vacation.com | Brand: -23 | SEO: -6 | Final: -29 | Status: AVAILABLE | Action: SKIP | Premium: NO | Reg Price: $17.29 | Renew: $17.29
marcoallara.com | Brand: -38 | SEO: 5 | Final: -33 | Status: AVAILABLE | Action: SKIP | Premium: NO | Reg Price: $17.29 | Renew: $17.29
chickpeachix.com | Brand: -38 | SEO: 5 | Final: -33 | Status: AVAILABLE | Action: SKIP | Premium: NO | Reg Price: $17.29 | Renew: $17.29
rosrefurboss.com | Brand: -38 | SEO: 5 | Final: -33 | Status: AVAILABLE | Action: SKIP | Premium: NO | Reg Price: $17.29 | Renew: $17.29
faridjavadi.com | Brand: -38 | SEO: 5 | Final: -33 | Status: AVAILABLE | Action: SKIP | Premium: NO | Reg Price: $17.29 | Renew: $17.29
chicjoieonline.com | Brand: -69 | SEO: 5 | Final: -64 | Status: AVAILABLE | Action: SKIP | Premium: NO | Reg Price: $17.29 | Renew: $17.29
trainandboardmyk9littlerock.com | Brand: -74 | SEO: 1 | Final: -73 | Status: AVAILABLE | Action: SKIP | Premium: NO | Reg Price: $17.29 | Renew: $17.29

=== TAKEN ===
esspol.com | Brand: 77 | SEO: 16 | Final: 93 | Status: NOT AVAILABLE | Action: TAKEN
weimanhome.com | Brand: 82 | SEO: 9 | Final: 91 | Status: NOT AVAILABLE | Action: TAKEN
canmore.io | Brand: 72 | SEO: 16 | Final: 88 | Status: NOT AVAILABLE | Action: TAKEN
fabulousawesome.com | Brand: 27 | SEO: 5 | Final: 32 | Status: NOT AVAILABLE | Action: TAKEN
degreesprograms.com | Brand: 27 | SEO: 5 | Final: 32 | Status: NOT AVAILABLE | Action: TAKEN
cfdsi.com | Brand: -8 | SEO: 16 | Final: 8 | Status: NOT AVAILABLE | Action: TAKEN
weekendblessings.com | Brand: -11 | SEO: 5 | Final: -6 | Status: NOT AVAILABLE | Action: TAKEN
numeratout.com | Brand: -28 | SEO: 9 | Final: -19 | Status: NOT AVAILABLE | Action: TAKEN
okglamping.com | Brand: -28 | SEO: 9 | Final: -19 | Status: NOT AVAILABLE | Action: TAKEN
tamilewis.com | Brand: -28 | SEO: 9 | Final: -19 | Status: NOT AVAILABLE | Action: TAKEN
mpostream.com | Brand: -28 | SEO: 9 | Final: -19 | Status: NOT AVAILABLE | Action: TAKEN
ninevehsat.com | Brand: -28 | SEO: 9 | Final: -19 | Status: NOT AVAILABLE | Action: TAKEN
minebeach.com | Brand: -28 | SEO: 9 | Final: -19 | Status: NOT AVAILABLE | Action: TAKEN
justgovern.com | Brand: -28 | SEO: 9 | Final: -19 | Status: NOT AVAILABLE | Action: TAKEN
mycarinc.com | Brand: -40 | SEO: 16 | Final: -24 | Status: NOT AVAILABLE | Action: TAKEN
shopkack.com | Brand: -40 | SEO: 16 | Final: -24 | Status: NOT AVAILABLE | Action: TAKEN
aqu1024.com | Brand: -25 | SEO: 1 | Final: -24 | Status: NOT AVAILABLE | Action: TAKEN
sixrastreios.com | Brand: -38 | SEO: 5 | Final: -33 | Status: NOT AVAILABLE | Action: TAKEN
mobiliseher.com | Brand: -38 | SEO: 5 | Final: -33 | Status: NOT AVAILABLE | Action: TAKEN
igotmarkled.com | Brand: -38 | SEO: 5 | Final: -33 | Status: NOT AVAILABLE | Action: TAKEN
cabcounts.com | Brand: -64 | SEO: 9 | Final: -55 | Status: NOT AVAILABLE | Action: TAKEN
directorydart.com | Brand: -63 | SEO: 5 | Final: -58 | Status: NOT AVAILABLE | Action: TAKEN
learningfound.com | Brand: -63 | SEO: 5 | Final: -58 | Status: NOT AVAILABLE | Action: TAKEN
imaginenomore.com | Brand: -63 | SEO: 5 | Final: -58 | Status: NOT AVAILABLE | Action: TAKEN
1ghost.com | Brand: -60 | SEO: 1 | Final: -59 | Status: NOT AVAILABLE | Action: TAKEN
twshopping.com | Brand: -73 | SEO: 9 | Final: -64 | Status: NOT AVAILABLE | Action: TAKEN
connectthelove.com | Brand: -86 | SEO: 5 | Final: -81 | Status: NOT AVAILABLE | Action: TAKEN
[deleted] HTTP status: 200
[deleted] Page length: 98060
[deleted] Domains found: 25
[closeout] HTTP status: 200
[closeout] Page length: 82737
[closeout] Domains found: 25
Found 50 total candidate domains

=== BUY CANDIDATES ===
🔥 HIGH VALUE DETECTED: geniolaw.com
geniolaw.com | Brand: 92 | SEO: 29 | Final: 121 | Status: AVAILABLE | Action: BUY_CANDIDATE | Premium: NO | Reg Price: $17.29 | Renew: $17.29
🔥 HIGH VALUE DETECTED: azahabi.com
azahabi.com | Brand: 72 | SEO: 16 | Final: 88 | Status: AVAILABLE | Action: BUY_CANDIDATE | Premium: NO | Reg Price: $17.29 | Renew: $17.29

=== REVIEW MANUALLY ===
hbswui.com | Brand: 54 | SEO: 16 | Final: 70 | Status: AVAILABLE | Action: REVIEW | Premium: NO | Reg Price: $17.29 | Renew: $17.29

=== SKIP ===
goldenprintssolutions.com | Brand: 32 | SEO: 5 | Final: 37 | Status: AVAILABLE | Action: SKIP | Premium: NO | Reg Price: $17.29 | Renew: $17.29
prophetgenhance.com | Brand: 27 | SEO: 5 | Final: 32 | Status: AVAILABLE | Action: SKIP | Premium: NO | Reg Price: $17.29 | Renew: $17.29
bbo-prod.com | Brand: 20 | SEO: 1 | Final: 21 | Status: AVAILABLE | Action: SKIP | Premium: NO | Reg Price: $17.29 | Renew: $17.29
preguntitassobredios.com | Brand: 12 | SEO: 5 | Final: 17 | Status: AVAILABLE | Action: SKIP | Premium: NO | Reg Price: $17.29 | Renew: $17.29
thegoodguidesusa.com | Brand: 12 | SEO: 5 | Final: 17 | Status: AVAILABLE | Action: SKIP | Premium: NO | Reg Price: $17.29 | Renew: $17.29
yachtinteriorworks.com | Brand: 12 | SEO: 5 | Final: 17 | Status: AVAILABLE | Action: SKIP | Premium: NO | Reg Price: $17.29 | Renew: $17.29
leadershipfirstobm.com | Brand: 12 | SEO: 5 | Final: 17 | Status: AVAILABLE | Action: SKIP | Premium: NO | Reg Price: $17.29 | Renew: $17.29
charis-apparel.com | Brand: 26 | SEO: -10 | Final: 16 | Status: AVAILABLE | Action: SKIP | Premium: NO | Reg Price: $17.29 | Renew: $17.29
csf-on-time.com | Brand: 22 | SEO: -10 | Final: 12 | Status: AVAILABLE | Action: SKIP | Premium: NO | Reg Price: $17.29 | Renew: $17.29
fabsxm.com | Brand: -18 | SEO: 16 | Final: -2 | Status: AVAILABLE | Action: SKIP | Premium: NO | Reg Price: $17.29 | Renew: $17.29
nonu-designlab.com | Brand: 5 | SEO: -10 | Final: -5 | Status: AVAILABLE | Action: SKIP | Premium: NO | Reg Price: $17.29 | Renew: $17.29
agence-cerenzia.com | Brand: -3 | SEO: -10 | Final: -13 | Status: AVAILABLE | Action: SKIP | Premium: NO | Reg Price: $17.29 | Renew: $17.29
rent-n-drop-bike.com | Brand: -18 | SEO: -10 | Final: -28 | Status: AVAILABLE | Action: SKIP | Premium: NO | Reg Price: $17.29 | Renew: $17.29
1of1vacation.com | Brand: -23 | SEO: -6 | Final: -29 | Status: AVAILABLE | Action: SKIP | Premium: NO | Reg Price: $17.29 | Renew: $17.29
marcoallara.com | Brand: -38 | SEO: 5 | Final: -33 | Status: AVAILABLE | Action: SKIP | Premium: NO | Reg Price: $17.29 | Renew: $17.29
chickpeachix.com | Brand: -38 | SEO: 5 | Final: -33 | Status: AVAILABLE | Action: SKIP | Premium: NO | Reg Price: $17.29 | Renew: $17.29
rosrefurboss.com | Brand: -38 | SEO: 5 | Final: -33 | Status: AVAILABLE | Action: SKIP | Premium: NO | Reg Price: $17.29 | Renew: $17.29
chicjoieonline.com | Brand: -69 | SEO: 5 | Final: -64 | Status: AVAILABLE | Action: SKIP | Premium: NO | Reg Price: $17.29 | Renew: $17.29
trainandboardmyk9littlerock.com | Brand: -74 | SEO: 1 | Final: -73 | Status: AVAILABLE | Action: SKIP | Premium: NO | Reg Price: $17.29 | Renew: $17.29

=== TAKEN ===
esspol.com | Brand: 77 | SEO: 16 | Final: 93 | Status: NOT AVAILABLE | Action: TAKEN
weimanhome.com | Brand: 82 | SEO: 9 | Final: 91 | Status: NOT AVAILABLE | Action: TAKEN
canmore.io | Brand: 72 | SEO: 16 | Final: 88 | Status: NOT AVAILABLE | Action: TAKEN
fabulousawesome.com | Brand: 27 | SEO: 5 | Final: 32 | Status: NOT AVAILABLE | Action: TAKEN
degreesprograms.com | Brand: 27 | SEO: 5 | Final: 32 | Status: NOT AVAILABLE | Action: TAKEN
cfdsi.com | Brand: -8 | SEO: 16 | Final: 8 | Status: NOT AVAILABLE | Action: TAKEN
weekendblessings.com | Brand: -11 | SEO: 5 | Final: -6 | Status: NOT AVAILABLE | Action: TAKEN
numeratout.com | Brand: -28 | SEO: 9 | Final: -19 | Status: NOT AVAILABLE | Action: TAKEN
okglamping.com | Brand: -28 | SEO: 9 | Final: -19 | Status: NOT AVAILABLE | Action: TAKEN
tamilewis.com | Brand: -28 | SEO: 9 | Final: -19 | Status: NOT AVAILABLE | Action: TAKEN
mpostream.com | Brand: -28 | SEO: 9 | Final: -19 | Status: NOT AVAILABLE | Action: TAKEN
ninevehsat.com | Brand: -28 | SEO: 9 | Final: -19 | Status: NOT AVAILABLE | Action: TAKEN
minebeach.com | Brand: -28 | SEO: 9 | Final: -19 | Status: NOT AVAILABLE | Action: TAKEN
justgovern.com | Brand: -28 | SEO: 9 | Final: -19 | Status: NOT AVAILABLE | Action: TAKEN
mycarinc.com | Brand: -40 | SEO: 16 | Final: -24 | Status: NOT AVAILABLE | Action: TAKEN
shopkack.com | Brand: -40 | SEO: 16 | Final: -24 | Status: NOT AVAILABLE | Action: TAKEN
aqu1024.com | Brand: -25 | SEO: 1 | Final: -24 | Status: NOT AVAILABLE | Action: TAKEN
sixrastreios.com | Brand: -38 | SEO: 5 | Final: -33 | Status: NOT AVAILABLE | Action: TAKEN
faridjavadi.com | Brand: -38 | SEO: 5 | Final: -33 | Status: NOT AVAILABLE | Action: TAKEN
mobiliseher.com | Brand: -38 | SEO: 5 | Final: -33 | Status: NOT AVAILABLE | Action: TAKEN
igotmarkled.com | Brand: -38 | SEO: 5 | Final: -33 | Status: NOT AVAILABLE | Action: TAKEN
cabcounts.com | Brand: -64 | SEO: 9 | Final: -55 | Status: NOT AVAILABLE | Action: TAKEN
directorydart.com | Brand: -63 | SEO: 5 | Final: -58 | Status: NOT AVAILABLE | Action: TAKEN
learningfound.com | Brand: -63 | SEO: 5 | Final: -58 | Status: NOT AVAILABLE | Action: TAKEN
digifiduciary.com | Brand: -63 | SEO: 5 | Final: -58 | Status: NOT AVAILABLE | Action: TAKEN
1ghost.com | Brand: -60 | SEO: 1 | Final: -59 | Status: NOT AVAILABLE | Action: TAKEN
twshopping.com | Brand: -73 | SEO: 9 | Final: -64 | Status: NOT AVAILABLE | Action: TAKEN
connectthelove.com | Brand: -86 | SEO: 5 | Final: -81 | Status: NOT AVAILABLE | Action: TAKEN
[deleted] HTTP status: 200
[deleted] Page length: 98060
[deleted] Domains found: 25
[closeout] HTTP status: 200
[closeout] Page length: 82737
[closeout] Domains found: 25
Found 50 total candidate domains

=== BUY CANDIDATES ===
🔥 HIGH VALUE DETECTED: geniolaw.com
geniolaw.com | Brand: 92 | SEO: 29 | Final: 121 | Status: AVAILABLE | Action: BUY_CANDIDATE | Premium: NO | Reg Price: $17.29 | Renew: $17.29
🔥 HIGH VALUE DETECTED: azahabi.com
azahabi.com | Brand: 72 | SEO: 16 | Final: 88 | Status: AVAILABLE | Action: BUY_CANDIDATE | Premium: NO | Reg Price: $17.29 | Renew: $17.29

=== REVIEW MANUALLY ===
hbswui.com | Brand: 54 | SEO: 16 | Final: 70 | Status: AVAILABLE | Action: REVIEW | Premium: NO | Reg Price: $17.29 | Renew: $17.29

=== SKIP ===
goldenprintssolutions.com | Brand: 32 | SEO: 5 | Final: 37 | Status: AVAILABLE | Action: SKIP | Premium: NO | Reg Price: $17.29 | Renew: $17.29
prophetgenhance.com | Brand: 27 | SEO: 5 | Final: 32 | Status: AVAILABLE | Action: SKIP | Premium: NO | Reg Price: $17.29 | Renew: $17.29
bbo-prod.com | Brand: 20 | SEO: 1 | Final: 21 | Status: AVAILABLE | Action: SKIP | Premium: NO | Reg Price: $17.29 | Renew: $17.29
preguntitassobredios.com | Brand: 12 | SEO: 5 | Final: 17 | Status: AVAILABLE | Action: SKIP | Premium: NO | Reg Price: $17.29 | Renew: $17.29
thegoodguidesusa.com | Brand: 12 | SEO: 5 | Final: 17 | Status: AVAILABLE | Action: SKIP | Premium: NO | Reg Price: $17.29 | Renew: $17.29
yachtinteriorworks.com | Brand: 12 | SEO: 5 | Final: 17 | Status: AVAILABLE | Action: SKIP | Premium: NO | Reg Price: $17.29 | Renew: $17.29
leadershipfirstobm.com | Brand: 12 | SEO: 5 | Final: 17 | Status: AVAILABLE | Action: SKIP | Premium: NO | Reg Price: $17.29 | Renew: $17.29
charis-apparel.com | Brand: 26 | SEO: -10 | Final: 16 | Status: AVAILABLE | Action: SKIP | Premium: NO | Reg Price: $17.29 | Renew: $17.29
csf-on-time.com | Brand: 22 | SEO: -10 | Final: 12 | Status: AVAILABLE | Action: SKIP | Premium: NO | Reg Price: $17.29 | Renew: $17.29
fabsxm.com | Brand: -18 | SEO: 16 | Final: -2 | Status: AVAILABLE | Action: SKIP | Premium: NO | Reg Price: $17.29 | Renew: $17.29
nonu-designlab.com | Brand: 5 | SEO: -10 | Final: -5 | Status: AVAILABLE | Action: SKIP | Premium: NO | Reg Price: $17.29 | Renew: $17.29
agence-cerenzia.com | Brand: -3 | SEO: -10 | Final: -13 | Status: AVAILABLE | Action: SKIP | Premium: NO | Reg Price: $17.29 | Renew: $17.29
rent-n-drop-bike.com | Brand: -18 | SEO: -10 | Final: -28 | Status: AVAILABLE | Action: SKIP | Premium: NO | Reg Price: $17.29 | Renew: $17.29
1of1vacation.com | Brand: -23 | SEO: -6 | Final: -29 | Status: AVAILABLE | Action: SKIP | Premium: NO | Reg Price: $17.29 | Renew: $17.29
marcoallara.com | Brand: -38 | SEO: 5 | Final: -33 | Status: AVAILABLE | Action: SKIP | Premium: NO | Reg Price: $17.29 | Renew: $17.29
chickpeachix.com | Brand: -38 | SEO: 5 | Final: -33 | Status: AVAILABLE | Action: SKIP | Premium: NO | Reg Price: $17.29 | Renew: $17.29
rosrefurboss.com | Brand: -38 | SEO: 5 | Final: -33 | Status: AVAILABLE | Action: SKIP | Premium: NO | Reg Price: $17.29 | Renew: $17.29
chicjoieonline.com | Brand: -69 | SEO: 5 | Final: -64 | Status: AVAILABLE | Action: SKIP | Premium: NO | Reg Price: $17.29 | Renew: $17.29
trainandboardmyk9littlerock.com | Brand: -74 | SEO: 1 | Final: -73 | Status: AVAILABLE | Action: SKIP | Premium: NO | Reg Price: $17.29 | Renew: $17.29

=== TAKEN ===
esspol.com | Brand: 77 | SEO: 16 | Final: 93 | Status: NOT AVAILABLE | Action: TAKEN
weimanhome.com | Brand: 82 | SEO: 9 | Final: 91 | Status: NOT AVAILABLE | Action: TAKEN
canmore.io | Brand: 72 | SEO: 16 | Final: 88 | Status: NOT AVAILABLE | Action: TAKEN
fabulousawesome.com | Brand: 27 | SEO: 5 | Final: 32 | Status: NOT AVAILABLE | Action: TAKEN
degreesprograms.com | Brand: 27 | SEO: 5 | Final: 32 | Status: NOT AVAILABLE | Action: TAKEN
cfdsi.com | Brand: -8 | SEO: 16 | Final: 8 | Status: NOT AVAILABLE | Action: TAKEN
weekendblessings.com | Brand: -11 | SEO: 5 | Final: -6 | Status: NOT AVAILABLE | Action: TAKEN
numeratout.com | Brand: -28 | SEO: 9 | Final: -19 | Status: NOT AVAILABLE | Action: TAKEN
okglamping.com | Brand: -28 | SEO: 9 | Final: -19 | Status: NOT AVAILABLE | Action: TAKEN
tamilewis.com | Brand: -28 | SEO: 9 | Final: -19 | Status: NOT AVAILABLE | Action: TAKEN
mpostream.com | Brand: -28 | SEO: 9 | Final: -19 | Status: NOT AVAILABLE | Action: TAKEN
ninevehsat.com | Brand: -28 | SEO: 9 | Final: -19 | Status: NOT AVAILABLE | Action: TAKEN
minebeach.com | Brand: -28 | SEO: 9 | Final: -19 | Status: NOT AVAILABLE | Action: TAKEN
justgovern.com | Brand: -28 | SEO: 9 | Final: -19 | Status: NOT AVAILABLE | Action: TAKEN
mycarinc.com | Brand: -40 | SEO: 16 | Final: -24 | Status: NOT AVAILABLE | Action: TAKEN
shopkack.com | Brand: -40 | SEO: 16 | Final: -24 | Status: NOT AVAILABLE | Action: TAKEN
aqu1024.com | Brand: -25 | SEO: 1 | Final: -24 | Status: NOT AVAILABLE | Action: TAKEN
sixrastreios.com | Brand: -38 | SEO: 5 | Final: -33 | Status: NOT AVAILABLE | Action: TAKEN
faridjavadi.com | Brand: -38 | SEO: 5 | Final: -33 | Status: NOT AVAILABLE | Action: TAKEN
mobiliseher.com | Brand: -38 | SEO: 5 | Final: -33 | Status: NOT AVAILABLE | Action: TAKEN
igotmarkled.com | Brand: -38 | SEO: 5 | Final: -33 | Status: NOT AVAILABLE | Action: TAKEN
cabcounts.com | Brand: -64 | SEO: 9 | Final: -55 | Status: NOT AVAILABLE | Action: TAKEN
directorydart.com | Brand: -63 | SEO: 5 | Final: -58 | Status: NOT AVAILABLE | Action: TAKEN
learningfound.com | Brand: -63 | SEO: 5 | Final: -58 | Status: NOT AVAILABLE | Action: TAKEN
digifiduciary.com | Brand: -63 | SEO: 5 | Final: -58 | Status: NOT AVAILABLE | Action: TAKEN
1ghost.com | Brand: -60 | SEO: 1 | Final: -59 | Status: NOT AVAILABLE | Action: TAKEN
twshopping.com | Brand: -73 | SEO: 9 | Final: -64 | Status: NOT AVAILABLE | Action: TAKEN
connectthelove.com | Brand: -86 | SEO: 5 | Final: -81 | Status: NOT AVAILABLE | Action: TAKEN
[deleted] HTTP status: 200
[deleted] Page length: 98060
[deleted] Domains found: 25
[closeout] HTTP status: 200
[closeout] Page length: 82737
[closeout] Domains found: 25
Found 50 total candidate domains

=== BUY CANDIDATES ===
🔥 HIGH VALUE DETECTED: geniolaw.com
geniolaw.com | Brand: 92 | SEO: 29 | Final: 121 | Status: AVAILABLE | Action: BUY_CANDIDATE | Premium: NO | Reg Price: $17.29 | Renew: $17.29
🔥 HIGH VALUE DETECTED: azahabi.com
azahabi.com | Brand: 72 | SEO: 16 | Final: 88 | Status: AVAILABLE | Action: BUY_CANDIDATE | Premium: NO | Reg Price: $17.29 | Renew: $17.29

=== REVIEW MANUALLY ===
hbswui.com | Brand: 54 | SEO: 16 | Final: 70 | Status: AVAILABLE | Action: REVIEW | Premium: NO | Reg Price: $17.29 | Renew: $17.29

=== SKIP ===
goldenprintssolutions.com | Brand: 32 | SEO: 5 | Final: 37 | Status: AVAILABLE | Action: SKIP | Premium: NO | Reg Price: $17.29 | Renew: $17.29
prophetgenhance.com | Brand: 27 | SEO: 5 | Final: 32 | Status: AVAILABLE | Action: SKIP | Premium: NO | Reg Price: $17.29 | Renew: $17.29
bbo-prod.com | Brand: 20 | SEO: 1 | Final: 21 | Status: AVAILABLE | Action: SKIP | Premium: NO | Reg Price: $17.29 | Renew: $17.29
preguntitassobredios.com | Brand: 12 | SEO: 5 | Final: 17 | Status: AVAILABLE | Action: SKIP | Premium: NO | Reg Price: $17.29 | Renew: $17.29
thegoodguidesusa.com | Brand: 12 | SEO: 5 | Final: 17 | Status: AVAILABLE | Action: SKIP | Premium: NO | Reg Price: $17.29 | Renew: $17.29
yachtinteriorworks.com | Brand: 12 | SEO: 5 | Final: 17 | Status: AVAILABLE | Action: SKIP | Premium: NO | Reg Price: $17.29 | Renew: $17.29
leadershipfirstobm.com | Brand: 12 | SEO: 5 | Final: 17 | Status: AVAILABLE | Action: SKIP | Premium: NO | Reg Price: $17.29 | Renew: $17.29
charis-apparel.com | Brand: 26 | SEO: -10 | Final: 16 | Status: AVAILABLE | Action: SKIP | Premium: NO | Reg Price: $17.29 | Renew: $17.29
csf-on-time.com | Brand: 22 | SEO: -10 | Final: 12 | Status: AVAILABLE | Action: SKIP | Premium: NO | Reg Price: $17.29 | Renew: $17.29
fabsxm.com | Brand: -18 | SEO: 16 | Final: -2 | Status: AVAILABLE | Action: SKIP | Premium: NO | Reg Price: $17.29 | Renew: $17.29
nonu-designlab.com | Brand: 5 | SEO: -10 | Final: -5 | Status: AVAILABLE | Action: SKIP | Premium: NO | Reg Price: $17.29 | Renew: $17.29
agence-cerenzia.com | Brand: -3 | SEO: -10 | Final: -13 | Status: AVAILABLE | Action: SKIP | Premium: NO | Reg Price: $17.29 | Renew: $17.29
rent-n-drop-bike.com | Brand: -18 | SEO: -10 | Final: -28 | Status: AVAILABLE | Action: SKIP | Premium: NO | Reg Price: $17.29 | Renew: $17.29
1of1vacation.com | Brand: -23 | SEO: -6 | Final: -29 | Status: AVAILABLE | Action: SKIP | Premium: NO | Reg Price: $17.29 | Renew: $17.29
marcoallara.com | Brand: -38 | SEO: 5 | Final: -33 | Status: AVAILABLE | Action: SKIP | Premium: NO | Reg Price: $17.29 | Renew: $17.29
chickpeachix.com | Brand: -38 | SEO: 5 | Final: -33 | Status: AVAILABLE | Action: SKIP | Premium: NO | Reg Price: $17.29 | Renew: $17.29
rosrefurboss.com | Brand: -38 | SEO: 5 | Final: -33 | Status: AVAILABLE | Action: SKIP | Premium: NO | Reg Price: $17.29 | Renew: $17.29
chicjoieonline.com | Brand: -69 | SEO: 5 | Final: -64 | Status: AVAILABLE | Action: SKIP | Premium: NO | Reg Price: $17.29 | Renew: $17.29
trainandboardmyk9littlerock.com | Brand: -74 | SEO: 1 | Final: -73 | Status: AVAILABLE | Action: SKIP | Premium: NO | Reg Price: $17.29 | Renew: $17.29

=== TAKEN ===
esspol.com | Brand: 77 | SEO: 16 | Final: 93 | Status: NOT AVAILABLE | Action: TAKEN
weimanhome.com | Brand: 82 | SEO: 9 | Final: 91 | Status: NOT AVAILABLE | Action: TAKEN
canmore.io | Brand: 72 | SEO: 16 | Final: 88 | Status: NOT AVAILABLE | Action: TAKEN
fabulousawesome.com | Brand: 27 | SEO: 5 | Final: 32 | Status: NOT AVAILABLE | Action: TAKEN
degreesprograms.com | Brand: 27 | SEO: 5 | Final: 32 | Status: NOT AVAILABLE | Action: TAKEN
cfdsi.com | Brand: -8 | SEO: 16 | Final: 8 | Status: NOT AVAILABLE | Action: TAKEN
weekendblessings.com | Brand: -11 | SEO: 5 | Final: -6 | Status: NOT AVAILABLE | Action: TAKEN
numeratout.com | Brand: -28 | SEO: 9 | Final: -19 | Status: NOT AVAILABLE | Action: TAKEN
okglamping.com | Brand: -28 | SEO: 9 | Final: -19 | Status: NOT AVAILABLE | Action: TAKEN
tamilewis.com | Brand: -28 | SEO: 9 | Final: -19 | Status: NOT AVAILABLE | Action: TAKEN
mpostream.com | Brand: -28 | SEO: 9 | Final: -19 | Status: NOT AVAILABLE | Action: TAKEN
ninevehsat.com | Brand: -28 | SEO: 9 | Final: -19 | Status: NOT AVAILABLE | Action: TAKEN
minebeach.com | Brand: -28 | SEO: 9 | Final: -19 | Status: NOT AVAILABLE | Action: TAKEN
justgovern.com | Brand: -28 | SEO: 9 | Final: -19 | Status: NOT AVAILABLE | Action: TAKEN
mycarinc.com | Brand: -40 | SEO: 16 | Final: -24 | Status: NOT AVAILABLE | Action: TAKEN
shopkack.com | Brand: -40 | SEO: 16 | Final: -24 | Status: NOT AVAILABLE | Action: TAKEN
aqu1024.com | Brand: -25 | SEO: 1 | Final: -24 | Status: NOT AVAILABLE | Action: TAKEN
sixrastreios.com | Brand: -38 | SEO: 5 | Final: -33 | Status: NOT AVAILABLE | Action: TAKEN
faridjavadi.com | Brand: -38 | SEO: 5 | Final: -33 | Status: NOT AVAILABLE | Action: TAKEN
mobiliseher.com | Brand: -38 | SEO: 5 | Final: -33 | Status: NOT AVAILABLE | Action: TAKEN
igotmarkled.com | Brand: -38 | SEO: 5 | Final: -33 | Status: NOT AVAILABLE | Action: TAKEN
cabcounts.com | Brand: -64 | SEO: 9 | Final: -55 | Status: NOT AVAILABLE | Action: TAKEN
directorydart.com | Brand: -63 | SEO: 5 | Final: -58 | Status: NOT AVAILABLE | Action: TAKEN
learningfound.com | Brand: -63 | SEO: 5 | Final: -58 | Status: NOT AVAILABLE | Action: TAKEN
digifiduciary.com | Brand: -63 | SEO: 5 | Final: -58 | Status: NOT AVAILABLE | Action: TAKEN
1ghost.com | Brand: -60 | SEO: 1 | Final: -59 | Status: NOT AVAILABLE | Action: TAKEN
twshopping.com | Brand: -73 | SEO: 9 | Final: -64 | Status: NOT AVAILABLE | Action: TAKEN
connectthelove.com | Brand: -86 | SEO: 5 | Final: -81 | Status: NOT AVAILABLE | Action: TAKEN
[deleted] HTTP status: 200
[deleted] Page length: 97932
[deleted] Domains found: 25
[closeout] HTTP status: 200
[closeout] Page length: 82737
[closeout] Domains found: 25
Found 50 total candidate domains

=== BUY CANDIDATES ===
🔥 HIGH VALUE DETECTED: geniolaw.com
geniolaw.com | Brand: 92 | SEO: 29 | Final: 121 | Status: AVAILABLE | Action: BUY_CANDIDATE | Premium: NO | Reg Price: $17.29 | Renew: $17.29
🔥 HIGH VALUE DETECTED: azahabi.com
azahabi.com | Brand: 72 | SEO: 16 | Final: 88 | Status: AVAILABLE | Action: BUY_CANDIDATE | Premium: NO | Reg Price: $17.29 | Renew: $17.29

=== REVIEW MANUALLY ===
hbswui.com | Brand: 54 | SEO: 16 | Final: 70 | Status: AVAILABLE | Action: REVIEW | Premium: NO | Reg Price: $17.29 | Renew: $17.29

=== SKIP ===
goldenprintssolutions.com | Brand: 32 | SEO: 5 | Final: 37 | Status: AVAILABLE | Action: SKIP | Premium: NO | Reg Price: $17.29 | Renew: $17.29
prophetgenhance.com | Brand: 27 | SEO: 5 | Final: 32 | Status: AVAILABLE | Action: SKIP | Premium: NO | Reg Price: $17.29 | Renew: $17.29
bbo-prod.com | Brand: 20 | SEO: 1 | Final: 21 | Status: AVAILABLE | Action: SKIP | Premium: NO | Reg Price: $17.29 | Renew: $17.29
preguntitassobredios.com | Brand: 12 | SEO: 5 | Final: 17 | Status: AVAILABLE | Action: SKIP | Premium: NO | Reg Price: $17.29 | Renew: $17.29
thegoodguidesusa.com | Brand: 12 | SEO: 5 | Final: 17 | Status: AVAILABLE | Action: SKIP | Premium: NO | Reg Price: $17.29 | Renew: $17.29
yachtinteriorworks.com | Brand: 12 | SEO: 5 | Final: 17 | Status: AVAILABLE | Action: SKIP | Premium: NO | Reg Price: $17.29 | Renew: $17.29
charis-apparel.com | Brand: 26 | SEO: -10 | Final: 16 | Status: AVAILABLE | Action: SKIP | Premium: NO | Reg Price: $17.29 | Renew: $17.29
csf-on-time.com | Brand: 22 | SEO: -10 | Final: 12 | Status: AVAILABLE | Action: SKIP | Premium: NO | Reg Price: $17.29 | Renew: $17.29
fabsxm.com | Brand: -18 | SEO: 16 | Final: -2 | Status: AVAILABLE | Action: SKIP | Premium: NO | Reg Price: $17.29 | Renew: $17.29
nonu-designlab.com | Brand: 5 | SEO: -10 | Final: -5 | Status: AVAILABLE | Action: SKIP | Premium: NO | Reg Price: $17.29 | Renew: $17.29
agence-cerenzia.com | Brand: -3 | SEO: -10 | Final: -13 | Status: AVAILABLE | Action: SKIP | Premium: NO | Reg Price: $17.29 | Renew: $17.29
rent-n-drop-bike.com | Brand: -18 | SEO: -10 | Final: -28 | Status: AVAILABLE | Action: SKIP | Premium: NO | Reg Price: $17.29 | Renew: $17.29
1of1vacation.com | Brand: -23 | SEO: -6 | Final: -29 | Status: AVAILABLE | Action: SKIP | Premium: NO | Reg Price: $17.29 | Renew: $17.29
chickpeachix.com | Brand: -38 | SEO: 5 | Final: -33 | Status: AVAILABLE | Action: SKIP | Premium: NO | Reg Price: $17.29 | Renew: $17.29
rosrefurboss.com | Brand: -38 | SEO: 5 | Final: -33 | Status: AVAILABLE | Action: SKIP | Premium: NO | Reg Price: $17.29 | Renew: $17.29
chicjoieonline.com | Brand: -69 | SEO: 5 | Final: -64 | Status: AVAILABLE | Action: SKIP | Premium: NO | Reg Price: $17.29 | Renew: $17.29
trainandboardmyk9littlerock.com | Brand: -74 | SEO: 1 | Final: -73 | Status: AVAILABLE | Action: SKIP | Premium: NO | Reg Price: $17.29 | Renew: $17.29

=== TAKEN ===
esspol.com | Brand: 77 | SEO: 16 | Final: 93 | Status: NOT AVAILABLE | Action: TAKEN
weimanhome.com | Brand: 82 | SEO: 9 | Final: 91 | Status: NOT AVAILABLE | Action: TAKEN
canmore.io | Brand: 72 | SEO: 16 | Final: 88 | Status: NOT AVAILABLE | Action: TAKEN
fabulousawesome.com | Brand: 27 | SEO: 5 | Final: 32 | Status: NOT AVAILABLE | Action: TAKEN
degreesprograms.com | Brand: 27 | SEO: 5 | Final: 32 | Status: NOT AVAILABLE | Action: TAKEN
leadershipfirstobm.com | Brand: 12 | SEO: 5 | Final: 17 | Status: NOT AVAILABLE | Action: TAKEN
cfdsi.com | Brand: -8 | SEO: 16 | Final: 8 | Status: NOT AVAILABLE | Action: TAKEN
weekendblessings.com | Brand: -11 | SEO: 5 | Final: -6 | Status: NOT AVAILABLE | Action: TAKEN
numeratout.com | Brand: -28 | SEO: 9 | Final: -19 | Status: NOT AVAILABLE | Action: TAKEN
okglamping.com | Brand: -28 | SEO: 9 | Final: -19 | Status: NOT AVAILABLE | Action: TAKEN
tamilewis.com | Brand: -28 | SEO: 9 | Final: -19 | Status: NOT AVAILABLE | Action: TAKEN
mpostream.com | Brand: -28 | SEO: 9 | Final: -19 | Status: NOT AVAILABLE | Action: TAKEN
ninevehsat.com | Brand: -28 | SEO: 9 | Final: -19 | Status: NOT AVAILABLE | Action: TAKEN
minebeach.com | Brand: -28 | SEO: 9 | Final: -19 | Status: NOT AVAILABLE | Action: TAKEN
justgovern.com | Brand: -28 | SEO: 9 | Final: -19 | Status: NOT AVAILABLE | Action: TAKEN
mycarinc.com | Brand: -40 | SEO: 16 | Final: -24 | Status: NOT AVAILABLE | Action: TAKEN
shopkack.com | Brand: -40 | SEO: 16 | Final: -24 | Status: NOT AVAILABLE | Action: TAKEN
aqu1024.com | Brand: -25 | SEO: 1 | Final: -24 | Status: NOT AVAILABLE | Action: TAKEN
sixrastreios.com | Brand: -38 | SEO: 5 | Final: -33 | Status: NOT AVAILABLE | Action: TAKEN
marcoallara.com | Brand: -38 | SEO: 5 | Final: -33 | Status: NOT AVAILABLE | Action: TAKEN
faridjavadi.com | Brand: -38 | SEO: 5 | Final: -33 | Status: NOT AVAILABLE | Action: TAKEN
mobiliseher.com | Brand: -38 | SEO: 5 | Final: -33 | Status: NOT AVAILABLE | Action: TAKEN
igotmarkled.com | Brand: -38 | SEO: 5 | Final: -33 | Status: NOT AVAILABLE | Action: TAKEN
cabcounts.com | Brand: -64 | SEO: 9 | Final: -55 | Status: NOT AVAILABLE | Action: TAKEN
directorydart.com | Brand: -63 | SEO: 5 | Final: -58 | Status: NOT AVAILABLE | Action: TAKEN
learningfound.com | Brand: -63 | SEO: 5 | Final: -58 | Status: NOT AVAILABLE | Action: TAKEN
digifiduciary.com | Brand: -63 | SEO: 5 | Final: -58 | Status: NOT AVAILABLE | Action: TAKEN
1ghost.com | Brand: -60 | SEO: 1 | Final: -59 | Status: NOT AVAILABLE | Action: TAKEN
twshopping.com | Brand: -73 | SEO: 9 | Final: -64 | Status: NOT AVAILABLE | Action: TAKEN
connectthelove.com | Brand: -86 | SEO: 5 | Final: -81 | Status: NOT AVAILABLE | Action: TAKEN
[deleted] HTTP status: 200
[deleted] Page length: 97932
[deleted] Domains found: 25
[closeout] HTTP status: 200
[closeout] Page length: 82737
[closeout] Domains found: 25
Found 50 total candidate domains

=== BUY CANDIDATES ===
🔥 HIGH VALUE DETECTED: geniolaw.com
geniolaw.com | Brand: 92 | SEO: 29 | Final: 121 | Status: AVAILABLE | Action: BUY_CANDIDATE | Premium: NO | Reg Price: $17.29 | Renew: $17.29
🔥 HIGH VALUE DETECTED: azahabi.com
azahabi.com | Brand: 72 | SEO: 16 | Final: 88 | Status: AVAILABLE | Action: BUY_CANDIDATE | Premium: NO | Reg Price: $17.29 | Renew: $17.29

=== REVIEW MANUALLY ===
hbswui.com | Brand: 54 | SEO: 16 | Final: 70 | Status: AVAILABLE | Action: REVIEW | Premium: NO | Reg Price: $17.29 | Renew: $17.29

=== SKIP ===
goldenprintssolutions.com | Brand: 32 | SEO: 5 | Final: 37 | Status: AVAILABLE | Action: SKIP | Premium: NO | Reg Price: $17.29 | Renew: $17.29
prophetgenhance.com | Brand: 27 | SEO: 5 | Final: 32 | Status: AVAILABLE | Action: SKIP | Premium: NO | Reg Price: $17.29 | Renew: $17.29
bbo-prod.com | Brand: 20 | SEO: 1 | Final: 21 | Status: AVAILABLE | Action: SKIP | Premium: NO | Reg Price: $17.29 | Renew: $17.29
preguntitassobredios.com | Brand: 12 | SEO: 5 | Final: 17 | Status: AVAILABLE | Action: SKIP | Premium: NO | Reg Price: $17.29 | Renew: $17.29
thegoodguidesusa.com | Brand: 12 | SEO: 5 | Final: 17 | Status: AVAILABLE | Action: SKIP | Premium: NO | Reg Price: $17.29 | Renew: $17.29
yachtinteriorworks.com | Brand: 12 | SEO: 5 | Final: 17 | Status: AVAILABLE | Action: SKIP | Premium: NO | Reg Price: $17.29 | Renew: $17.29
charis-apparel.com | Brand: 26 | SEO: -10 | Final: 16 | Status: AVAILABLE | Action: SKIP | Premium: NO | Reg Price: $17.29 | Renew: $17.29
csf-on-time.com | Brand: 22 | SEO: -10 | Final: 12 | Status: AVAILABLE | Action: SKIP | Premium: NO | Reg Price: $17.29 | Renew: $17.29
fabsxm.com | Brand: -18 | SEO: 16 | Final: -2 | Status: AVAILABLE | Action: SKIP | Premium: NO | Reg Price: $17.29 | Renew: $17.29
nonu-designlab.com | Brand: 5 | SEO: -10 | Final: -5 | Status: AVAILABLE | Action: SKIP | Premium: NO | Reg Price: $17.29 | Renew: $17.29
agence-cerenzia.com | Brand: -3 | SEO: -10 | Final: -13 | Status: AVAILABLE | Action: SKIP | Premium: NO | Reg Price: $17.29 | Renew: $17.29
rent-n-drop-bike.com | Brand: -18 | SEO: -10 | Final: -28 | Status: AVAILABLE | Action: SKIP | Premium: NO | Reg Price: $17.29 | Renew: $17.29
1of1vacation.com | Brand: -23 | SEO: -6 | Final: -29 | Status: AVAILABLE | Action: SKIP | Premium: NO | Reg Price: $17.29 | Renew: $17.29
chickpeachix.com | Brand: -38 | SEO: 5 | Final: -33 | Status: AVAILABLE | Action: SKIP | Premium: NO | Reg Price: $17.29 | Renew: $17.29
rosrefurboss.com | Brand: -38 | SEO: 5 | Final: -33 | Status: AVAILABLE | Action: SKIP | Premium: NO | Reg Price: $17.29 | Renew: $17.29
chicjoieonline.com | Brand: -69 | SEO: 5 | Final: -64 | Status: AVAILABLE | Action: SKIP | Premium: NO | Reg Price: $17.29 | Renew: $17.29
trainandboardmyk9littlerock.com | Brand: -74 | SEO: 1 | Final: -73 | Status: AVAILABLE | Action: SKIP | Premium: NO | Reg Price: $17.29 | Renew: $17.29

=== TAKEN ===
esspol.com | Brand: 77 | SEO: 16 | Final: 93 | Status: NOT AVAILABLE | Action: TAKEN
weimanhome.com | Brand: 82 | SEO: 9 | Final: 91 | Status: NOT AVAILABLE | Action: TAKEN
canmore.io | Brand: 72 | SEO: 16 | Final: 88 | Status: NOT AVAILABLE | Action: TAKEN
fabulousawesome.com | Brand: 27 | SEO: 5 | Final: 32 | Status: NOT AVAILABLE | Action: TAKEN
degreesprograms.com | Brand: 27 | SEO: 5 | Final: 32 | Status: NOT AVAILABLE | Action: TAKEN
leadershipfirstobm.com | Brand: 12 | SEO: 5 | Final: 17 | Status: NOT AVAILABLE | Action: TAKEN
cfdsi.com | Brand: -8 | SEO: 16 | Final: 8 | Status: NOT AVAILABLE | Action: TAKEN
weekendblessings.com | Brand: -11 | SEO: 5 | Final: -6 | Status: NOT AVAILABLE | Action: TAKEN
numeratout.com | Brand: -28 | SEO: 9 | Final: -19 | Status: NOT AVAILABLE | Action: TAKEN
okglamping.com | Brand: -28 | SEO: 9 | Final: -19 | Status: NOT AVAILABLE | Action: TAKEN
tamilewis.com | Brand: -28 | SEO: 9 | Final: -19 | Status: NOT AVAILABLE | Action: TAKEN
mpostream.com | Brand: -28 | SEO: 9 | Final: -19 | Status: NOT AVAILABLE | Action: TAKEN
ninevehsat.com | Brand: -28 | SEO: 9 | Final: -19 | Status: NOT AVAILABLE | Action: TAKEN
minebeach.com | Brand: -28 | SEO: 9 | Final: -19 | Status: NOT AVAILABLE | Action: TAKEN
justgovern.com | Brand: -28 | SEO: 9 | Final: -19 | Status: NOT AVAILABLE | Action: TAKEN
mycarinc.com | Brand: -40 | SEO: 16 | Final: -24 | Status: NOT AVAILABLE | Action: TAKEN
shopkack.com | Brand: -40 | SEO: 16 | Final: -24 | Status: NOT AVAILABLE | Action: TAKEN
aqu1024.com | Brand: -25 | SEO: 1 | Final: -24 | Status: NOT AVAILABLE | Action: TAKEN
sixrastreios.com | Brand: -38 | SEO: 5 | Final: -33 | Status: NOT AVAILABLE | Action: TAKEN
marcoallara.com | Brand: -38 | SEO: 5 | Final: -33 | Status: NOT AVAILABLE | Action: TAKEN
faridjavadi.com | Brand: -38 | SEO: 5 | Final: -33 | Status: NOT AVAILABLE | Action: TAKEN
mobiliseher.com | Brand: -38 | SEO: 5 | Final: -33 | Status: NOT AVAILABLE | Action: TAKEN
igotmarkled.com | Brand: -38 | SEO: 5 | Final: -33 | Status: NOT AVAILABLE | Action: TAKEN
cabcounts.com | Brand: -64 | SEO: 9 | Final: -55 | Status: NOT AVAILABLE | Action: TAKEN
directorydart.com | Brand: -63 | SEO: 5 | Final: -58 | Status: NOT AVAILABLE | Action: TAKEN
learningfound.com | Brand: -63 | SEO: 5 | Final: -58 | Status: NOT AVAILABLE | Action: TAKEN
digifiduciary.com | Brand: -63 | SEO: 5 | Final: -58 | Status: NOT AVAILABLE | Action: TAKEN
1ghost.com | Brand: -60 | SEO: 1 | Final: -59 | Status: NOT AVAILABLE | Action: TAKEN
twshopping.com | Brand: -73 | SEO: 9 | Final: -64 | Status: NOT AVAILABLE | Action: TAKEN
connectthelove.com | Brand: -86 | SEO: 5 | Final: -81 | Status: NOT AVAILABLE | Action: TAKEN
[deleted] HTTP status: 200
[deleted] Page length: 97932
[deleted] Domains found: 25
[closeout] HTTP status: 200
[closeout] Page length: 82737
[closeout] Domains found: 25
Found 50 total candidate domains

=== BUY CANDIDATES ===
🔥 HIGH VALUE DETECTED: geniolaw.com
geniolaw.com | Brand: 92 | SEO: 29 | Final: 121 | Status: AVAILABLE | Action: BUY_CANDIDATE | Premium: NO | Reg Price: $17.29 | Renew: $17.29
🔥 HIGH VALUE DETECTED: azahabi.com
azahabi.com | Brand: 72 | SEO: 16 | Final: 88 | Status: AVAILABLE | Action: BUY_CANDIDATE | Premium: NO | Reg Price: $17.29 | Renew: $17.29

=== REVIEW MANUALLY ===
hbswui.com | Brand: 54 | SEO: 16 | Final: 70 | Status: AVAILABLE | Action: REVIEW | Premium: NO | Reg Price: $17.29 | Renew: $17.29

=== SKIP ===
goldenprintssolutions.com | Brand: 32 | SEO: 5 | Final: 37 | Status: AVAILABLE | Action: SKIP | Premium: NO | Reg Price: $17.29 | Renew: $17.29
prophetgenhance.com | Brand: 27 | SEO: 5 | Final: 32 | Status: AVAILABLE | Action: SKIP | Premium: NO | Reg Price: $17.29 | Renew: $17.29
bbo-prod.com | Brand: 20 | SEO: 1 | Final: 21 | Status: AVAILABLE | Action: SKIP | Premium: NO | Reg Price: $17.29 | Renew: $17.29
preguntitassobredios.com | Brand: 12 | SEO: 5 | Final: 17 | Status: AVAILABLE | Action: SKIP | Premium: NO | Reg Price: $17.29 | Renew: $17.29
thegoodguidesusa.com | Brand: 12 | SEO: 5 | Final: 17 | Status: AVAILABLE | Action: SKIP | Premium: NO | Reg Price: $17.29 | Renew: $17.29
yachtinteriorworks.com | Brand: 12 | SEO: 5 | Final: 17 | Status: AVAILABLE | Action: SKIP | Premium: NO | Reg Price: $17.29 | Renew: $17.29
charis-apparel.com | Brand: 26 | SEO: -10 | Final: 16 | Status: AVAILABLE | Action: SKIP | Premium: NO | Reg Price: $17.29 | Renew: $17.29
csf-on-time.com | Brand: 22 | SEO: -10 | Final: 12 | Status: AVAILABLE | Action: SKIP | Premium: NO | Reg Price: $17.29 | Renew: $17.29
fabsxm.com | Brand: -18 | SEO: 16 | Final: -2 | Status: AVAILABLE | Action: SKIP | Premium: NO | Reg Price: $17.29 | Renew: $17.29
nonu-designlab.com | Brand: 5 | SEO: -10 | Final: -5 | Status: AVAILABLE | Action: SKIP | Premium: NO | Reg Price: $17.29 | Renew: $17.29
agence-cerenzia.com | Brand: -3 | SEO: -10 | Final: -13 | Status: AVAILABLE | Action: SKIP | Premium: NO | Reg Price: $17.29 | Renew: $17.29
rent-n-drop-bike.com | Brand: -18 | SEO: -10 | Final: -28 | Status: AVAILABLE | Action: SKIP | Premium: NO | Reg Price: $17.29 | Renew: $17.29
1of1vacation.com | Brand: -23 | SEO: -6 | Final: -29 | Status: AVAILABLE | Action: SKIP | Premium: NO | Reg Price: $17.29 | Renew: $17.29
chickpeachix.com | Brand: -38 | SEO: 5 | Final: -33 | Status: AVAILABLE | Action: SKIP | Premium: NO | Reg Price: $17.29 | Renew: $17.29
rosrefurboss.com | Brand: -38 | SEO: 5 | Final: -33 | Status: AVAILABLE | Action: SKIP | Premium: NO | Reg Price: $17.29 | Renew: $17.29
chicjoieonline.com | Brand: -69 | SEO: 5 | Final: -64 | Status: AVAILABLE | Action: SKIP | Premium: NO | Reg Price: $17.29 | Renew: $17.29
trainandboardmyk9littlerock.com | Brand: -74 | SEO: 1 | Final: -73 | Status: AVAILABLE | Action: SKIP | Premium: NO | Reg Price: $17.29 | Renew: $17.29

=== TAKEN ===
esspol.com | Brand: 77 | SEO: 16 | Final: 93 | Status: NOT AVAILABLE | Action: TAKEN
weimanhome.com | Brand: 82 | SEO: 9 | Final: 91 | Status: NOT AVAILABLE | Action: TAKEN
canmore.io | Brand: 72 | SEO: 16 | Final: 88 | Status: NOT AVAILABLE | Action: TAKEN
fabulousawesome.com | Brand: 27 | SEO: 5 | Final: 32 | Status: NOT AVAILABLE | Action: TAKEN
degreesprograms.com | Brand: 27 | SEO: 5 | Final: 32 | Status: NOT AVAILABLE | Action: TAKEN
leadershipfirstobm.com | Brand: 12 | SEO: 5 | Final: 17 | Status: NOT AVAILABLE | Action: TAKEN
cfdsi.com | Brand: -8 | SEO: 16 | Final: 8 | Status: NOT AVAILABLE | Action: TAKEN
weekendblessings.com | Brand: -11 | SEO: 5 | Final: -6 | Status: NOT AVAILABLE | Action: TAKEN
numeratout.com | Brand: -28 | SEO: 9 | Final: -19 | Status: NOT AVAILABLE | Action: TAKEN
okglamping.com | Brand: -28 | SEO: 9 | Final: -19 | Status: NOT AVAILABLE | Action: TAKEN
tamilewis.com | Brand: -28 | SEO: 9 | Final: -19 | Status: NOT AVAILABLE | Action: TAKEN
mpostream.com | Brand: -28 | SEO: 9 | Final: -19 | Status: NOT AVAILABLE | Action: TAKEN
ninevehsat.com | Brand: -28 | SEO: 9 | Final: -19 | Status: NOT AVAILABLE | Action: TAKEN
minebeach.com | Brand: -28 | SEO: 9 | Final: -19 | Status: NOT AVAILABLE | Action: TAKEN
justgovern.com | Brand: -28 | SEO: 9 | Final: -19 | Status: NOT AVAILABLE | Action: TAKEN
mycarinc.com | Brand: -40 | SEO: 16 | Final: -24 | Status: NOT AVAILABLE | Action: TAKEN
shopkack.com | Brand: -40 | SEO: 16 | Final: -24 | Status: NOT AVAILABLE | Action: TAKEN
aqu1024.com | Brand: -25 | SEO: 1 | Final: -24 | Status: NOT AVAILABLE | Action: TAKEN
sixrastreios.com | Brand: -38 | SEO: 5 | Final: -33 | Status: NOT AVAILABLE | Action: TAKEN
marcoallara.com | Brand: -38 | SEO: 5 | Final: -33 | Status: NOT AVAILABLE | Action: TAKEN
faridjavadi.com | Brand: -38 | SEO: 5 | Final: -33 | Status: NOT AVAILABLE | Action: TAKEN
mobiliseher.com | Brand: -38 | SEO: 5 | Final: -33 | Status: NOT AVAILABLE | Action: TAKEN
igotmarkled.com | Brand: -38 | SEO: 5 | Final: -33 | Status: NOT AVAILABLE | Action: TAKEN
cabcounts.com | Brand: -64 | SEO: 9 | Final: -55 | Status: NOT AVAILABLE | Action: TAKEN
directorydart.com | Brand: -63 | SEO: 5 | Final: -58 | Status: NOT AVAILABLE | Action: TAKEN
learningfound.com | Brand: -63 | SEO: 5 | Final: -58 | Status: NOT AVAILABLE | Action: TAKEN
digifiduciary.com | Brand: -63 | SEO: 5 | Final: -58 | Status: NOT AVAILABLE | Action: TAKEN
1ghost.com | Brand: -60 | SEO: 1 | Final: -59 | Status: NOT AVAILABLE | Action: TAKEN
twshopping.com | Brand: -73 | SEO: 9 | Final: -64 | Status: NOT AVAILABLE | Action: TAKEN
connectthelove.com | Brand: -86 | SEO: 5 | Final: -81 | Status: NOT AVAILABLE | Action: TAKEN
[deleted] HTTP status: 200
[deleted] Page length: 97932
[deleted] Domains found: 25
[closeout] HTTP status: 200
[closeout] Page length: 82697
[closeout] Domains found: 25
Found 50 total candidate domains

=== BUY CANDIDATES ===

=== REVIEW MANUALLY ===
hbswui.com | Brand: 54 | SEO: 16 | Final: 70 | Status: AVAILABLE | Action: REVIEW | Premium: NO | Reg Price: $17.29 | Renew: $17.29

=== SKIP ===
goldenprintssolutions.com | Brand: 32 | SEO: 5 | Final: 37 | Status: AVAILABLE | Action: SKIP | Premium: NO | Reg Price: $17.29 | Renew: $17.29
prophetgenhance.com | Brand: 27 | SEO: 5 | Final: 32 | Status: AVAILABLE | Action: SKIP | Premium: NO | Reg Price: $17.29 | Renew: $17.29
bbo-prod.com | Brand: 20 | SEO: 1 | Final: 21 | Status: AVAILABLE | Action: SKIP | Premium: NO | Reg Price: $17.29 | Renew: $17.29
thegoodguidesusa.com | Brand: 12 | SEO: 5 | Final: 17 | Status: AVAILABLE | Action: SKIP | Premium: NO | Reg Price: $17.29 | Renew: $17.29
yachtinteriorworks.com | Brand: 12 | SEO: 5 | Final: 17 | Status: AVAILABLE | Action: SKIP | Premium: NO | Reg Price: $17.29 | Renew: $17.29
charis-apparel.com | Brand: 26 | SEO: -10 | Final: 16 | Status: AVAILABLE | Action: SKIP | Premium: NO | Reg Price: $17.29 | Renew: $17.29
csf-on-time.com | Brand: 22 | SEO: -10 | Final: 12 | Status: AVAILABLE | Action: SKIP | Premium: NO | Reg Price: $17.29 | Renew: $17.29
fabsxm.com | Brand: -18 | SEO: 16 | Final: -2 | Status: AVAILABLE | Action: SKIP | Premium: NO | Reg Price: $17.29 | Renew: $17.29
nonu-designlab.com | Brand: 5 | SEO: -10 | Final: -5 | Status: AVAILABLE | Action: SKIP | Premium: NO | Reg Price: $17.29 | Renew: $17.29
agence-cerenzia.com | Brand: -3 | SEO: -10 | Final: -13 | Status: AVAILABLE | Action: SKIP | Premium: NO | Reg Price: $17.29 | Renew: $17.29
rent-n-drop-bike.com | Brand: -18 | SEO: -10 | Final: -28 | Status: AVAILABLE | Action: SKIP | Premium: NO | Reg Price: $17.29 | Renew: $17.29
1of1vacation.com | Brand: -23 | SEO: -6 | Final: -29 | Status: AVAILABLE | Action: SKIP | Premium: NO | Reg Price: $17.29 | Renew: $17.29
rosrefurboss.com | Brand: -38 | SEO: 5 | Final: -33 | Status: AVAILABLE | Action: SKIP | Premium: NO | Reg Price: $17.29 | Renew: $17.29
chicjoieonline.com | Brand: -69 | SEO: 5 | Final: -64 | Status: AVAILABLE | Action: SKIP | Premium: NO | Reg Price: $17.29 | Renew: $17.29
trainandboardmyk9littlerock.com | Brand: -74 | SEO: 1 | Final: -73 | Status: AVAILABLE | Action: SKIP | Premium: NO | Reg Price: $17.29 | Renew: $17.29

=== TAKEN ===
geniolaw.com | Brand: 92 | SEO: 29 | Final: 121 | Status: NOT AVAILABLE | Action: TAKEN
esspol.com | Brand: 77 | SEO: 16 | Final: 93 | Status: NOT AVAILABLE | Action: TAKEN
weimanhome.com | Brand: 82 | SEO: 9 | Final: 91 | Status: NOT AVAILABLE | Action: TAKEN
azahabi.com | Brand: 72 | SEO: 16 | Final: 88 | Status: NOT AVAILABLE | Action: TAKEN
canmore.io | Brand: 72 | SEO: 16 | Final: 88 | Status: NOT AVAILABLE | Action: TAKEN
fabulousawesome.com | Brand: 27 | SEO: 5 | Final: 32 | Status: NOT AVAILABLE | Action: TAKEN
degreesprograms.com | Brand: 27 | SEO: 5 | Final: 32 | Status: NOT AVAILABLE | Action: TAKEN
preguntitassobredios.com | Brand: 12 | SEO: 5 | Final: 17 | Status: NOT AVAILABLE | Action: TAKEN
leadershipfirstobm.com | Brand: 12 | SEO: 5 | Final: 17 | Status: NOT AVAILABLE | Action: TAKEN
cfdsi.com | Brand: -8 | SEO: 16 | Final: 8 | Status: NOT AVAILABLE | Action: TAKEN
numeratout.com | Brand: -28 | SEO: 9 | Final: -19 | Status: NOT AVAILABLE | Action: TAKEN
okglamping.com | Brand: -28 | SEO: 9 | Final: -19 | Status: NOT AVAILABLE | Action: TAKEN
tamilewis.com | Brand: -28 | SEO: 9 | Final: -19 | Status: NOT AVAILABLE | Action: TAKEN
mpostream.com | Brand: -28 | SEO: 9 | Final: -19 | Status: NOT AVAILABLE | Action: TAKEN
ninevehsat.com | Brand: -28 | SEO: 9 | Final: -19 | Status: NOT AVAILABLE | Action: TAKEN
minebeach.com | Brand: -28 | SEO: 9 | Final: -19 | Status: NOT AVAILABLE | Action: TAKEN
justgovern.com | Brand: -28 | SEO: 9 | Final: -19 | Status: NOT AVAILABLE | Action: TAKEN
mycarinc.com | Brand: -40 | SEO: 16 | Final: -24 | Status: NOT AVAILABLE | Action: TAKEN
shopkack.com | Brand: -40 | SEO: 16 | Final: -24 | Status: NOT AVAILABLE | Action: TAKEN
aqu1024.com | Brand: -25 | SEO: 1 | Final: -24 | Status: NOT AVAILABLE | Action: TAKEN
on9.net | Brand: -28 | SEO: 1 | Final: -27 | Status: NOT AVAILABLE | Action: TAKEN
sixrastreios.com | Brand: -38 | SEO: 5 | Final: -33 | Status: NOT AVAILABLE | Action: TAKEN
marcoallara.com | Brand: -38 | SEO: 5 | Final: -33 | Status: NOT AVAILABLE | Action: TAKEN
chickpeachix.com | Brand: -38 | SEO: 5 | Final: -33 | Status: NOT AVAILABLE | Action: TAKEN
faridjavadi.com | Brand: -38 | SEO: 5 | Final: -33 | Status: NOT AVAILABLE | Action: TAKEN
mobiliseher.com | Brand: -38 | SEO: 5 | Final: -33 | Status: NOT AVAILABLE | Action: TAKEN
igotmarkled.com | Brand: -38 | SEO: 5 | Final: -33 | Status: NOT AVAILABLE | Action: TAKEN
cabcounts.com | Brand: -64 | SEO: 9 | Final: -55 | Status: NOT AVAILABLE | Action: TAKEN
directorydart.com | Brand: -63 | SEO: 5 | Final: -58 | Status: NOT AVAILABLE | Action: TAKEN
learningfound.com | Brand: -63 | SEO: 5 | Final: -58 | Status: NOT AVAILABLE | Action: TAKEN
digifiduciary.com | Brand: -63 | SEO: 5 | Final: -58 | Status: NOT AVAILABLE | Action: TAKEN
1ghost.com | Brand: -60 | SEO: 1 | Final: -59 | Status: NOT AVAILABLE | Action: TAKEN
twshopping.com | Brand: -73 | SEO: 9 | Final: -64 | Status: NOT AVAILABLE | Action: TAKEN
connectthelove.com | Brand: -86 | SEO: 5 | Final: -81 | Status: NOT AVAILABLE | Action: TAKEN
[deleted] HTTP status: 200
[deleted] Page length: 97932
[deleted] Domains found: 25
[closeout] HTTP status: 200
[closeout] Page length: 82697
[closeout] Domains found: 25
Found 50 total candidate domains

=== BUY CANDIDATES ===

=== REVIEW MANUALLY ===
hbswui.com | Brand: 54 | SEO: 16 | Final: 70 | Status: AVAILABLE | Action: REVIEW | Premium: NO | Reg Price: $17.29 | Renew: $17.29

=== SKIP ===
goldenprintssolutions.com | Brand: 32 | SEO: 5 | Final: 37 | Status: AVAILABLE | Action: SKIP | Premium: NO | Reg Price: $17.29 | Renew: $17.29
prophetgenhance.com | Brand: 27 | SEO: 5 | Final: 32 | Status: AVAILABLE | Action: SKIP | Premium: NO | Reg Price: $17.29 | Renew: $17.29
bbo-prod.com | Brand: 20 | SEO: 1 | Final: 21 | Status: AVAILABLE | Action: SKIP | Premium: NO | Reg Price: $17.29 | Renew: $17.29
thegoodguidesusa.com | Brand: 12 | SEO: 5 | Final: 17 | Status: AVAILABLE | Action: SKIP | Premium: NO | Reg Price: $17.29 | Renew: $17.29
yachtinteriorworks.com | Brand: 12 | SEO: 5 | Final: 17 | Status: AVAILABLE | Action: SKIP | Premium: NO | Reg Price: $17.29 | Renew: $17.29
charis-apparel.com | Brand: 26 | SEO: -10 | Final: 16 | Status: AVAILABLE | Action: SKIP | Premium: NO | Reg Price: $17.29 | Renew: $17.29
csf-on-time.com | Brand: 22 | SEO: -10 | Final: 12 | Status: AVAILABLE | Action: SKIP | Premium: NO | Reg Price: $17.29 | Renew: $17.29
fabsxm.com | Brand: -18 | SEO: 16 | Final: -2 | Status: AVAILABLE | Action: SKIP | Premium: NO | Reg Price: $17.29 | Renew: $17.29
nonu-designlab.com | Brand: 5 | SEO: -10 | Final: -5 | Status: AVAILABLE | Action: SKIP | Premium: NO | Reg Price: $17.29 | Renew: $17.29
rent-n-drop-bike.com | Brand: -18 | SEO: -10 | Final: -28 | Status: AVAILABLE | Action: SKIP | Premium: NO | Reg Price: $17.29 | Renew: $17.29
1of1vacation.com | Brand: -23 | SEO: -6 | Final: -29 | Status: AVAILABLE | Action: SKIP | Premium: NO | Reg Price: $17.29 | Renew: $17.29
rosrefurboss.com | Brand: -38 | SEO: 5 | Final: -33 | Status: AVAILABLE | Action: SKIP | Premium: NO | Reg Price: $17.29 | Renew: $17.29
chicjoieonline.com | Brand: -69 | SEO: 5 | Final: -64 | Status: AVAILABLE | Action: SKIP | Premium: NO | Reg Price: $17.29 | Renew: $17.29
trainandboardmyk9littlerock.com | Brand: -74 | SEO: 1 | Final: -73 | Status: AVAILABLE | Action: SKIP | Premium: NO | Reg Price: $17.29 | Renew: $17.29

=== TAKEN ===
geniolaw.com | Brand: 92 | SEO: 29 | Final: 121 | Status: NOT AVAILABLE | Action: TAKEN
esspol.com | Brand: 77 | SEO: 16 | Final: 93 | Status: NOT AVAILABLE | Action: TAKEN
weimanhome.com | Brand: 82 | SEO: 9 | Final: 91 | Status: NOT AVAILABLE | Action: TAKEN
azahabi.com | Brand: 72 | SEO: 16 | Final: 88 | Status: NOT AVAILABLE | Action: TAKEN
canmore.io | Brand: 72 | SEO: 16 | Final: 88 | Status: NOT AVAILABLE | Action: TAKEN
fabulousawesome.com | Brand: 27 | SEO: 5 | Final: 32 | Status: NOT AVAILABLE | Action: TAKEN
degreesprograms.com | Brand: 27 | SEO: 5 | Final: 32 | Status: NOT AVAILABLE | Action: TAKEN
preguntitassobredios.com | Brand: 12 | SEO: 5 | Final: 17 | Status: NOT AVAILABLE | Action: TAKEN
leadershipfirstobm.com | Brand: 12 | SEO: 5 | Final: 17 | Status: NOT AVAILABLE | Action: TAKEN
cfdsi.com | Brand: -8 | SEO: 16 | Final: 8 | Status: NOT AVAILABLE | Action: TAKEN
agence-cerenzia.com | Brand: -3 | SEO: -10 | Final: -13 | Status: NOT AVAILABLE | Action: TAKEN
numeratout.com | Brand: -28 | SEO: 9 | Final: -19 | Status: NOT AVAILABLE | Action: TAKEN
okglamping.com | Brand: -28 | SEO: 9 | Final: -19 | Status: NOT AVAILABLE | Action: TAKEN
tamilewis.com | Brand: -28 | SEO: 9 | Final: -19 | Status: NOT AVAILABLE | Action: TAKEN
mpostream.com | Brand: -28 | SEO: 9 | Final: -19 | Status: NOT AVAILABLE | Action: TAKEN
ninevehsat.com | Brand: -28 | SEO: 9 | Final: -19 | Status: NOT AVAILABLE | Action: TAKEN
minebeach.com | Brand: -28 | SEO: 9 | Final: -19 | Status: NOT AVAILABLE | Action: TAKEN
justgovern.com | Brand: -28 | SEO: 9 | Final: -19 | Status: NOT AVAILABLE | Action: TAKEN
mycarinc.com | Brand: -40 | SEO: 16 | Final: -24 | Status: NOT AVAILABLE | Action: TAKEN
shopkack.com | Brand: -40 | SEO: 16 | Final: -24 | Status: NOT AVAILABLE | Action: TAKEN
aqu1024.com | Brand: -25 | SEO: 1 | Final: -24 | Status: NOT AVAILABLE | Action: TAKEN
on9.net | Brand: -28 | SEO: 1 | Final: -27 | Status: NOT AVAILABLE | Action: TAKEN
sixrastreios.com | Brand: -38 | SEO: 5 | Final: -33 | Status: NOT AVAILABLE | Action: TAKEN
marcoallara.com | Brand: -38 | SEO: 5 | Final: -33 | Status: NOT AVAILABLE | Action: TAKEN
chickpeachix.com | Brand: -38 | SEO: 5 | Final: -33 | Status: NOT AVAILABLE | Action: TAKEN
faridjavadi.com | Brand: -38 | SEO: 5 | Final: -33 | Status: NOT AVAILABLE | Action: TAKEN
mobiliseher.com | Brand: -38 | SEO: 5 | Final: -33 | Status: NOT AVAILABLE | Action: TAKEN
igotmarkled.com | Brand: -38 | SEO: 5 | Final: -33 | Status: NOT AVAILABLE | Action: TAKEN
cabcounts.com | Brand: -64 | SEO: 9 | Final: -55 | Status: NOT AVAILABLE | Action: TAKEN
directorydart.com | Brand: -63 | SEO: 5 | Final: -58 | Status: NOT AVAILABLE | Action: TAKEN
learningfound.com | Brand: -63 | SEO: 5 | Final: -58 | Status: NOT AVAILABLE | Action: TAKEN
digifiduciary.com | Brand: -63 | SEO: 5 | Final: -58 | Status: NOT AVAILABLE | Action: TAKEN
1ghost.com | Brand: -60 | SEO: 1 | Final: -59 | Status: NOT AVAILABLE | Action: TAKEN
twshopping.com | Brand: -73 | SEO: 9 | Final: -64 | Status: NOT AVAILABLE | Action: TAKEN
connectthelove.com | Brand: -86 | SEO: 5 | Final: -81 | Status: NOT AVAILABLE | Action: TAKEN
[deleted] HTTP status: 200
[deleted] Page length: 97804
[deleted] Domains found: 25
[closeout] HTTP status: 200
[closeout] Page length: 82720
[closeout] Domains found: 25
Found 50 total candidate domains

=== BUY CANDIDATES ===

=== REVIEW MANUALLY ===
hbswui.com | Brand: 54 | SEO: 16 | Final: 70 | Status: AVAILABLE | Action: REVIEW | Premium: NO | Reg Price: $17.29 | Renew: $17.29

=== SKIP ===
goldenprintssolutions.com | Brand: 32 | SEO: 5 | Final: 37 | Status: AVAILABLE | Action: SKIP | Premium: NO | Reg Price: $17.29 | Renew: $17.29
prophetgenhance.com | Brand: 27 | SEO: 5 | Final: 32 | Status: AVAILABLE | Action: SKIP | Premium: NO | Reg Price: $17.29 | Renew: $17.29
bbo-prod.com | Brand: 20 | SEO: 1 | Final: 21 | Status: AVAILABLE | Action: SKIP | Premium: NO | Reg Price: $17.29 | Renew: $17.29
thegoodguidesusa.com | Brand: 12 | SEO: 5 | Final: 17 | Status: AVAILABLE | Action: SKIP | Premium: NO | Reg Price: $17.29 | Renew: $17.29
charis-apparel.com | Brand: 26 | SEO: -10 | Final: 16 | Status: AVAILABLE | Action: SKIP | Premium: NO | Reg Price: $17.29 | Renew: $17.29
csf-on-time.com | Brand: 22 | SEO: -10 | Final: 12 | Status: AVAILABLE | Action: SKIP | Premium: NO | Reg Price: $17.29 | Renew: $17.29
fabsxm.com | Brand: -18 | SEO: 16 | Final: -2 | Status: AVAILABLE | Action: SKIP | Premium: NO | Reg Price: $17.29 | Renew: $17.29
rent-n-drop-bike.com | Brand: -18 | SEO: -10 | Final: -28 | Status: AVAILABLE | Action: SKIP | Premium: NO | Reg Price: $17.29 | Renew: $17.29
1of1vacation.com | Brand: -23 | SEO: -6 | Final: -29 | Status: AVAILABLE | Action: SKIP | Premium: NO | Reg Price: $17.29 | Renew: $17.29
rosrefurboss.com | Brand: -38 | SEO: 5 | Final: -33 | Status: AVAILABLE | Action: SKIP | Premium: NO | Reg Price: $17.29 | Renew: $17.29
chicjoieonline.com | Brand: -69 | SEO: 5 | Final: -64 | Status: AVAILABLE | Action: SKIP | Premium: NO | Reg Price: $17.29 | Renew: $17.29
trainandboardmyk9littlerock.com | Brand: -74 | SEO: 1 | Final: -73 | Status: AVAILABLE | Action: SKIP | Premium: NO | Reg Price: $17.29 | Renew: $17.29

=== TAKEN ===
geniolaw.com | Brand: 92 | SEO: 29 | Final: 121 | Status: NOT AVAILABLE | Action: TAKEN
esspol.com | Brand: 77 | SEO: 16 | Final: 93 | Status: NOT AVAILABLE | Action: TAKEN
weimanhome.com | Brand: 82 | SEO: 9 | Final: 91 | Status: NOT AVAILABLE | Action: TAKEN
azahabi.com | Brand: 72 | SEO: 16 | Final: 88 | Status: NOT AVAILABLE | Action: TAKEN
canmore.io | Brand: 72 | SEO: 16 | Final: 88 | Status: NOT AVAILABLE | Action: TAKEN
fabulousawesome.com | Brand: 27 | SEO: 5 | Final: 32 | Status: NOT AVAILABLE | Action: TAKEN
degreesprograms.com | Brand: 27 | SEO: 5 | Final: 32 | Status: NOT AVAILABLE | Action: TAKEN
preguntitassobredios.com | Brand: 12 | SEO: 5 | Final: 17 | Status: NOT AVAILABLE | Action: TAKEN
yachtinteriorworks.com | Brand: 12 | SEO: 5 | Final: 17 | Status: NOT AVAILABLE | Action: TAKEN
leadershipfirstobm.com | Brand: 12 | SEO: 5 | Final: 17 | Status: NOT AVAILABLE | Action: TAKEN
cfdsi.com | Brand: -8 | SEO: 16 | Final: 8 | Status: NOT AVAILABLE | Action: TAKEN
nonu-designlab.com | Brand: 5 | SEO: -10 | Final: -5 | Status: NOT AVAILABLE | Action: TAKEN
agence-cerenzia.com | Brand: -3 | SEO: -10 | Final: -13 | Status: NOT AVAILABLE | Action: TAKEN
numeratout.com | Brand: -28 | SEO: 9 | Final: -19 | Status: NOT AVAILABLE | Action: TAKEN
okglamping.com | Brand: -28 | SEO: 9 | Final: -19 | Status: NOT AVAILABLE | Action: TAKEN
tamilewis.com | Brand: -28 | SEO: 9 | Final: -19 | Status: NOT AVAILABLE | Action: TAKEN
mpostream.com | Brand: -28 | SEO: 9 | Final: -19 | Status: NOT AVAILABLE | Action: TAKEN
ninevehsat.com | Brand: -28 | SEO: 9 | Final: -19 | Status: NOT AVAILABLE | Action: TAKEN
minebeach.com | Brand: -28 | SEO: 9 | Final: -19 | Status: NOT AVAILABLE | Action: TAKEN
justgovern.com | Brand: -28 | SEO: 9 | Final: -19 | Status: NOT AVAILABLE | Action: TAKEN
mycarinc.com | Brand: -40 | SEO: 16 | Final: -24 | Status: NOT AVAILABLE | Action: TAKEN
shopkack.com | Brand: -40 | SEO: 16 | Final: -24 | Status: NOT AVAILABLE | Action: TAKEN
aqu1024.com | Brand: -25 | SEO: 1 | Final: -24 | Status: NOT AVAILABLE | Action: TAKEN
sixrastreios.com | Brand: -38 | SEO: 5 | Final: -33 | Status: NOT AVAILABLE | Action: TAKEN
marcoallara.com | Brand: -38 | SEO: 5 | Final: -33 | Status: NOT AVAILABLE | Action: TAKEN
chickpeachix.com | Brand: -38 | SEO: 5 | Final: -33 | Status: NOT AVAILABLE | Action: TAKEN
faridjavadi.com | Brand: -38 | SEO: 5 | Final: -33 | Status: NOT AVAILABLE | Action: TAKEN
mobiliseher.com | Brand: -38 | SEO: 5 | Final: -33 | Status: NOT AVAILABLE | Action: TAKEN
igotmarkled.com | Brand: -38 | SEO: 5 | Final: -33 | Status: NOT AVAILABLE | Action: TAKEN
organictrans.com | Brand: -38 | SEO: 5 | Final: -33 | Status: NOT AVAILABLE | Action: TAKEN
cabcounts.com | Brand: -64 | SEO: 9 | Final: -55 | Status: NOT AVAILABLE | Action: TAKEN
directorydart.com | Brand: -63 | SEO: 5 | Final: -58 | Status: NOT AVAILABLE | Action: TAKEN
learningfound.com | Brand: -63 | SEO: 5 | Final: -58 | Status: NOT AVAILABLE | Action: TAKEN
digifiduciary.com | Brand: -63 | SEO: 5 | Final: -58 | Status: NOT AVAILABLE | Action: TAKEN
1ghost.com | Brand: -60 | SEO: 1 | Final: -59 | Status: NOT AVAILABLE | Action: TAKEN
twshopping.com | Brand: -73 | SEO: 9 | Final: -64 | Status: NOT AVAILABLE | Action: TAKEN
connectthelove.com | Brand: -86 | SEO: 5 | Final: -81 | Status: NOT AVAILABLE | Action: TAKEN
[deleted] HTTP status: 200
[deleted] Page length: 97804
[deleted] Domains found: 25
[closeout] HTTP status: 200
[closeout] Page length: 82720
[closeout] Domains found: 25
Found 50 total candidate domains

=== BUY CANDIDATES ===

=== REVIEW MANUALLY ===
hbswui.com | Brand: 54 | SEO: 16 | Final: 70 | Status: AVAILABLE | Action: REVIEW | Premium: NO | Reg Price: $17.29 | Renew: $17.29

=== SKIP ===
goldenprintssolutions.com | Brand: 32 | SEO: 5 | Final: 37 | Status: AVAILABLE | Action: SKIP | Premium: NO | Reg Price: $17.29 | Renew: $17.29
prophetgenhance.com | Brand: 27 | SEO: 5 | Final: 32 | Status: AVAILABLE | Action: SKIP | Premium: NO | Reg Price: $17.29 | Renew: $17.29
bbo-prod.com | Brand: 20 | SEO: 1 | Final: 21 | Status: AVAILABLE | Action: SKIP | Premium: NO | Reg Price: $17.29 | Renew: $17.29
thegoodguidesusa.com | Brand: 12 | SEO: 5 | Final: 17 | Status: AVAILABLE | Action: SKIP | Premium: NO | Reg Price: $17.29 | Renew: $17.29
charis-apparel.com | Brand: 26 | SEO: -10 | Final: 16 | Status: AVAILABLE | Action: SKIP | Premium: NO | Reg Price: $17.29 | Renew: $17.29
csf-on-time.com | Brand: 22 | SEO: -10 | Final: 12 | Status: AVAILABLE | Action: SKIP | Premium: NO | Reg Price: $17.29 | Renew: $17.29
fabsxm.com | Brand: -18 | SEO: 16 | Final: -2 | Status: AVAILABLE | Action: SKIP | Premium: NO | Reg Price: $17.29 | Renew: $17.29
rent-n-drop-bike.com | Brand: -18 | SEO: -10 | Final: -28 | Status: AVAILABLE | Action: SKIP | Premium: NO | Reg Price: $17.29 | Renew: $17.29
1of1vacation.com | Brand: -23 | SEO: -6 | Final: -29 | Status: AVAILABLE | Action: SKIP | Premium: NO | Reg Price: $17.29 | Renew: $17.29
rosrefurboss.com | Brand: -38 | SEO: 5 | Final: -33 | Status: AVAILABLE | Action: SKIP | Premium: NO | Reg Price: $17.29 | Renew: $17.29
chicjoieonline.com | Brand: -69 | SEO: 5 | Final: -64 | Status: AVAILABLE | Action: SKIP | Premium: NO | Reg Price: $17.29 | Renew: $17.29
trainandboardmyk9littlerock.com | Brand: -74 | SEO: 1 | Final: -73 | Status: AVAILABLE | Action: SKIP | Premium: NO | Reg Price: $17.29 | Renew: $17.29

=== TAKEN ===
geniolaw.com | Brand: 92 | SEO: 29 | Final: 121 | Status: NOT AVAILABLE | Action: TAKEN
esspol.com | Brand: 77 | SEO: 16 | Final: 93 | Status: NOT AVAILABLE | Action: TAKEN
weimanhome.com | Brand: 82 | SEO: 9 | Final: 91 | Status: NOT AVAILABLE | Action: TAKEN
azahabi.com | Brand: 72 | SEO: 16 | Final: 88 | Status: NOT AVAILABLE | Action: TAKEN
canmore.io | Brand: 72 | SEO: 16 | Final: 88 | Status: NOT AVAILABLE | Action: TAKEN
fabulousawesome.com | Brand: 27 | SEO: 5 | Final: 32 | Status: NOT AVAILABLE | Action: TAKEN
degreesprograms.com | Brand: 27 | SEO: 5 | Final: 32 | Status: NOT AVAILABLE | Action: TAKEN
preguntitassobredios.com | Brand: 12 | SEO: 5 | Final: 17 | Status: NOT AVAILABLE | Action: TAKEN
yachtinteriorworks.com | Brand: 12 | SEO: 5 | Final: 17 | Status: NOT AVAILABLE | Action: TAKEN
leadershipfirstobm.com | Brand: 12 | SEO: 5 | Final: 17 | Status: NOT AVAILABLE | Action: TAKEN
cfdsi.com | Brand: -8 | SEO: 16 | Final: 8 | Status: NOT AVAILABLE | Action: TAKEN
nonu-designlab.com | Brand: 5 | SEO: -10 | Final: -5 | Status: NOT AVAILABLE | Action: TAKEN
agence-cerenzia.com | Brand: -3 | SEO: -10 | Final: -13 | Status: NOT AVAILABLE | Action: TAKEN
numeratout.com | Brand: -28 | SEO: 9 | Final: -19 | Status: NOT AVAILABLE | Action: TAKEN
okglamping.com | Brand: -28 | SEO: 9 | Final: -19 | Status: NOT AVAILABLE | Action: TAKEN
tamilewis.com | Brand: -28 | SEO: 9 | Final: -19 | Status: NOT AVAILABLE | Action: TAKEN
mpostream.com | Brand: -28 | SEO: 9 | Final: -19 | Status: NOT AVAILABLE | Action: TAKEN
ninevehsat.com | Brand: -28 | SEO: 9 | Final: -19 | Status: NOT AVAILABLE | Action: TAKEN
minebeach.com | Brand: -28 | SEO: 9 | Final: -19 | Status: NOT AVAILABLE | Action: TAKEN
justgovern.com | Brand: -28 | SEO: 9 | Final: -19 | Status: NOT AVAILABLE | Action: TAKEN
mycarinc.com | Brand: -40 | SEO: 16 | Final: -24 | Status: NOT AVAILABLE | Action: TAKEN
shopkack.com | Brand: -40 | SEO: 16 | Final: -24 | Status: NOT AVAILABLE | Action: TAKEN
aqu1024.com | Brand: -25 | SEO: 1 | Final: -24 | Status: NOT AVAILABLE | Action: TAKEN
sixrastreios.com | Brand: -38 | SEO: 5 | Final: -33 | Status: NOT AVAILABLE | Action: TAKEN
marcoallara.com | Brand: -38 | SEO: 5 | Final: -33 | Status: NOT AVAILABLE | Action: TAKEN
chickpeachix.com | Brand: -38 | SEO: 5 | Final: -33 | Status: NOT AVAILABLE | Action: TAKEN
faridjavadi.com | Brand: -38 | SEO: 5 | Final: -33 | Status: NOT AVAILABLE | Action: TAKEN
mobiliseher.com | Brand: -38 | SEO: 5 | Final: -33 | Status: NOT AVAILABLE | Action: TAKEN
igotmarkled.com | Brand: -38 | SEO: 5 | Final: -33 | Status: NOT AVAILABLE | Action: TAKEN
organictrans.com | Brand: -38 | SEO: 5 | Final: -33 | Status: NOT AVAILABLE | Action: TAKEN
cabcounts.com | Brand: -64 | SEO: 9 | Final: -55 | Status: NOT AVAILABLE | Action: TAKEN
directorydart.com | Brand: -63 | SEO: 5 | Final: -58 | Status: NOT AVAILABLE | Action: TAKEN
learningfound.com | Brand: -63 | SEO: 5 | Final: -58 | Status: NOT AVAILABLE | Action: TAKEN
digifiduciary.com | Brand: -63 | SEO: 5 | Final: -58 | Status: NOT AVAILABLE | Action: TAKEN
1ghost.com | Brand: -60 | SEO: 1 | Final: -59 | Status: NOT AVAILABLE | Action: TAKEN
twshopping.com | Brand: -73 | SEO: 9 | Final: -64 | Status: NOT AVAILABLE | Action: TAKEN
connectthelove.com | Brand: -86 | SEO: 5 | Final: -81 | Status: NOT AVAILABLE | Action: TAKEN
[deleted] HTTP status: 200
[deleted] Page length: 97612
[deleted] Domains found: 25
[closeout] HTTP status: 200
[closeout] Page length: 82720
[closeout] Domains found: 25
Found 50 total candidate domains

=== BUY CANDIDATES ===

=== REVIEW MANUALLY ===
hbswui.com | Brand: 54 | SEO: 16 | Final: 70 | Status: AVAILABLE | Action: REVIEW | Premium: NO | Reg Price: $17.29 | Renew: $17.29

=== SKIP ===
goldenprintssolutions.com | Brand: 32 | SEO: 5 | Final: 37 | Status: AVAILABLE | Action: SKIP | Premium: NO | Reg Price: $17.29 | Renew: $17.29
prophetgenhance.com | Brand: 27 | SEO: 5 | Final: 32 | Status: AVAILABLE | Action: SKIP | Premium: NO | Reg Price: $17.29 | Renew: $17.29
bbo-prod.com | Brand: 20 | SEO: 1 | Final: 21 | Status: AVAILABLE | Action: SKIP | Premium: NO | Reg Price: $17.29 | Renew: $17.29
thegoodguidesusa.com | Brand: 12 | SEO: 5 | Final: 17 | Status: AVAILABLE | Action: SKIP | Premium: NO | Reg Price: $17.29 | Renew: $17.29
charis-apparel.com | Brand: 26 | SEO: -10 | Final: 16 | Status: AVAILABLE | Action: SKIP | Premium: NO | Reg Price: $17.29 | Renew: $17.29
csf-on-time.com | Brand: 22 | SEO: -10 | Final: 12 | Status: AVAILABLE | Action: SKIP | Premium: NO | Reg Price: $17.29 | Renew: $17.29
fabsxm.com | Brand: -18 | SEO: 16 | Final: -2 | Status: AVAILABLE | Action: SKIP | Premium: NO | Reg Price: $17.29 | Renew: $17.29
rent-n-drop-bike.com | Brand: -18 | SEO: -10 | Final: -28 | Status: AVAILABLE | Action: SKIP | Premium: NO | Reg Price: $17.29 | Renew: $17.29
1of1vacation.com | Brand: -23 | SEO: -6 | Final: -29 | Status: AVAILABLE | Action: SKIP | Premium: NO | Reg Price: $17.29 | Renew: $17.29
rosrefurboss.com | Brand: -38 | SEO: 5 | Final: -33 | Status: AVAILABLE | Action: SKIP | Premium: NO | Reg Price: $17.29 | Renew: $17.29
chicjoieonline.com | Brand: -69 | SEO: 5 | Final: -64 | Status: AVAILABLE | Action: SKIP | Premium: NO | Reg Price: $17.29 | Renew: $17.29
trainandboardmyk9littlerock.com | Brand: -74 | SEO: 1 | Final: -73 | Status: AVAILABLE | Action: SKIP | Premium: NO | Reg Price: $17.29 | Renew: $17.29

=== TAKEN ===
geniolaw.com | Brand: 92 | SEO: 29 | Final: 121 | Status: NOT AVAILABLE | Action: TAKEN
esspol.com | Brand: 77 | SEO: 16 | Final: 93 | Status: NOT AVAILABLE | Action: TAKEN
weimanhome.com | Brand: 82 | SEO: 9 | Final: 91 | Status: NOT AVAILABLE | Action: TAKEN
azahabi.com | Brand: 72 | SEO: 16 | Final: 88 | Status: NOT AVAILABLE | Action: TAKEN
canmore.io | Brand: 72 | SEO: 16 | Final: 88 | Status: NOT AVAILABLE | Action: TAKEN
fabulousawesome.com | Brand: 27 | SEO: 5 | Final: 32 | Status: NOT AVAILABLE | Action: TAKEN
degreesprograms.com | Brand: 27 | SEO: 5 | Final: 32 | Status: NOT AVAILABLE | Action: TAKEN
preguntitassobredios.com | Brand: 12 | SEO: 5 | Final: 17 | Status: NOT AVAILABLE | Action: TAKEN
yachtinteriorworks.com | Brand: 12 | SEO: 5 | Final: 17 | Status: NOT AVAILABLE | Action: TAKEN
leadershipfirstobm.com | Brand: 12 | SEO: 5 | Final: 17 | Status: NOT AVAILABLE | Action: TAKEN
cfdsi.com | Brand: -8 | SEO: 16 | Final: 8 | Status: NOT AVAILABLE | Action: TAKEN
nonu-designlab.com | Brand: 5 | SEO: -10 | Final: -5 | Status: NOT AVAILABLE | Action: TAKEN
agence-cerenzia.com | Brand: -3 | SEO: -10 | Final: -13 | Status: NOT AVAILABLE | Action: TAKEN
numeratout.com | Brand: -28 | SEO: 9 | Final: -19 | Status: NOT AVAILABLE | Action: TAKEN
okglamping.com | Brand: -28 | SEO: 9 | Final: -19 | Status: NOT AVAILABLE | Action: TAKEN
tamilewis.com | Brand: -28 | SEO: 9 | Final: -19 | Status: NOT AVAILABLE | Action: TAKEN
mpostream.com | Brand: -28 | SEO: 9 | Final: -19 | Status: NOT AVAILABLE | Action: TAKEN
ninevehsat.com | Brand: -28 | SEO: 9 | Final: -19 | Status: NOT AVAILABLE | Action: TAKEN
minebeach.com | Brand: -28 | SEO: 9 | Final: -19 | Status: NOT AVAILABLE | Action: TAKEN
justgovern.com | Brand: -28 | SEO: 9 | Final: -19 | Status: NOT AVAILABLE | Action: TAKEN
mycarinc.com | Brand: -40 | SEO: 16 | Final: -24 | Status: NOT AVAILABLE | Action: TAKEN
shopkack.com | Brand: -40 | SEO: 16 | Final: -24 | Status: NOT AVAILABLE | Action: TAKEN
aqu1024.com | Brand: -25 | SEO: 1 | Final: -24 | Status: NOT AVAILABLE | Action: TAKEN
sixrastreios.com | Brand: -38 | SEO: 5 | Final: -33 | Status: NOT AVAILABLE | Action: TAKEN
marcoallara.com | Brand: -38 | SEO: 5 | Final: -33 | Status: NOT AVAILABLE | Action: TAKEN
chickpeachix.com | Brand: -38 | SEO: 5 | Final: -33 | Status: NOT AVAILABLE | Action: TAKEN
faridjavadi.com | Brand: -38 | SEO: 5 | Final: -33 | Status: NOT AVAILABLE | Action: TAKEN
mobiliseher.com | Brand: -38 | SEO: 5 | Final: -33 | Status: NOT AVAILABLE | Action: TAKEN
igotmarkled.com | Brand: -38 | SEO: 5 | Final: -33 | Status: NOT AVAILABLE | Action: TAKEN
organictrans.com | Brand: -38 | SEO: 5 | Final: -33 | Status: NOT AVAILABLE | Action: TAKEN
cabcounts.com | Brand: -64 | SEO: 9 | Final: -55 | Status: NOT AVAILABLE | Action: TAKEN
directorydart.com | Brand: -63 | SEO: 5 | Final: -58 | Status: NOT AVAILABLE | Action: TAKEN
learningfound.com | Brand: -63 | SEO: 5 | Final: -58 | Status: NOT AVAILABLE | Action: TAKEN
digifiduciary.com | Brand: -63 | SEO: 5 | Final: -58 | Status: NOT AVAILABLE | Action: TAKEN
1ghost.com | Brand: -60 | SEO: 1 | Final: -59 | Status: NOT AVAILABLE | Action: TAKEN
twshopping.com | Brand: -73 | SEO: 9 | Final: -64 | Status: NOT AVAILABLE | Action: TAKEN
connectthelove.com | Brand: -86 | SEO: 5 | Final: -81 | Status: NOT AVAILABLE | Action: TAKEN
[deleted] HTTP status: 200
[deleted] Page length: 97548
[deleted] Domains found: 25
[closeout] HTTP status: 200
[closeout] Page length: 82720
[closeout] Domains found: 25
Found 50 total candidate domains

=== BUY CANDIDATES ===

=== REVIEW MANUALLY ===
hbswui.com | Brand: 54 | SEO: 16 | Final: 70 | Status: AVAILABLE | Action: REVIEW | Premium: NO | Reg Price: $17.29 | Renew: $17.29

=== SKIP ===
goldenprintssolutions.com | Brand: 32 | SEO: 5 | Final: 37 | Status: AVAILABLE | Action: SKIP | Premium: NO | Reg Price: $17.29 | Renew: $17.29
prophetgenhance.com | Brand: 27 | SEO: 5 | Final: 32 | Status: AVAILABLE | Action: SKIP | Premium: NO | Reg Price: $17.29 | Renew: $17.29
bbo-prod.com | Brand: 20 | SEO: 1 | Final: 21 | Status: AVAILABLE | Action: SKIP | Premium: NO | Reg Price: $17.29 | Renew: $17.29
thegoodguidesusa.com | Brand: 12 | SEO: 5 | Final: 17 | Status: AVAILABLE | Action: SKIP | Premium: NO | Reg Price: $17.29 | Renew: $17.29
charis-apparel.com | Brand: 26 | SEO: -10 | Final: 16 | Status: AVAILABLE | Action: SKIP | Premium: NO | Reg Price: $17.29 | Renew: $17.29
csf-on-time.com | Brand: 22 | SEO: -10 | Final: 12 | Status: AVAILABLE | Action: SKIP | Premium: NO | Reg Price: $17.29 | Renew: $17.29
fabsxm.com | Brand: -18 | SEO: 16 | Final: -2 | Status: AVAILABLE | Action: SKIP | Premium: NO | Reg Price: $17.29 | Renew: $17.29
rent-n-drop-bike.com | Brand: -18 | SEO: -10 | Final: -28 | Status: AVAILABLE | Action: SKIP | Premium: NO | Reg Price: $17.29 | Renew: $17.29
1of1vacation.com | Brand: -23 | SEO: -6 | Final: -29 | Status: AVAILABLE | Action: SKIP | Premium: NO | Reg Price: $17.29 | Renew: $17.29
chicjoieonline.com | Brand: -69 | SEO: 5 | Final: -64 | Status: AVAILABLE | Action: SKIP | Premium: NO | Reg Price: $17.29 | Renew: $17.29
trainandboardmyk9littlerock.com | Brand: -74 | SEO: 1 | Final: -73 | Status: AVAILABLE | Action: SKIP | Premium: NO | Reg Price: $17.29 | Renew: $17.29

=== TAKEN ===
geniolaw.com | Brand: 92 | SEO: 29 | Final: 121 | Status: NOT AVAILABLE | Action: TAKEN
esspol.com | Brand: 77 | SEO: 16 | Final: 93 | Status: NOT AVAILABLE | Action: TAKEN
weimanhome.com | Brand: 82 | SEO: 9 | Final: 91 | Status: NOT AVAILABLE | Action: TAKEN
azahabi.com | Brand: 72 | SEO: 16 | Final: 88 | Status: NOT AVAILABLE | Action: TAKEN
canmore.io | Brand: 72 | SEO: 16 | Final: 88 | Status: NOT AVAILABLE | Action: TAKEN
fabulousawesome.com | Brand: 27 | SEO: 5 | Final: 32 | Status: NOT AVAILABLE | Action: TAKEN
degreesprograms.com | Brand: 27 | SEO: 5 | Final: 32 | Status: NOT AVAILABLE | Action: TAKEN
preguntitassobredios.com | Brand: 12 | SEO: 5 | Final: 17 | Status: NOT AVAILABLE | Action: TAKEN
yachtinteriorworks.com | Brand: 12 | SEO: 5 | Final: 17 | Status: NOT AVAILABLE | Action: TAKEN
leadershipfirstobm.com | Brand: 12 | SEO: 5 | Final: 17 | Status: NOT AVAILABLE | Action: TAKEN
cfdsi.com | Brand: -8 | SEO: 16 | Final: 8 | Status: NOT AVAILABLE | Action: TAKEN
nonu-designlab.com | Brand: 5 | SEO: -10 | Final: -5 | Status: NOT AVAILABLE | Action: TAKEN
agence-cerenzia.com | Brand: -3 | SEO: -10 | Final: -13 | Status: NOT AVAILABLE | Action: TAKEN
numeratout.com | Brand: -28 | SEO: 9 | Final: -19 | Status: NOT AVAILABLE | Action: TAKEN
okglamping.com | Brand: -28 | SEO: 9 | Final: -19 | Status: NOT AVAILABLE | Action: TAKEN
tamilewis.com | Brand: -28 | SEO: 9 | Final: -19 | Status: NOT AVAILABLE | Action: TAKEN
mpostream.com | Brand: -28 | SEO: 9 | Final: -19 | Status: NOT AVAILABLE | Action: TAKEN
ninevehsat.com | Brand: -28 | SEO: 9 | Final: -19 | Status: NOT AVAILABLE | Action: TAKEN
minebeach.com | Brand: -28 | SEO: 9 | Final: -19 | Status: NOT AVAILABLE | Action: TAKEN
justgovern.com | Brand: -28 | SEO: 9 | Final: -19 | Status: NOT AVAILABLE | Action: TAKEN
mycarinc.com | Brand: -40 | SEO: 16 | Final: -24 | Status: NOT AVAILABLE | Action: TAKEN
shopkack.com | Brand: -40 | SEO: 16 | Final: -24 | Status: NOT AVAILABLE | Action: TAKEN
aqu1024.com | Brand: -25 | SEO: 1 | Final: -24 | Status: NOT AVAILABLE | Action: TAKEN
sixrastreios.com | Brand: -38 | SEO: 5 | Final: -33 | Status: NOT AVAILABLE | Action: TAKEN
marcoallara.com | Brand: -38 | SEO: 5 | Final: -33 | Status: NOT AVAILABLE | Action: TAKEN
chickpeachix.com | Brand: -38 | SEO: 5 | Final: -33 | Status: NOT AVAILABLE | Action: TAKEN
rosrefurboss.com | Brand: -38 | SEO: 5 | Final: -33 | Status: NOT AVAILABLE | Action: TAKEN
faridjavadi.com | Brand: -38 | SEO: 5 | Final: -33 | Status: NOT AVAILABLE | Action: TAKEN
mobiliseher.com | Brand: -38 | SEO: 5 | Final: -33 | Status: NOT AVAILABLE | Action: TAKEN
igotmarkled.com | Brand: -38 | SEO: 5 | Final: -33 | Status: NOT AVAILABLE | Action: TAKEN
organictrans.com | Brand: -38 | SEO: 5 | Final: -33 | Status: NOT AVAILABLE | Action: TAKEN
cabcounts.com | Brand: -64 | SEO: 9 | Final: -55 | Status: NOT AVAILABLE | Action: TAKEN
directorydart.com | Brand: -63 | SEO: 5 | Final: -58 | Status: NOT AVAILABLE | Action: TAKEN
learningfound.com | Brand: -63 | SEO: 5 | Final: -58 | Status: NOT AVAILABLE | Action: TAKEN
digifiduciary.com | Brand: -63 | SEO: 5 | Final: -58 | Status: NOT AVAILABLE | Action: TAKEN
1ghost.com | Brand: -60 | SEO: 1 | Final: -59 | Status: NOT AVAILABLE | Action: TAKEN
twshopping.com | Brand: -73 | SEO: 9 | Final: -64 | Status: NOT AVAILABLE | Action: TAKEN
connectthelove.com | Brand: -86 | SEO: 5 | Final: -81 | Status: NOT AVAILABLE | Action: TAKEN
[deleted] HTTP status: 200
[deleted] Page length: 97356
[deleted] Domains found: 25
[closeout] HTTP status: 200
[closeout] Page length: 82720
[closeout] Domains found: 25
Found 50 total candidate domains

=== BUY CANDIDATES ===

=== REVIEW MANUALLY ===
hbswui.com | Brand: 54 | SEO: 16 | Final: 70 | Status: AVAILABLE | Action: REVIEW | Premium: NO | Reg Price: $17.29 | Renew: $17.29

=== SKIP ===
goldenprintssolutions.com | Brand: 32 | SEO: 5 | Final: 37 | Status: AVAILABLE | Action: SKIP | Premium: NO | Reg Price: $17.29 | Renew: $17.29
prophetgenhance.com | Brand: 27 | SEO: 5 | Final: 32 | Status: AVAILABLE | Action: SKIP | Premium: NO | Reg Price: $17.29 | Renew: $17.29
bbo-prod.com | Brand: 20 | SEO: 1 | Final: 21 | Status: AVAILABLE | Action: SKIP | Premium: NO | Reg Price: $17.29 | Renew: $17.29
thegoodguidesusa.com | Brand: 12 | SEO: 5 | Final: 17 | Status: AVAILABLE | Action: SKIP | Premium: NO | Reg Price: $17.29 | Renew: $17.29
charis-apparel.com | Brand: 26 | SEO: -10 | Final: 16 | Status: AVAILABLE | Action: SKIP | Premium: NO | Reg Price: $17.29 | Renew: $17.29
csf-on-time.com | Brand: 22 | SEO: -10 | Final: 12 | Status: AVAILABLE | Action: SKIP | Premium: NO | Reg Price: $17.29 | Renew: $17.29
fabsxm.com | Brand: -18 | SEO: 16 | Final: -2 | Status: AVAILABLE | Action: SKIP | Premium: NO | Reg Price: $17.29 | Renew: $17.29
rent-n-drop-bike.com | Brand: -18 | SEO: -10 | Final: -28 | Status: AVAILABLE | Action: SKIP | Premium: NO | Reg Price: $17.29 | Renew: $17.29
1of1vacation.com | Brand: -23 | SEO: -6 | Final: -29 | Status: AVAILABLE | Action: SKIP | Premium: NO | Reg Price: $17.29 | Renew: $17.29
chicjoieonline.com | Brand: -69 | SEO: 5 | Final: -64 | Status: AVAILABLE | Action: SKIP | Premium: NO | Reg Price: $17.29 | Renew: $17.29
trainandboardmyk9littlerock.com | Brand: -74 | SEO: 1 | Final: -73 | Status: AVAILABLE | Action: SKIP | Premium: NO | Reg Price: $17.29 | Renew: $17.29

=== TAKEN ===
geniolaw.com | Brand: 92 | SEO: 29 | Final: 121 | Status: NOT AVAILABLE | Action: TAKEN
esspol.com | Brand: 77 | SEO: 16 | Final: 93 | Status: NOT AVAILABLE | Action: TAKEN
weimanhome.com | Brand: 82 | SEO: 9 | Final: 91 | Status: NOT AVAILABLE | Action: TAKEN
azahabi.com | Brand: 72 | SEO: 16 | Final: 88 | Status: NOT AVAILABLE | Action: TAKEN
canmore.io | Brand: 72 | SEO: 16 | Final: 88 | Status: NOT AVAILABLE | Action: TAKEN
fabulousawesome.com | Brand: 27 | SEO: 5 | Final: 32 | Status: NOT AVAILABLE | Action: TAKEN
degreesprograms.com | Brand: 27 | SEO: 5 | Final: 32 | Status: NOT AVAILABLE | Action: TAKEN
preguntitassobredios.com | Brand: 12 | SEO: 5 | Final: 17 | Status: NOT AVAILABLE | Action: TAKEN
yachtinteriorworks.com | Brand: 12 | SEO: 5 | Final: 17 | Status: NOT AVAILABLE | Action: TAKEN
leadershipfirstobm.com | Brand: 12 | SEO: 5 | Final: 17 | Status: NOT AVAILABLE | Action: TAKEN
cfdsi.com | Brand: -8 | SEO: 16 | Final: 8 | Status: NOT AVAILABLE | Action: TAKEN
nonu-designlab.com | Brand: 5 | SEO: -10 | Final: -5 | Status: NOT AVAILABLE | Action: TAKEN
agence-cerenzia.com | Brand: -3 | SEO: -10 | Final: -13 | Status: NOT AVAILABLE | Action: TAKEN
numeratout.com | Brand: -28 | SEO: 9 | Final: -19 | Status: NOT AVAILABLE | Action: TAKEN
okglamping.com | Brand: -28 | SEO: 9 | Final: -19 | Status: NOT AVAILABLE | Action: TAKEN
tamilewis.com | Brand: -28 | SEO: 9 | Final: -19 | Status: NOT AVAILABLE | Action: TAKEN
mpostream.com | Brand: -28 | SEO: 9 | Final: -19 | Status: NOT AVAILABLE | Action: TAKEN
ninevehsat.com | Brand: -28 | SEO: 9 | Final: -19 | Status: NOT AVAILABLE | Action: TAKEN
minebeach.com | Brand: -28 | SEO: 9 | Final: -19 | Status: NOT AVAILABLE | Action: TAKEN
justgovern.com | Brand: -28 | SEO: 9 | Final: -19 | Status: NOT AVAILABLE | Action: TAKEN
mycarinc.com | Brand: -40 | SEO: 16 | Final: -24 | Status: NOT AVAILABLE | Action: TAKEN
shopkack.com | Brand: -40 | SEO: 16 | Final: -24 | Status: NOT AVAILABLE | Action: TAKEN
aqu1024.com | Brand: -25 | SEO: 1 | Final: -24 | Status: NOT AVAILABLE | Action: TAKEN
sixrastreios.com | Brand: -38 | SEO: 5 | Final: -33 | Status: NOT AVAILABLE | Action: TAKEN
marcoallara.com | Brand: -38 | SEO: 5 | Final: -33 | Status: NOT AVAILABLE | Action: TAKEN
chickpeachix.com | Brand: -38 | SEO: 5 | Final: -33 | Status: NOT AVAILABLE | Action: TAKEN
rosrefurboss.com | Brand: -38 | SEO: 5 | Final: -33 | Status: NOT AVAILABLE | Action: TAKEN
faridjavadi.com | Brand: -38 | SEO: 5 | Final: -33 | Status: NOT AVAILABLE | Action: TAKEN
mobiliseher.com | Brand: -38 | SEO: 5 | Final: -33 | Status: NOT AVAILABLE | Action: TAKEN
igotmarkled.com | Brand: -38 | SEO: 5 | Final: -33 | Status: NOT AVAILABLE | Action: TAKEN
organictrans.com | Brand: -38 | SEO: 5 | Final: -33 | Status: NOT AVAILABLE | Action: TAKEN
cabcounts.com | Brand: -64 | SEO: 9 | Final: -55 | Status: NOT AVAILABLE | Action: TAKEN
directorydart.com | Brand: -63 | SEO: 5 | Final: -58 | Status: NOT AVAILABLE | Action: TAKEN
learningfound.com | Brand: -63 | SEO: 5 | Final: -58 | Status: NOT AVAILABLE | Action: TAKEN
digifiduciary.com | Brand: -63 | SEO: 5 | Final: -58 | Status: NOT AVAILABLE | Action: TAKEN
1ghost.com | Brand: -60 | SEO: 1 | Final: -59 | Status: NOT AVAILABLE | Action: TAKEN
twshopping.com | Brand: -73 | SEO: 9 | Final: -64 | Status: NOT AVAILABLE | Action: TAKEN
connectthelove.com | Brand: -86 | SEO: 5 | Final: -81 | Status: NOT AVAILABLE | Action: TAKEN
[deleted] HTTP status: 200
[deleted] Page length: 97356
[deleted] Domains found: 25
[closeout] HTTP status: 200
[closeout] Page length: 82702
[closeout] Domains found: 25
Found 50 total candidate domains

=== BUY CANDIDATES ===

=== REVIEW MANUALLY ===

=== SKIP ===

=== TAKEN ===
awyken.com | Brand: 77 | SEO: 16 | Final: 93 | Status: NOT AVAILABLE | Action: TAKEN
weimanhome.com | Brand: 82 | SEO: 9 | Final: 91 | Status: NOT AVAILABLE | Action: TAKEN
ieeemr.com | Brand: 55 | SEO: 16 | Final: 71 | Status: NOT AVAILABLE | Action: TAKEN
gewindefahrwerk.com | Brand: 27 | SEO: 5 | Final: 32 | Status: NOT AVAILABLE | Action: TAKEN
cfdsi.com | Brand: -8 | SEO: 16 | Final: 8 | Status: NOT AVAILABLE | Action: TAKEN
justgovern.com | Brand: -28 | SEO: 9 | Final: -19 | Status: NOT AVAILABLE | Action: TAKEN
aqu1024.com | Brand: -25 | SEO: 1 | Final: -24 | Status: NOT AVAILABLE | Action: TAKEN
kampusqq.com | Brand: -40 | SEO: 16 | Final: -24 | Status: NOT AVAILABLE | Action: TAKEN
igotmarkled.com | Brand: -38 | SEO: 5 | Final: -33 | Status: NOT AVAILABLE | Action: TAKEN
organictrans.com | Brand: -38 | SEO: 5 | Final: -33 | Status: NOT AVAILABLE | Action: TAKEN
digifiduciary.com | Brand: -63 | SEO: 5 | Final: -58 | Status: NOT AVAILABLE | Action: TAKEN

=== UNKNOWN ===
geniolaw.com | Brand: 92 | SEO: 29 | Final: 121 | Status: UNKNOWN | Action: UNKNOWN | ERROR: NameSilo API error 210: Misuse of API
esspol.com | Brand: 77 | SEO: 16 | Final: 93 | Status: UNKNOWN | Action: UNKNOWN | ERROR: NameSilo API error 210: Misuse of API
azahabi.com | Brand: 72 | SEO: 16 | Final: 88 | Status: UNKNOWN | Action: UNKNOWN | ERROR: NameSilo API error 210: Misuse of API
hbswui.com | Brand: 54 | SEO: 16 | Final: 70 | Status: UNKNOWN | Action: UNKNOWN | ERROR: NameSilo API error 210: Misuse of API
goldenprintssolutions.com | Brand: 32 | SEO: 5 | Final: 37 | Status: UNKNOWN | Action: UNKNOWN | ERROR: NameSilo API error 210: Misuse of API
prophetgenhance.com | Brand: 27 | SEO: 5 | Final: 32 | Status: UNKNOWN | Action: UNKNOWN | ERROR: NameSilo API error 210: Misuse of API
bbo-prod.com | Brand: 20 | SEO: 1 | Final: 21 | Status: UNKNOWN | Action: UNKNOWN | ERROR: NameSilo API error 210: Misuse of API
preguntitassobredios.com | Brand: 12 | SEO: 5 | Final: 17 | Status: UNKNOWN | Action: UNKNOWN | ERROR: NameSilo API error 210: Misuse of API
thegoodguidesusa.com | Brand: 12 | SEO: 5 | Final: 17 | Status: UNKNOWN | Action: UNKNOWN | ERROR: NameSilo API error 210: Misuse of API
yachtinteriorworks.com | Brand: 12 | SEO: 5 | Final: 17 | Status: UNKNOWN | Action: UNKNOWN | ERROR: NameSilo API error 210: Misuse of API
leadershipfirstobm.com | Brand: 12 | SEO: 5 | Final: 17 | Status: UNKNOWN | Action: UNKNOWN | ERROR: NameSilo API error 210: Misuse of API
charis-apparel.com | Brand: 26 | SEO: -10 | Final: 16 | Status: UNKNOWN | Action: UNKNOWN | ERROR: NameSilo API error 210: Misuse of API
csf-on-time.com | Brand: 22 | SEO: -10 | Final: 12 | Status: UNKNOWN | Action: UNKNOWN | ERROR: NameSilo API error 210: Misuse of API
fabsxm.com | Brand: -18 | SEO: 16 | Final: -2 | Status: UNKNOWN | Action: UNKNOWN | ERROR: NameSilo API error 210: Misuse of API
nonu-designlab.com | Brand: 5 | SEO: -10 | Final: -5 | Status: UNKNOWN | Action: UNKNOWN | ERROR: NameSilo API error 210: Misuse of API
agence-cerenzia.com | Brand: -3 | SEO: -10 | Final: -13 | Status: UNKNOWN | Action: UNKNOWN | ERROR: NameSilo API error 210: Misuse of API
numeratout.com | Brand: -28 | SEO: 9 | Final: -19 | Status: UNKNOWN | Action: UNKNOWN | ERROR: NameSilo API error 210: Misuse of API
okglamping.com | Brand: -28 | SEO: 9 | Final: -19 | Status: UNKNOWN | Action: UNKNOWN | ERROR: NameSilo API error 210: Misuse of API
tamilewis.com | Brand: -28 | SEO: 9 | Final: -19 | Status: UNKNOWN | Action: UNKNOWN | ERROR: NameSilo API error 210: Misuse of API
mpostream.com | Brand: -28 | SEO: 9 | Final: -19 | Status: UNKNOWN | Action: UNKNOWN | ERROR: NameSilo API error 210: Misuse of API
ninevehsat.com | Brand: -28 | SEO: 9 | Final: -19 | Status: UNKNOWN | Action: UNKNOWN | ERROR: NameSilo API error 210: Misuse of API
minebeach.com | Brand: -28 | SEO: 9 | Final: -19 | Status: UNKNOWN | Action: UNKNOWN | ERROR: NameSilo API error 210: Misuse of API
traderage.com | Brand: -28 | SEO: 9 | Final: -19 | Status: UNKNOWN | Action: UNKNOWN | ERROR: NameSilo API error 210: Misuse of API
mycarinc.com | Brand: -40 | SEO: 16 | Final: -24 | Status: UNKNOWN | Action: UNKNOWN | ERROR: NameSilo API error 210: Misuse of API
shopkack.com | Brand: -40 | SEO: 16 | Final: -24 | Status: UNKNOWN | Action: UNKNOWN | ERROR: NameSilo API error 210: Misuse of API
rent-n-drop-bike.com | Brand: -18 | SEO: -10 | Final: -28 | Status: UNKNOWN | Action: UNKNOWN | ERROR: NameSilo API error 210: Misuse of API
1of1vacation.com | Brand: -23 | SEO: -6 | Final: -29 | Status: UNKNOWN | Action: UNKNOWN | ERROR: NameSilo API error 210: Misuse of API
sixrastreios.com | Brand: -38 | SEO: 5 | Final: -33 | Status: UNKNOWN | Action: UNKNOWN | ERROR: NameSilo API error 210: Misuse of API
marcoallara.com | Brand: -38 | SEO: 5 | Final: -33 | Status: UNKNOWN | Action: UNKNOWN | ERROR: NameSilo API error 210: Misuse of API
chickpeachix.com | Brand: -38 | SEO: 5 | Final: -33 | Status: UNKNOWN | Action: UNKNOWN | ERROR: NameSilo API error 210: Misuse of API
rosrefurboss.com | Brand: -38 | SEO: 5 | Final: -33 | Status: UNKNOWN | Action: UNKNOWN | ERROR: NameSilo API error 210: Misuse of API
faridjavadi.com | Brand: -38 | SEO: 5 | Final: -33 | Status: UNKNOWN | Action: UNKNOWN | ERROR: NameSilo API error 210: Misuse of API
directorydart.com | Brand: -63 | SEO: 5 | Final: -58 | Status: UNKNOWN | Action: UNKNOWN | ERROR: NameSilo API error 210: Misuse of API
learningfound.com | Brand: -63 | SEO: 5 | Final: -58 | Status: UNKNOWN | Action: UNKNOWN | ERROR: NameSilo API error 210: Misuse of API
1ghost.com | Brand: -60 | SEO: 1 | Final: -59 | Status: UNKNOWN | Action: UNKNOWN | ERROR: NameSilo API error 210: Misuse of API
chicjoieonline.com | Brand: -69 | SEO: 5 | Final: -64 | Status: UNKNOWN | Action: UNKNOWN | ERROR: NameSilo API error 210: Misuse of API
twshopping.com | Brand: -73 | SEO: 9 | Final: -64 | Status: UNKNOWN | Action: UNKNOWN | ERROR: NameSilo API error 210: Misuse of API
trainandboardmyk9littlerock.com | Brand: -74 | SEO: 1 | Final: -73 | Status: UNKNOWN | Action: UNKNOWN | ERROR: NameSilo API error 210: Misuse of API
connectthelove.com | Brand: -86 | SEO: 5 | Final: -81 | Status: UNKNOWN | Action: UNKNOWN | ERROR: NameSilo API error 210: Misuse of API
[deleted] HTTP status: 200
[deleted] Page length: 97355
[deleted] Domains found: 25
[closeout] HTTP status: 200
[closeout] Page length: 82612
[closeout] Domains found: 25
Found 50 total candidate domains

=== BUY CANDIDATES ===

=== REVIEW MANUALLY ===
hbswui.com | Brand: 54 | SEO: 16 | Final: 70 | Status: AVAILABLE | Action: REVIEW | Premium: NO | Reg Price: $17.29 | Renew: $17.29

=== SKIP ===
goldenprintssolutions.com | Brand: 32 | SEO: 5 | Final: 37 | Status: AVAILABLE | Action: SKIP | Premium: NO | Reg Price: $17.29 | Renew: $17.29
bbo-prod.com | Brand: 20 | SEO: 1 | Final: 21 | Status: AVAILABLE | Action: SKIP | Premium: NO | Reg Price: $17.29 | Renew: $17.29
thegoodguidesusa.com | Brand: 12 | SEO: 5 | Final: 17 | Status: AVAILABLE | Action: SKIP | Premium: NO | Reg Price: $17.29 | Renew: $17.29
charis-apparel.com | Brand: 26 | SEO: -10 | Final: 16 | Status: AVAILABLE | Action: SKIP | Premium: NO | Reg Price: $17.29 | Renew: $17.29
csf-on-time.com | Brand: 22 | SEO: -10 | Final: 12 | Status: AVAILABLE | Action: SKIP | Premium: NO | Reg Price: $17.29 | Renew: $17.29
fabsxm.com | Brand: -18 | SEO: 16 | Final: -2 | Status: AVAILABLE | Action: SKIP | Premium: NO | Reg Price: $17.29 | Renew: $17.29
rent-n-drop-bike.com | Brand: -18 | SEO: -10 | Final: -28 | Status: AVAILABLE | Action: SKIP | Premium: NO | Reg Price: $17.29 | Renew: $17.29
1of1vacation.com | Brand: -23 | SEO: -6 | Final: -29 | Status: AVAILABLE | Action: SKIP | Premium: NO | Reg Price: $17.29 | Renew: $17.29
trainandboardmyk9littlerock.com | Brand: -74 | SEO: 1 | Final: -73 | Status: AVAILABLE | Action: SKIP | Premium: NO | Reg Price: $17.29 | Renew: $17.29

=== TAKEN ===
geniolaw.com | Brand: 92 | SEO: 29 | Final: 121 | Status: NOT AVAILABLE | Action: TAKEN
esspol.com | Brand: 77 | SEO: 16 | Final: 93 | Status: NOT AVAILABLE | Action: TAKEN
azahabi.com | Brand: 72 | SEO: 16 | Final: 88 | Status: NOT AVAILABLE | Action: TAKEN
fabulousawesome.com | Brand: 27 | SEO: 5 | Final: 32 | Status: NOT AVAILABLE | Action: TAKEN
degreesprograms.com | Brand: 27 | SEO: 5 | Final: 32 | Status: NOT AVAILABLE | Action: TAKEN
preguntitassobredios.com | Brand: 12 | SEO: 5 | Final: 17 | Status: NOT AVAILABLE | Action: TAKEN
yachtinteriorworks.com | Brand: 12 | SEO: 5 | Final: 17 | Status: NOT AVAILABLE | Action: TAKEN
nonu-designlab.com | Brand: 5 | SEO: -10 | Final: -5 | Status: NOT AVAILABLE | Action: TAKEN
agence-cerenzia.com | Brand: -3 | SEO: -10 | Final: -13 | Status: NOT AVAILABLE | Action: TAKEN
numeratout.com | Brand: -28 | SEO: 9 | Final: -19 | Status: NOT AVAILABLE | Action: TAKEN
okglamping.com | Brand: -28 | SEO: 9 | Final: -19 | Status: NOT AVAILABLE | Action: TAKEN
tamilewis.com | Brand: -28 | SEO: 9 | Final: -19 | Status: NOT AVAILABLE | Action: TAKEN
mycarinc.com | Brand: -40 | SEO: 16 | Final: -24 | Status: NOT AVAILABLE | Action: TAKEN
sixrastreios.com | Brand: -38 | SEO: 5 | Final: -33 | Status: NOT AVAILABLE | Action: TAKEN
marcoallara.com | Brand: -38 | SEO: 5 | Final: -33 | Status: NOT AVAILABLE | Action: TAKEN
chickpeachix.com | Brand: -38 | SEO: 5 | Final: -33 | Status: NOT AVAILABLE | Action: TAKEN
rosrefurboss.com | Brand: -38 | SEO: 5 | Final: -33 | Status: NOT AVAILABLE | Action: TAKEN
mobiliseher.com | Brand: -38 | SEO: 5 | Final: -33 | Status: NOT AVAILABLE | Action: TAKEN
directorydart.com | Brand: -63 | SEO: 5 | Final: -58 | Status: NOT AVAILABLE | Action: TAKEN
shorthaulfarm.com | Brand: -63 | SEO: 5 | Final: -58 | Status: NOT AVAILABLE | Action: TAKEN
1ghost.com | Brand: -60 | SEO: 1 | Final: -59 | Status: NOT AVAILABLE | Action: TAKEN

=== UNKNOWN ===
weimanhome.com | Brand: 82 | SEO: 9 | Final: 91 | Status: UNKNOWN | Action: UNKNOWN | ERROR: NameSilo API error 210: Misuse of API
prophetgenhance.com | Brand: 27 | SEO: 5 | Final: 32 | Status: UNKNOWN | Action: UNKNOWN | ERROR: NameSilo API error 210: Misuse of API
leadershipfirstobm.com | Brand: 12 | SEO: 5 | Final: 17 | Status: UNKNOWN | Action: UNKNOWN | ERROR: NameSilo API error 210: Misuse of API
cfdsi.com | Brand: -8 | SEO: 16 | Final: 8 | Status: UNKNOWN | Action: UNKNOWN | ERROR: NameSilo API error 210: Misuse of API
majestic.com | Brand: -18 | SEO: 16 | Final: -2 | Status: UNKNOWN | Action: UNKNOWN | ERROR: NameSilo API error 210: Misuse of API
mpostream.com | Brand: -28 | SEO: 9 | Final: -19 | Status: UNKNOWN | Action: UNKNOWN | ERROR: NameSilo API error 210: Misuse of API
ninevehsat.com | Brand: -28 | SEO: 9 | Final: -19 | Status: UNKNOWN | Action: UNKNOWN | ERROR: NameSilo API error 210: Misuse of API
minebeach.com | Brand: -28 | SEO: 9 | Final: -19 | Status: UNKNOWN | Action: UNKNOWN | ERROR: NameSilo API error 210: Misuse of API
shopkack.com | Brand: -40 | SEO: 16 | Final: -24 | Status: UNKNOWN | Action: UNKNOWN | ERROR: NameSilo API error 210: Misuse of API
aqu1024.com | Brand: -25 | SEO: 1 | Final: -24 | Status: UNKNOWN | Action: UNKNOWN | ERROR: NameSilo API error 210: Misuse of API
faridjavadi.com | Brand: -38 | SEO: 5 | Final: -33 | Status: UNKNOWN | Action: UNKNOWN | ERROR: NameSilo API error 210: Misuse of API
igotmarkled.com | Brand: -38 | SEO: 5 | Final: -33 | Status: UNKNOWN | Action: UNKNOWN | ERROR: NameSilo API error 210: Misuse of API
organictrans.com | Brand: -38 | SEO: 5 | Final: -33 | Status: UNKNOWN | Action: UNKNOWN | ERROR: NameSilo API error 210: Misuse of API
cabcounts.com | Brand: -64 | SEO: 9 | Final: -55 | Status: UNKNOWN | Action: UNKNOWN | ERROR: NameSilo API error 210: Misuse of API
learningfound.com | Brand: -63 | SEO: 5 | Final: -58 | Status: UNKNOWN | Action: UNKNOWN | ERROR: NameSilo API error 210: Misuse of API
digifiduciary.com | Brand: -63 | SEO: 5 | Final: -58 | Status: UNKNOWN | Action: UNKNOWN | ERROR: NameSilo API error 210: Misuse of API
chicjoieonline.com | Brand: -69 | SEO: 5 | Final: -64 | Status: UNKNOWN | Action: UNKNOWN | ERROR: NameSilo API error 210: Misuse of API
twshopping.com | Brand: -73 | SEO: 9 | Final: -64 | Status: UNKNOWN | Action: UNKNOWN | ERROR: NameSilo API error 210: Misuse of API
connectthelove.com | Brand: -86 | SEO: 5 | Final: -81 | Status: UNKNOWN | Action: UNKNOWN | ERROR: NameSilo API error 210: Misuse of API
[deleted] HTTP status: 200
[deleted] Page length: 97874
[deleted] Domains found: 25
[closeout] HTTP status: 200
[closeout] Page length: 82612
[closeout] Domains found: 25
Found 50 total candidate domains

=== BUY CANDIDATES ===
🔥 HIGH VALUE DETECTED: awibic.com
awibic.com | Brand: 77 | SEO: 16 | Final: 93 | Status: AVAILABLE | Action: BUY_CANDIDATE | Premium: NO | Reg Price: $17.29 | Renew: $17.29
🔥 HIGH VALUE DETECTED: alleyesonnails.com
alleyesonnails.com | Brand: 62 | SEO: 23 | Final: 85 | Status: AVAILABLE | Action: BUY_CANDIDATE | Premium: NO | Reg Price: $17.29 | Renew: $17.29

=== REVIEW MANUALLY ===

=== SKIP ===
maryannmacharia.com | Brand: 27 | SEO: 5 | Final: 32 | Status: AVAILABLE | Action: SKIP | Premium: NO | Reg Price: $17.29 | Renew: $17.29
starcrossedsoulmate.com | Brand: 12 | SEO: 5 | Final: 17 | Status: AVAILABLE | Action: SKIP | Premium: NO | Reg Price: $17.29 | Renew: $17.29
lovingyousundaymorning.com | Brand: 12 | SEO: 5 | Final: 17 | Status: AVAILABLE | Action: SKIP | Premium: NO | Reg Price: $17.29 | Renew: $17.29
busbarbendmachine.com | Brand: 12 | SEO: 5 | Final: 17 | Status: AVAILABLE | Action: SKIP | Premium: NO | Reg Price: $17.29 | Renew: $17.29
carmichaelkingham.com | Brand: 12 | SEO: 5 | Final: 17 | Status: AVAILABLE | Action: SKIP | Premium: NO | Reg Price: $17.29 | Renew: $17.29
petrolinkresources.com | Brand: 12 | SEO: 5 | Final: 17 | Status: AVAILABLE | Action: SKIP | Premium: NO | Reg Price: $17.29 | Renew: $17.29
zentriga.com | Brand: -18 | SEO: 16 | Final: -2 | Status: AVAILABLE | Action: SKIP | Premium: NO | Reg Price: $17.29 | Renew: $17.29
mydonutnewsdirect.com | Brand: -10 | SEO: 5 | Final: -5 | Status: AVAILABLE | Action: SKIP | Premium: NO | Reg Price: $17.29 | Renew: $17.29
citrusservicesgroup.com | Brand: -13 | SEO: 5 | Final: -8 | Status: AVAILABLE | Action: SKIP | Premium: NO | Reg Price: $17.29 | Renew: $17.29
woollizoto.com | Brand: -28 | SEO: 9 | Final: -19 | Status: AVAILABLE | Action: SKIP | Premium: NO | Reg Price: $17.29 | Renew: $17.29
afm-2021.com | Brand: -33 | SEO: 1 | Final: -32 | Status: AVAILABLE | Action: SKIP | Premium: NO | Reg Price: $17.29 | Renew: $17.29
hampitherapy.com | Brand: -38 | SEO: 5 | Final: -33 | Status: AVAILABLE | Action: SKIP | Premium: NO | Reg Price: $17.29 | Renew: $17.29
noellepullin.com | Brand: -38 | SEO: 5 | Final: -33 | Status: AVAILABLE | Action: SKIP | Premium: NO | Reg Price: $17.29 | Renew: $17.29
muslintoptan.com | Brand: -38 | SEO: 5 | Final: -33 | Status: AVAILABLE | Action: SKIP | Premium: NO | Reg Price: $17.29 | Renew: $17.29
promenadecc.com | Brand: -38 | SEO: 5 | Final: -33 | Status: AVAILABLE | Action: SKIP | Premium: NO | Reg Price: $17.29 | Renew: $17.29
bsumplatform.com | Brand: -60 | SEO: 5 | Final: -55 | Status: AVAILABLE | Action: SKIP | Premium: NO | Reg Price: $17.29 | Renew: $17.29
sosprompts.com | Brand: -73 | SEO: 9 | Final: -64 | Status: AVAILABLE | Action: SKIP | Premium: NO | Reg Price: $17.29 | Renew: $17.29
betbhai9worldcup.com | Brand: -78 | SEO: 1 | Final: -77 | Status: AVAILABLE | Action: SKIP | Premium: NO | Reg Price: $17.29 | Renew: $17.29
buysilvergrams.com | Brand: -85 | SEO: 5 | Final: -80 | Status: AVAILABLE | Action: SKIP | Premium: NO | Reg Price: $17.29 | Renew: $17.29
brunswickly.com | Brand: -93 | SEO: 5 | Final: -88 | Status: AVAILABLE | Action: SKIP | Premium: NO | Reg Price: $17.29 | Renew: $17.29

=== TAKEN ===
esspol.com | Brand: 77 | SEO: 16 | Final: 93 | Status: NOT AVAILABLE | Action: TAKEN
fabulousawesome.com | Brand: 27 | SEO: 5 | Final: 32 | Status: NOT AVAILABLE | Action: TAKEN
degreesprograms.com | Brand: 27 | SEO: 5 | Final: 32 | Status: NOT AVAILABLE | Action: TAKEN
numeratout.com | Brand: -28 | SEO: 9 | Final: -19 | Status: NOT AVAILABLE | Action: TAKEN
mobiliseher.com | Brand: -38 | SEO: 5 | Final: -33 | Status: NOT AVAILABLE | Action: TAKEN
learningfound.com | Brand: -63 | SEO: 5 | Final: -58 | Status: NOT AVAILABLE | Action: TAKEN
1ghost.com | Brand: -60 | SEO: 1 | Final: -59 | Status: NOT AVAILABLE | Action: TAKEN
twshopping.com | Brand: -73 | SEO: 9 | Final: -64 | Status: NOT AVAILABLE | Action: TAKEN
connectthelove.com | Brand: -86 | SEO: 5 | Final: -81 | Status: NOT AVAILABLE | Action: TAKEN

=== UNKNOWN ===
weimanhome.com | Brand: 82 | SEO: 9 | Final: 91 | Status: UNKNOWN | Action: UNKNOWN | ERROR: NameSilo API error 210: Misuse of API
toprateshosting.com | Brand: 27 | SEO: 5 | Final: 32 | Status: UNKNOWN | Action: UNKNOWN | ERROR: NameSilo API error 210: Misuse of API
alp-vmware.com | Brand: 32 | SEO: -10 | Final: 22 | Status: UNKNOWN | Action: UNKNOWN | ERROR: NameSilo API error 210: Misuse of API
cfdsi.com | Brand: -8 | SEO: 16 | Final: 8 | Status: UNKNOWN | Action: UNKNOWN | ERROR: NameSilo API error 210: Misuse of API
majestic.com | Brand: -18 | SEO: 16 | Final: -2 | Status: UNKNOWN | Action: UNKNOWN | ERROR: NameSilo API error 210: Misuse of API
okglamping.com | Brand: -28 | SEO: 9 | Final: -19 | Status: UNKNOWN | Action: UNKNOWN | ERROR: NameSilo API error 210: Misuse of API
tamilewis.com | Brand: -28 | SEO: 9 | Final: -19 | Status: UNKNOWN | Action: UNKNOWN | ERROR: NameSilo API error 210: Misuse of API
mpostream.com | Brand: -28 | SEO: 9 | Final: -19 | Status: UNKNOWN | Action: UNKNOWN | ERROR: NameSilo API error 210: Misuse of API
ninevehsat.com | Brand: -28 | SEO: 9 | Final: -19 | Status: UNKNOWN | Action: UNKNOWN | ERROR: NameSilo API error 210: Misuse of API
minebeach.com | Brand: -28 | SEO: 9 | Final: -19 | Status: UNKNOWN | Action: UNKNOWN | ERROR: NameSilo API error 210: Misuse of API
mycarinc.com | Brand: -40 | SEO: 16 | Final: -24 | Status: UNKNOWN | Action: UNKNOWN | ERROR: NameSilo API error 210: Misuse of API
shopkack.com | Brand: -40 | SEO: 16 | Final: -24 | Status: UNKNOWN | Action: UNKNOWN | ERROR: NameSilo API error 210: Misuse of API
aqu1024.com | Brand: -25 | SEO: 1 | Final: -24 | Status: UNKNOWN | Action: UNKNOWN | ERROR: NameSilo API error 210: Misuse of API
gazetaantike.com | Brand: -38 | SEO: 5 | Final: -33 | Status: UNKNOWN | Action: UNKNOWN | ERROR: NameSilo API error 210: Misuse of API
igotmarkled.com | Brand: -38 | SEO: 5 | Final: -33 | Status: UNKNOWN | Action: UNKNOWN | ERROR: NameSilo API error 210: Misuse of API
organictrans.com | Brand: -38 | SEO: 5 | Final: -33 | Status: UNKNOWN | Action: UNKNOWN | ERROR: NameSilo API error 210: Misuse of API
cabcounts.com | Brand: -64 | SEO: 9 | Final: -55 | Status: UNKNOWN | Action: UNKNOWN | ERROR: NameSilo API error 210: Misuse of API
shorthaulfarm.com | Brand: -63 | SEO: 5 | Final: -58 | Status: UNKNOWN | Action: UNKNOWN | ERROR: NameSilo API error 210: Misuse of API
digifiduciary.com | Brand: -63 | SEO: 5 | Final: -58 | Status: UNKNOWN | Action: UNKNOWN | ERROR: NameSilo API error 210: Misuse of API
[deleted] HTTP status: 200
[deleted] Page length: 97810
[deleted] Domains found: 25
[closeout] HTTP status: 200
[closeout] Page length: 82625
[closeout] Domains found: 25
Found 50 total candidate domains

=== BUY CANDIDATES ===
🔥 HIGH VALUE DETECTED: awibic.com
awibic.com | Brand: 77 | SEO: 16 | Final: 93 | Status: AVAILABLE | Action: BUY_CANDIDATE | Premium: NO | Reg Price: $17.29 | Renew: $17.29
🔥 HIGH VALUE DETECTED: alleyesonnails.com
alleyesonnails.com | Brand: 62 | SEO: 23 | Final: 85 | Status: AVAILABLE | Action: BUY_CANDIDATE | Premium: NO | Reg Price: $17.29 | Renew: $17.29

=== REVIEW MANUALLY ===

=== SKIP ===
maryannmacharia.com | Brand: 27 | SEO: 5 | Final: 32 | Status: AVAILABLE | Action: SKIP | Premium: NO | Reg Price: $17.29 | Renew: $17.29
toprateshosting.com | Brand: 27 | SEO: 5 | Final: 32 | Status: AVAILABLE | Action: SKIP | Premium: NO | Reg Price: $17.29 | Renew: $17.29
alp-vmware.com | Brand: 32 | SEO: -10 | Final: 22 | Status: AVAILABLE | Action: SKIP | Premium: NO | Reg Price: $17.29 | Renew: $17.29
starcrossedsoulmate.com | Brand: 12 | SEO: 5 | Final: 17 | Status: AVAILABLE | Action: SKIP | Premium: NO | Reg Price: $17.29 | Renew: $17.29
lovingyousundaymorning.com | Brand: 12 | SEO: 5 | Final: 17 | Status: AVAILABLE | Action: SKIP | Premium: NO | Reg Price: $17.29 | Renew: $17.29
busbarbendmachine.com | Brand: 12 | SEO: 5 | Final: 17 | Status: AVAILABLE | Action: SKIP | Premium: NO | Reg Price: $17.29 | Renew: $17.29
carmichaelkingham.com | Brand: 12 | SEO: 5 | Final: 17 | Status: AVAILABLE | Action: SKIP | Premium: NO | Reg Price: $17.29 | Renew: $17.29
petrolinkresources.com | Brand: 12 | SEO: 5 | Final: 17 | Status: AVAILABLE | Action: SKIP | Premium: NO | Reg Price: $17.29 | Renew: $17.29
mydonutnewsdirect.com | Brand: -10 | SEO: 5 | Final: -5 | Status: AVAILABLE | Action: SKIP | Premium: NO | Reg Price: $17.29 | Renew: $17.29
citrusservicesgroup.com | Brand: -13 | SEO: 5 | Final: -8 | Status: AVAILABLE | Action: SKIP | Premium: NO | Reg Price: $17.29 | Renew: $17.29
woollizoto.com | Brand: -28 | SEO: 9 | Final: -19 | Status: AVAILABLE | Action: SKIP | Premium: NO | Reg Price: $17.29 | Renew: $17.29
afm-2021.com | Brand: -33 | SEO: 1 | Final: -32 | Status: AVAILABLE | Action: SKIP | Premium: NO | Reg Price: $17.29 | Renew: $17.29
hampitherapy.com | Brand: -38 | SEO: 5 | Final: -33 | Status: AVAILABLE | Action: SKIP | Premium: NO | Reg Price: $17.29 | Renew: $17.29
noellepullin.com | Brand: -38 | SEO: 5 | Final: -33 | Status: AVAILABLE | Action: SKIP | Premium: NO | Reg Price: $17.29 | Renew: $17.29
muslintoptan.com | Brand: -38 | SEO: 5 | Final: -33 | Status: AVAILABLE | Action: SKIP | Premium: NO | Reg Price: $17.29 | Renew: $17.29
promenadecc.com | Brand: -38 | SEO: 5 | Final: -33 | Status: AVAILABLE | Action: SKIP | Premium: NO | Reg Price: $17.29 | Renew: $17.29
gazetaantike.com | Brand: -38 | SEO: 5 | Final: -33 | Status: AVAILABLE | Action: SKIP | Premium: NO | Reg Price: $17.29 | Renew: $17.29
bsumplatform.com | Brand: -60 | SEO: 5 | Final: -55 | Status: AVAILABLE | Action: SKIP | Premium: NO | Reg Price: $17.29 | Renew: $17.29
sosprompts.com | Brand: -73 | SEO: 9 | Final: -64 | Status: AVAILABLE | Action: SKIP | Premium: NO | Reg Price: $17.29 | Renew: $17.29
betbhai9worldcup.com | Brand: -78 | SEO: 1 | Final: -77 | Status: AVAILABLE | Action: SKIP | Premium: NO | Reg Price: $17.29 | Renew: $17.29
buysilvergrams.com | Brand: -85 | SEO: 5 | Final: -80 | Status: AVAILABLE | Action: SKIP | Premium: NO | Reg Price: $17.29 | Renew: $17.29
brunswickly.com | Brand: -93 | SEO: 5 | Final: -88 | Status: AVAILABLE | Action: SKIP | Premium: NO | Reg Price: $17.29 | Renew: $17.29

=== TAKEN ===
fabulousawesome.com | Brand: 27 | SEO: 5 | Final: 32 | Status: NOT AVAILABLE | Action: TAKEN
zentriga.com | Brand: -18 | SEO: 16 | Final: -2 | Status: NOT AVAILABLE | Action: TAKEN
numeratout.com | Brand: -28 | SEO: 9 | Final: -19 | Status: NOT AVAILABLE | Action: TAKEN
mycarinc.com | Brand: -40 | SEO: 16 | Final: -24 | Status: NOT AVAILABLE | Action: TAKEN
learningfound.com | Brand: -63 | SEO: 5 | Final: -58 | Status: NOT AVAILABLE | Action: TAKEN
1ghost.com | Brand: -60 | SEO: 1 | Final: -59 | Status: NOT AVAILABLE | Action: TAKEN
twshopping.com | Brand: -73 | SEO: 9 | Final: -64 | Status: NOT AVAILABLE | Action: TAKEN

=== UNKNOWN ===
esspol.com | Brand: 77 | SEO: 16 | Final: 93 | Status: UNKNOWN | Action: UNKNOWN | ERROR: NameSilo API error 210: Misuse of API
awyken.com | Brand: 77 | SEO: 16 | Final: 93 | Status: UNKNOWN | Action: UNKNOWN | ERROR: NameSilo API error 210: Misuse of API
weimanhome.com | Brand: 82 | SEO: 9 | Final: 91 | Status: UNKNOWN | Action: UNKNOWN | ERROR: NameSilo API error 210: Misuse of API
degreesprograms.com | Brand: 27 | SEO: 5 | Final: 32 | Status: UNKNOWN | Action: UNKNOWN | ERROR: NameSilo API error 210: Misuse of API
okglamping.com | Brand: -28 | SEO: 9 | Final: -19 | Status: UNKNOWN | Action: UNKNOWN | ERROR: NameSilo API error 210: Misuse of API
tamilewis.com | Brand: -28 | SEO: 9 | Final: -19 | Status: UNKNOWN | Action: UNKNOWN | ERROR: NameSilo API error 210: Misuse of API
mpostream.com | Brand: -28 | SEO: 9 | Final: -19 | Status: UNKNOWN | Action: UNKNOWN | ERROR: NameSilo API error 210: Misuse of API
ninevehsat.com | Brand: -28 | SEO: 9 | Final: -19 | Status: UNKNOWN | Action: UNKNOWN | ERROR: NameSilo API error 210: Misuse of API
cinsaylive.com | Brand: -28 | SEO: 9 | Final: -19 | Status: UNKNOWN | Action: UNKNOWN | ERROR: NameSilo API error 210: Misuse of API
minebeach.com | Brand: -28 | SEO: 9 | Final: -19 | Status: UNKNOWN | Action: UNKNOWN | ERROR: NameSilo API error 210: Misuse of API
traderage.com | Brand: -28 | SEO: 9 | Final: -19 | Status: UNKNOWN | Action: UNKNOWN | ERROR: NameSilo API error 210: Misuse of API
justgovern.com | Brand: -28 | SEO: 9 | Final: -19 | Status: UNKNOWN | Action: UNKNOWN | ERROR: NameSilo API error 210: Misuse of API
shopkack.com | Brand: -40 | SEO: 16 | Final: -24 | Status: UNKNOWN | Action: UNKNOWN | ERROR: NameSilo API error 210: Misuse of API
aqu1024.com | Brand: -25 | SEO: 1 | Final: -24 | Status: UNKNOWN | Action: UNKNOWN | ERROR: NameSilo API error 210: Misuse of API
igotmarkled.com | Brand: -38 | SEO: 5 | Final: -33 | Status: UNKNOWN | Action: UNKNOWN | ERROR: NameSilo API error 210: Misuse of API
cabcounts.com | Brand: -64 | SEO: 9 | Final: -55 | Status: UNKNOWN | Action: UNKNOWN | ERROR: NameSilo API error 210: Misuse of API
shorthaulfoods.com | Brand: -63 | SEO: 5 | Final: -58 | Status: UNKNOWN | Action: UNKNOWN | ERROR: NameSilo API error 210: Misuse of API
digifiduciary.com | Brand: -63 | SEO: 5 | Final: -58 | Status: UNKNOWN | Action: UNKNOWN | ERROR: NameSilo API error 210: Misuse of API
connectthelove.com | Brand: -86 | SEO: 5 | Final: -81 | Status: UNKNOWN | Action: UNKNOWN | ERROR: NameSilo API error 210: Misuse of API
[deleted] HTTP status: 200
[deleted] Page length: 97810
[deleted] Domains found: 25
[closeout] HTTP status: 200
[closeout] Page length: 82537
[closeout] Domains found: 25
Found 50 total candidate domains

=== BUY CANDIDATES ===
🔥 HIGH VALUE DETECTED: awibic.com
awibic.com | Brand: 77 | SEO: 16 | Final: 93 | Status: AVAILABLE | Action: BUY_CANDIDATE | Premium: NO | Reg Price: $17.29 | Renew: $17.29
🔥 HIGH VALUE DETECTED: alleyesonnails.com
alleyesonnails.com | Brand: 62 | SEO: 23 | Final: 85 | Status: AVAILABLE | Action: BUY_CANDIDATE | Premium: NO | Reg Price: $17.29 | Renew: $17.29

=== REVIEW MANUALLY ===

=== SKIP ===
maryannmacharia.com | Brand: 27 | SEO: 5 | Final: 32 | Status: AVAILABLE | Action: SKIP | Premium: NO | Reg Price: $17.29 | Renew: $17.29
toprateshosting.com | Brand: 27 | SEO: 5 | Final: 32 | Status: AVAILABLE | Action: SKIP | Premium: NO | Reg Price: $17.29 | Renew: $17.29
alp-vmware.com | Brand: 32 | SEO: -10 | Final: 22 | Status: AVAILABLE | Action: SKIP | Premium: NO | Reg Price: $17.29 | Renew: $17.29
starcrossedsoulmate.com | Brand: 12 | SEO: 5 | Final: 17 | Status: AVAILABLE | Action: SKIP | Premium: NO | Reg Price: $17.29 | Renew: $17.29
lovingyousundaymorning.com | Brand: 12 | SEO: 5 | Final: 17 | Status: AVAILABLE | Action: SKIP | Premium: NO | Reg Price: $17.29 | Renew: $17.29
busbarbendmachine.com | Brand: 12 | SEO: 5 | Final: 17 | Status: AVAILABLE | Action: SKIP | Premium: NO | Reg Price: $17.29 | Renew: $17.29
carmichaelkingham.com | Brand: 12 | SEO: 5 | Final: 17 | Status: AVAILABLE | Action: SKIP | Premium: NO | Reg Price: $17.29 | Renew: $17.29
petrolinkresources.com | Brand: 12 | SEO: 5 | Final: 17 | Status: AVAILABLE | Action: SKIP | Premium: NO | Reg Price: $17.29 | Renew: $17.29
mydonutnewsdirect.com | Brand: -10 | SEO: 5 | Final: -5 | Status: AVAILABLE | Action: SKIP | Premium: NO | Reg Price: $17.29 | Renew: $17.29
citrusservicesgroup.com | Brand: -13 | SEO: 5 | Final: -8 | Status: AVAILABLE | Action: SKIP | Premium: NO | Reg Price: $17.29 | Renew: $17.29
woollizoto.com | Brand: -28 | SEO: 9 | Final: -19 | Status: AVAILABLE | Action: SKIP | Premium: NO | Reg Price: $17.29 | Renew: $17.29
afm-2021.com | Brand: -33 | SEO: 1 | Final: -32 | Status: AVAILABLE | Action: SKIP | Premium: NO | Reg Price: $17.29 | Renew: $17.29
hampitherapy.com | Brand: -38 | SEO: 5 | Final: -33 | Status: AVAILABLE | Action: SKIP | Premium: NO | Reg Price: $17.29 | Renew: $17.29
noellepullin.com | Brand: -38 | SEO: 5 | Final: -33 | Status: AVAILABLE | Action: SKIP | Premium: NO | Reg Price: $17.29 | Renew: $17.29
muslintoptan.com | Brand: -38 | SEO: 5 | Final: -33 | Status: AVAILABLE | Action: SKIP | Premium: NO | Reg Price: $17.29 | Renew: $17.29
promenadecc.com | Brand: -38 | SEO: 5 | Final: -33 | Status: AVAILABLE | Action: SKIP | Premium: NO | Reg Price: $17.29 | Renew: $17.29
gazetaantike.com | Brand: -38 | SEO: 5 | Final: -33 | Status: AVAILABLE | Action: SKIP | Premium: NO | Reg Price: $17.29 | Renew: $17.29
bsumplatform.com | Brand: -60 | SEO: 5 | Final: -55 | Status: AVAILABLE | Action: SKIP | Premium: NO | Reg Price: $17.29 | Renew: $17.29
sosprompts.com | Brand: -73 | SEO: 9 | Final: -64 | Status: AVAILABLE | Action: SKIP | Premium: NO | Reg Price: $17.29 | Renew: $17.29
betbhai9worldcup.com | Brand: -78 | SEO: 1 | Final: -77 | Status: AVAILABLE | Action: SKIP | Premium: NO | Reg Price: $17.29 | Renew: $17.29
buysilvergrams.com | Brand: -85 | SEO: 5 | Final: -80 | Status: AVAILABLE | Action: SKIP | Premium: NO | Reg Price: $17.29 | Renew: $17.29
brunswickly.com | Brand: -93 | SEO: 5 | Final: -88 | Status: AVAILABLE | Action: SKIP | Premium: NO | Reg Price: $17.29 | Renew: $17.29

=== TAKEN ===
esspol.com | Brand: 77 | SEO: 16 | Final: 93 | Status: NOT AVAILABLE | Action: TAKEN
weimanhome.com | Brand: 82 | SEO: 9 | Final: 91 | Status: NOT AVAILABLE | Action: TAKEN
npstaff.com | Brand: 17 | SEO: 16 | Final: 33 | Status: NOT AVAILABLE | Action: TAKEN
fabulousawesome.com | Brand: 27 | SEO: 5 | Final: 32 | Status: NOT AVAILABLE | Action: TAKEN
gewindefahrwerk.com | Brand: 27 | SEO: 5 | Final: 32 | Status: NOT AVAILABLE | Action: TAKEN
zentriga.com | Brand: -18 | SEO: 16 | Final: -2 | Status: NOT AVAILABLE | Action: TAKEN
majestic.com | Brand: -18 | SEO: 16 | Final: -2 | Status: NOT AVAILABLE | Action: TAKEN
numeratout.com | Brand: -28 | SEO: 9 | Final: -19 | Status: NOT AVAILABLE | Action: TAKEN
mpostream.com | Brand: -28 | SEO: 9 | Final: -19 | Status: NOT AVAILABLE | Action: TAKEN
ninevehsat.com | Brand: -28 | SEO: 9 | Final: -19 | Status: NOT AVAILABLE | Action: TAKEN
cinsaylive.com | Brand: -28 | SEO: 9 | Final: -19 | Status: NOT AVAILABLE | Action: TAKEN
minebeach.com | Brand: -28 | SEO: 9 | Final: -19 | Status: NOT AVAILABLE | Action: TAKEN
mycarinc.com | Brand: -40 | SEO: 16 | Final: -24 | Status: NOT AVAILABLE | Action: TAKEN
shopkack.com | Brand: -40 | SEO: 16 | Final: -24 | Status: NOT AVAILABLE | Action: TAKEN
aqu1024.com | Brand: -25 | SEO: 1 | Final: -24 | Status: NOT AVAILABLE | Action: TAKEN
kampusqq.com | Brand: -40 | SEO: 16 | Final: -24 | Status: NOT AVAILABLE | Action: TAKEN
igotmarkled.com | Brand: -38 | SEO: 5 | Final: -33 | Status: NOT AVAILABLE | Action: TAKEN
cabcounts.com | Brand: -64 | SEO: 9 | Final: -55 | Status: NOT AVAILABLE | Action: TAKEN
learningfound.com | Brand: -63 | SEO: 5 | Final: -58 | Status: NOT AVAILABLE | Action: TAKEN
shorthaulfarm.com | Brand: -63 | SEO: 5 | Final: -58 | Status: NOT AVAILABLE | Action: TAKEN
shorthaulfoods.com | Brand: -63 | SEO: 5 | Final: -58 | Status: NOT AVAILABLE | Action: TAKEN
digifiduciary.com | Brand: -63 | SEO: 5 | Final: -58 | Status: NOT AVAILABLE | Action: TAKEN
1ghost.com | Brand: -60 | SEO: 1 | Final: -59 | Status: NOT AVAILABLE | Action: TAKEN
twshopping.com | Brand: -73 | SEO: 9 | Final: -64 | Status: NOT AVAILABLE | Action: TAKEN
connectthelove.com | Brand: -86 | SEO: 5 | Final: -81 | Status: NOT AVAILABLE | Action: TAKEN
makeandprosper.com | Brand: -86 | SEO: 5 | Final: -81 | Status: NOT AVAILABLE | Action: TAKEN
[deleted] HTTP status: 200
[deleted] Page length: 97810
[deleted] Domains found: 25
[closeout] HTTP status: 200
[closeout] Page length: 82523
[closeout] Domains found: 25
Found 50 total candidate domains

=== BUY CANDIDATES ===
🔥 HIGH VALUE DETECTED: awibic.com
awibic.com | Brand: 77 | SEO: 16 | Final: 93 | Status: AVAILABLE | Action: BUY_CANDIDATE | Premium: NO | Reg Price: $17.29 | Renew: $17.29
🔥 HIGH VALUE DETECTED: alleyesonnails.com
alleyesonnails.com | Brand: 62 | SEO: 23 | Final: 85 | Status: AVAILABLE | Action: BUY_CANDIDATE | Premium: NO | Reg Price: $17.29 | Renew: $17.29

=== REVIEW MANUALLY ===

=== SKIP ===
maryannmacharia.com | Brand: 27 | SEO: 5 | Final: 32 | Status: AVAILABLE | Action: SKIP | Premium: NO | Reg Price: $17.29 | Renew: $17.29
toprateshosting.com | Brand: 27 | SEO: 5 | Final: 32 | Status: AVAILABLE | Action: SKIP | Premium: NO | Reg Price: $17.29 | Renew: $17.29
alp-vmware.com | Brand: 32 | SEO: -10 | Final: 22 | Status: AVAILABLE | Action: SKIP | Premium: NO | Reg Price: $17.29 | Renew: $17.29
starcrossedsoulmate.com | Brand: 12 | SEO: 5 | Final: 17 | Status: AVAILABLE | Action: SKIP | Premium: NO | Reg Price: $17.29 | Renew: $17.29
lovingyousundaymorning.com | Brand: 12 | SEO: 5 | Final: 17 | Status: AVAILABLE | Action: SKIP | Premium: NO | Reg Price: $17.29 | Renew: $17.29
busbarbendmachine.com | Brand: 12 | SEO: 5 | Final: 17 | Status: AVAILABLE | Action: SKIP | Premium: NO | Reg Price: $17.29 | Renew: $17.29
carmichaelkingham.com | Brand: 12 | SEO: 5 | Final: 17 | Status: AVAILABLE | Action: SKIP | Premium: NO | Reg Price: $17.29 | Renew: $17.29
petrolinkresources.com | Brand: 12 | SEO: 5 | Final: 17 | Status: AVAILABLE | Action: SKIP | Premium: NO | Reg Price: $17.29 | Renew: $17.29
mydonutnewsdirect.com | Brand: -10 | SEO: 5 | Final: -5 | Status: AVAILABLE | Action: SKIP | Premium: NO | Reg Price: $17.29 | Renew: $17.29
citrusservicesgroup.com | Brand: -13 | SEO: 5 | Final: -8 | Status: AVAILABLE | Action: SKIP | Premium: NO | Reg Price: $17.29 | Renew: $17.29
woollizoto.com | Brand: -28 | SEO: 9 | Final: -19 | Status: AVAILABLE | Action: SKIP | Premium: NO | Reg Price: $17.29 | Renew: $17.29
afm-2021.com | Brand: -33 | SEO: 1 | Final: -32 | Status: AVAILABLE | Action: SKIP | Premium: NO | Reg Price: $17.29 | Renew: $17.29
hampitherapy.com | Brand: -38 | SEO: 5 | Final: -33 | Status: AVAILABLE | Action: SKIP | Premium: NO | Reg Price: $17.29 | Renew: $17.29
noellepullin.com | Brand: -38 | SEO: 5 | Final: -33 | Status: AVAILABLE | Action: SKIP | Premium: NO | Reg Price: $17.29 | Renew: $17.29
muslintoptan.com | Brand: -38 | SEO: 5 | Final: -33 | Status: AVAILABLE | Action: SKIP | Premium: NO | Reg Price: $17.29 | Renew: $17.29
promenadecc.com | Brand: -38 | SEO: 5 | Final: -33 | Status: AVAILABLE | Action: SKIP | Premium: NO | Reg Price: $17.29 | Renew: $17.29
gazetaantike.com | Brand: -38 | SEO: 5 | Final: -33 | Status: AVAILABLE | Action: SKIP | Premium: NO | Reg Price: $17.29 | Renew: $17.29
bsumplatform.com | Brand: -60 | SEO: 5 | Final: -55 | Status: AVAILABLE | Action: SKIP | Premium: NO | Reg Price: $17.29 | Renew: $17.29
sosprompts.com | Brand: -73 | SEO: 9 | Final: -64 | Status: AVAILABLE | Action: SKIP | Premium: NO | Reg Price: $17.29 | Renew: $17.29
betbhai9worldcup.com | Brand: -78 | SEO: 1 | Final: -77 | Status: AVAILABLE | Action: SKIP | Premium: NO | Reg Price: $17.29 | Renew: $17.29
buysilvergrams.com | Brand: -85 | SEO: 5 | Final: -80 | Status: AVAILABLE | Action: SKIP | Premium: NO | Reg Price: $17.29 | Renew: $17.29
brunswickly.com | Brand: -93 | SEO: 5 | Final: -88 | Status: AVAILABLE | Action: SKIP | Premium: NO | Reg Price: $17.29 | Renew: $17.29

=== TAKEN ===
esspol.com | Brand: 77 | SEO: 16 | Final: 93 | Status: NOT AVAILABLE | Action: TAKEN
awyken.com | Brand: 77 | SEO: 16 | Final: 93 | Status: NOT AVAILABLE | Action: TAKEN
weimanhome.com | Brand: 82 | SEO: 9 | Final: 91 | Status: NOT AVAILABLE | Action: TAKEN
npstaff.com | Brand: 17 | SEO: 16 | Final: 33 | Status: NOT AVAILABLE | Action: TAKEN
fabulousawesome.com | Brand: 27 | SEO: 5 | Final: 32 | Status: NOT AVAILABLE | Action: TAKEN
zentriga.com | Brand: -18 | SEO: 16 | Final: -2 | Status: NOT AVAILABLE | Action: TAKEN
majestic.com | Brand: -18 | SEO: 16 | Final: -2 | Status: NOT AVAILABLE | Action: TAKEN
numeratout.com | Brand: -28 | SEO: 9 | Final: -19 | Status: NOT AVAILABLE | Action: TAKEN
mpostream.com | Brand: -28 | SEO: 9 | Final: -19 | Status: NOT AVAILABLE | Action: TAKEN
ninevehsat.com | Brand: -28 | SEO: 9 | Final: -19 | Status: NOT AVAILABLE | Action: TAKEN
cinsaylive.com | Brand: -28 | SEO: 9 | Final: -19 | Status: NOT AVAILABLE | Action: TAKEN
minebeach.com | Brand: -28 | SEO: 9 | Final: -19 | Status: NOT AVAILABLE | Action: TAKEN
mycarinc.com | Brand: -40 | SEO: 16 | Final: -24 | Status: NOT AVAILABLE | Action: TAKEN
shopkack.com | Brand: -40 | SEO: 16 | Final: -24 | Status: NOT AVAILABLE | Action: TAKEN
aqu1024.com | Brand: -25 | SEO: 1 | Final: -24 | Status: NOT AVAILABLE | Action: TAKEN
kampusqq.com | Brand: -40 | SEO: 16 | Final: -24 | Status: NOT AVAILABLE | Action: TAKEN
igotmarkled.com | Brand: -38 | SEO: 5 | Final: -33 | Status: NOT AVAILABLE | Action: TAKEN
cabcounts.com | Brand: -64 | SEO: 9 | Final: -55 | Status: NOT AVAILABLE | Action: TAKEN
learningfound.com | Brand: -63 | SEO: 5 | Final: -58 | Status: NOT AVAILABLE | Action: TAKEN
shorthaulfarm.com | Brand: -63 | SEO: 5 | Final: -58 | Status: NOT AVAILABLE | Action: TAKEN
shorthaulfoods.com | Brand: -63 | SEO: 5 | Final: -58 | Status: NOT AVAILABLE | Action: TAKEN
digifiduciary.com | Brand: -63 | SEO: 5 | Final: -58 | Status: NOT AVAILABLE | Action: TAKEN
1ghost.com | Brand: -60 | SEO: 1 | Final: -59 | Status: NOT AVAILABLE | Action: TAKEN
twshopping.com | Brand: -73 | SEO: 9 | Final: -64 | Status: NOT AVAILABLE | Action: TAKEN
connectthelove.com | Brand: -86 | SEO: 5 | Final: -81 | Status: NOT AVAILABLE | Action: TAKEN
makeandprosper.com | Brand: -86 | SEO: 5 | Final: -81 | Status: NOT AVAILABLE | Action: TAKEN
[deleted] HTTP status: 200
[deleted] Page length: 97910
[deleted] Domains found: 25
[closeout] HTTP status: 200
[closeout] Page length: 82523
[closeout] Domains found: 25
Found 50 total candidate domains

=== BUY CANDIDATES ===
🔥 HIGH VALUE DETECTED: awibic.com
awibic.com | Brand: 77 | SEO: 16 | Final: 93 | Status: AVAILABLE | Action: BUY_CANDIDATE | Premium: NO | Reg Price: $17.29 | Renew: $17.29
🔥 HIGH VALUE DETECTED: alleyesonnails.com
alleyesonnails.com | Brand: 62 | SEO: 23 | Final: 85 | Status: AVAILABLE | Action: BUY_CANDIDATE | Premium: NO | Reg Price: $17.29 | Renew: $17.29

=== REVIEW MANUALLY ===

=== SKIP ===
maryannmacharia.com | Brand: 27 | SEO: 5 | Final: 32 | Status: AVAILABLE | Action: SKIP | Premium: NO | Reg Price: $17.29 | Renew: $17.29
toprateshosting.com | Brand: 27 | SEO: 5 | Final: 32 | Status: AVAILABLE | Action: SKIP | Premium: NO | Reg Price: $17.29 | Renew: $17.29
alp-vmware.com | Brand: 32 | SEO: -10 | Final: 22 | Status: AVAILABLE | Action: SKIP | Premium: NO | Reg Price: $17.29 | Renew: $17.29
starcrossedsoulmate.com | Brand: 12 | SEO: 5 | Final: 17 | Status: AVAILABLE | Action: SKIP | Premium: NO | Reg Price: $17.29 | Renew: $17.29
lovingyousundaymorning.com | Brand: 12 | SEO: 5 | Final: 17 | Status: AVAILABLE | Action: SKIP | Premium: NO | Reg Price: $17.29 | Renew: $17.29
busbarbendmachine.com | Brand: 12 | SEO: 5 | Final: 17 | Status: AVAILABLE | Action: SKIP | Premium: NO | Reg Price: $17.29 | Renew: $17.29
carmichaelkingham.com | Brand: 12 | SEO: 5 | Final: 17 | Status: AVAILABLE | Action: SKIP | Premium: NO | Reg Price: $17.29 | Renew: $17.29
petrolinkresources.com | Brand: 12 | SEO: 5 | Final: 17 | Status: AVAILABLE | Action: SKIP | Premium: NO | Reg Price: $17.29 | Renew: $17.29
mydonutnewsdirect.com | Brand: -10 | SEO: 5 | Final: -5 | Status: AVAILABLE | Action: SKIP | Premium: NO | Reg Price: $17.29 | Renew: $17.29
citrusservicesgroup.com | Brand: -13 | SEO: 5 | Final: -8 | Status: AVAILABLE | Action: SKIP | Premium: NO | Reg Price: $17.29 | Renew: $17.29
woollizoto.com | Brand: -28 | SEO: 9 | Final: -19 | Status: AVAILABLE | Action: SKIP | Premium: NO | Reg Price: $17.29 | Renew: $17.29
afm-2021.com | Brand: -33 | SEO: 1 | Final: -32 | Status: AVAILABLE | Action: SKIP | Premium: NO | Reg Price: $17.29 | Renew: $17.29
hampitherapy.com | Brand: -38 | SEO: 5 | Final: -33 | Status: AVAILABLE | Action: SKIP | Premium: NO | Reg Price: $17.29 | Renew: $17.29
noellepullin.com | Brand: -38 | SEO: 5 | Final: -33 | Status: AVAILABLE | Action: SKIP | Premium: NO | Reg Price: $17.29 | Renew: $17.29
muslintoptan.com | Brand: -38 | SEO: 5 | Final: -33 | Status: AVAILABLE | Action: SKIP | Premium: NO | Reg Price: $17.29 | Renew: $17.29
promenadecc.com | Brand: -38 | SEO: 5 | Final: -33 | Status: AVAILABLE | Action: SKIP | Premium: NO | Reg Price: $17.29 | Renew: $17.29
gazetaantike.com | Brand: -38 | SEO: 5 | Final: -33 | Status: AVAILABLE | Action: SKIP | Premium: NO | Reg Price: $17.29 | Renew: $17.29
bsumplatform.com | Brand: -60 | SEO: 5 | Final: -55 | Status: AVAILABLE | Action: SKIP | Premium: NO | Reg Price: $17.29 | Renew: $17.29
sosprompts.com | Brand: -73 | SEO: 9 | Final: -64 | Status: AVAILABLE | Action: SKIP | Premium: NO | Reg Price: $17.29 | Renew: $17.29
betbhai9worldcup.com | Brand: -78 | SEO: 1 | Final: -77 | Status: AVAILABLE | Action: SKIP | Premium: NO | Reg Price: $17.29 | Renew: $17.29
buysilvergrams.com | Brand: -85 | SEO: 5 | Final: -80 | Status: AVAILABLE | Action: SKIP | Premium: NO | Reg Price: $17.29 | Renew: $17.29
brunswickly.com | Brand: -93 | SEO: 5 | Final: -88 | Status: AVAILABLE | Action: SKIP | Premium: NO | Reg Price: $17.29 | Renew: $17.29

=== TAKEN ===
esspol.com | Brand: 77 | SEO: 16 | Final: 93 | Status: NOT AVAILABLE | Action: TAKEN
awyken.com | Brand: 77 | SEO: 16 | Final: 93 | Status: NOT AVAILABLE | Action: TAKEN
weimanhome.com | Brand: 82 | SEO: 9 | Final: 91 | Status: NOT AVAILABLE | Action: TAKEN
npstaff.com | Brand: 17 | SEO: 16 | Final: 33 | Status: NOT AVAILABLE | Action: TAKEN
fabulousawesome.com | Brand: 27 | SEO: 5 | Final: 32 | Status: NOT AVAILABLE | Action: TAKEN
zentriga.com | Brand: -18 | SEO: 16 | Final: -2 | Status: NOT AVAILABLE | Action: TAKEN
majestic.com | Brand: -18 | SEO: 16 | Final: -2 | Status: NOT AVAILABLE | Action: TAKEN
numeratout.com | Brand: -28 | SEO: 9 | Final: -19 | Status: NOT AVAILABLE | Action: TAKEN
mpostream.com | Brand: -28 | SEO: 9 | Final: -19 | Status: NOT AVAILABLE | Action: TAKEN
ninevehsat.com | Brand: -28 | SEO: 9 | Final: -19 | Status: NOT AVAILABLE | Action: TAKEN
cinsaylive.com | Brand: -28 | SEO: 9 | Final: -19 | Status: NOT AVAILABLE | Action: TAKEN
minebeach.com | Brand: -28 | SEO: 9 | Final: -19 | Status: NOT AVAILABLE | Action: TAKEN
mycarinc.com | Brand: -40 | SEO: 16 | Final: -24 | Status: NOT AVAILABLE | Action: TAKEN
shopkack.com | Brand: -40 | SEO: 16 | Final: -24 | Status: NOT AVAILABLE | Action: TAKEN
aqu1024.com | Brand: -25 | SEO: 1 | Final: -24 | Status: NOT AVAILABLE | Action: TAKEN
kampusqq.com | Brand: -40 | SEO: 16 | Final: -24 | Status: NOT AVAILABLE | Action: TAKEN
igotmarkled.com | Brand: -38 | SEO: 5 | Final: -33 | Status: NOT AVAILABLE | Action: TAKEN
cabcounts.com | Brand: -64 | SEO: 9 | Final: -55 | Status: NOT AVAILABLE | Action: TAKEN
learningfound.com | Brand: -63 | SEO: 5 | Final: -58 | Status: NOT AVAILABLE | Action: TAKEN
shorthaulfarm.com | Brand: -63 | SEO: 5 | Final: -58 | Status: NOT AVAILABLE | Action: TAKEN
shorthaulfoods.com | Brand: -63 | SEO: 5 | Final: -58 | Status: NOT AVAILABLE | Action: TAKEN
digifiduciary.com | Brand: -63 | SEO: 5 | Final: -58 | Status: NOT AVAILABLE | Action: TAKEN
1ghost.com | Brand: -60 | SEO: 1 | Final: -59 | Status: NOT AVAILABLE | Action: TAKEN
twshopping.com | Brand: -73 | SEO: 9 | Final: -64 | Status: NOT AVAILABLE | Action: TAKEN
connectthelove.com | Brand: -86 | SEO: 5 | Final: -81 | Status: NOT AVAILABLE | Action: TAKEN
makeandprosper.com | Brand: -86 | SEO: 5 | Final: -81 | Status: NOT AVAILABLE | Action: TAKEN
[deleted] HTTP status: 200
[deleted] Page length: 97910
[deleted] Domains found: 25
[closeout] HTTP status: 200
[closeout] Page length: 82523
[closeout] Domains found: 25
Found 50 total candidate domains

=== BUY CANDIDATES ===
🔥 HIGH VALUE DETECTED: awibic.com
awibic.com | Brand: 77 | SEO: 16 | Final: 93 | Status: AVAILABLE | Action: BUY_CANDIDATE | Premium: NO | Reg Price: $17.29 | Renew: $17.29
🔥 HIGH VALUE DETECTED: alleyesonnails.com
alleyesonnails.com | Brand: 62 | SEO: 23 | Final: 85 | Status: AVAILABLE | Action: BUY_CANDIDATE | Premium: NO | Reg Price: $17.29 | Renew: $17.29

=== REVIEW MANUALLY ===

=== SKIP ===
maryannmacharia.com | Brand: 27 | SEO: 5 | Final: 32 | Status: AVAILABLE | Action: SKIP | Premium: NO | Reg Price: $17.29 | Renew: $17.29
toprateshosting.com | Brand: 27 | SEO: 5 | Final: 32 | Status: AVAILABLE | Action: SKIP | Premium: NO | Reg Price: $17.29 | Renew: $17.29
alp-vmware.com | Brand: 32 | SEO: -10 | Final: 22 | Status: AVAILABLE | Action: SKIP | Premium: NO | Reg Price: $17.29 | Renew: $17.29
starcrossedsoulmate.com | Brand: 12 | SEO: 5 | Final: 17 | Status: AVAILABLE | Action: SKIP | Premium: NO | Reg Price: $17.29 | Renew: $17.29
lovingyousundaymorning.com | Brand: 12 | SEO: 5 | Final: 17 | Status: AVAILABLE | Action: SKIP | Premium: NO | Reg Price: $17.29 | Renew: $17.29
busbarbendmachine.com | Brand: 12 | SEO: 5 | Final: 17 | Status: AVAILABLE | Action: SKIP | Premium: NO | Reg Price: $17.29 | Renew: $17.29
carmichaelkingham.com | Brand: 12 | SEO: 5 | Final: 17 | Status: AVAILABLE | Action: SKIP | Premium: NO | Reg Price: $17.29 | Renew: $17.29
petrolinkresources.com | Brand: 12 | SEO: 5 | Final: 17 | Status: AVAILABLE | Action: SKIP | Premium: NO | Reg Price: $17.29 | Renew: $17.29
mydonutnewsdirect.com | Brand: -10 | SEO: 5 | Final: -5 | Status: AVAILABLE | Action: SKIP | Premium: NO | Reg Price: $17.29 | Renew: $17.29
citrusservicesgroup.com | Brand: -13 | SEO: 5 | Final: -8 | Status: AVAILABLE | Action: SKIP | Premium: NO | Reg Price: $17.29 | Renew: $17.29
woollizoto.com | Brand: -28 | SEO: 9 | Final: -19 | Status: AVAILABLE | Action: SKIP | Premium: NO | Reg Price: $17.29 | Renew: $17.29
afm-2021.com | Brand: -33 | SEO: 1 | Final: -32 | Status: AVAILABLE | Action: SKIP | Premium: NO | Reg Price: $17.29 | Renew: $17.29
hampitherapy.com | Brand: -38 | SEO: 5 | Final: -33 | Status: AVAILABLE | Action: SKIP | Premium: NO | Reg Price: $17.29 | Renew: $17.29
noellepullin.com | Brand: -38 | SEO: 5 | Final: -33 | Status: AVAILABLE | Action: SKIP | Premium: NO | Reg Price: $17.29 | Renew: $17.29
muslintoptan.com | Brand: -38 | SEO: 5 | Final: -33 | Status: AVAILABLE | Action: SKIP | Premium: NO | Reg Price: $17.29 | Renew: $17.29
promenadecc.com | Brand: -38 | SEO: 5 | Final: -33 | Status: AVAILABLE | Action: SKIP | Premium: NO | Reg Price: $17.29 | Renew: $17.29
gazetaantike.com | Brand: -38 | SEO: 5 | Final: -33 | Status: AVAILABLE | Action: SKIP | Premium: NO | Reg Price: $17.29 | Renew: $17.29
bsumplatform.com | Brand: -60 | SEO: 5 | Final: -55 | Status: AVAILABLE | Action: SKIP | Premium: NO | Reg Price: $17.29 | Renew: $17.29
sosprompts.com | Brand: -73 | SEO: 9 | Final: -64 | Status: AVAILABLE | Action: SKIP | Premium: NO | Reg Price: $17.29 | Renew: $17.29
betbhai9worldcup.com | Brand: -78 | SEO: 1 | Final: -77 | Status: AVAILABLE | Action: SKIP | Premium: NO | Reg Price: $17.29 | Renew: $17.29
buysilvergrams.com | Brand: -85 | SEO: 5 | Final: -80 | Status: AVAILABLE | Action: SKIP | Premium: NO | Reg Price: $17.29 | Renew: $17.29
brunswickly.com | Brand: -93 | SEO: 5 | Final: -88 | Status: AVAILABLE | Action: SKIP | Premium: NO | Reg Price: $17.29 | Renew: $17.29

=== TAKEN ===
esspol.com | Brand: 77 | SEO: 16 | Final: 93 | Status: NOT AVAILABLE | Action: TAKEN
awyken.com | Brand: 77 | SEO: 16 | Final: 93 | Status: NOT AVAILABLE | Action: TAKEN
weimanhome.com | Brand: 82 | SEO: 9 | Final: 91 | Status: NOT AVAILABLE | Action: TAKEN
npstaff.com | Brand: 17 | SEO: 16 | Final: 33 | Status: NOT AVAILABLE | Action: TAKEN
fabulousawesome.com | Brand: 27 | SEO: 5 | Final: 32 | Status: NOT AVAILABLE | Action: TAKEN
zentriga.com | Brand: -18 | SEO: 16 | Final: -2 | Status: NOT AVAILABLE | Action: TAKEN
majestic.com | Brand: -18 | SEO: 16 | Final: -2 | Status: NOT AVAILABLE | Action: TAKEN
numeratout.com | Brand: -28 | SEO: 9 | Final: -19 | Status: NOT AVAILABLE | Action: TAKEN
mpostream.com | Brand: -28 | SEO: 9 | Final: -19 | Status: NOT AVAILABLE | Action: TAKEN
ninevehsat.com | Brand: -28 | SEO: 9 | Final: -19 | Status: NOT AVAILABLE | Action: TAKEN
cinsaylive.com | Brand: -28 | SEO: 9 | Final: -19 | Status: NOT AVAILABLE | Action: TAKEN
minebeach.com | Brand: -28 | SEO: 9 | Final: -19 | Status: NOT AVAILABLE | Action: TAKEN
mycarinc.com | Brand: -40 | SEO: 16 | Final: -24 | Status: NOT AVAILABLE | Action: TAKEN
shopkack.com | Brand: -40 | SEO: 16 | Final: -24 | Status: NOT AVAILABLE | Action: TAKEN
aqu1024.com | Brand: -25 | SEO: 1 | Final: -24 | Status: NOT AVAILABLE | Action: TAKEN
kampusqq.com | Brand: -40 | SEO: 16 | Final: -24 | Status: NOT AVAILABLE | Action: TAKEN
igotmarkled.com | Brand: -38 | SEO: 5 | Final: -33 | Status: NOT AVAILABLE | Action: TAKEN
cabcounts.com | Brand: -64 | SEO: 9 | Final: -55 | Status: NOT AVAILABLE | Action: TAKEN
learningfound.com | Brand: -63 | SEO: 5 | Final: -58 | Status: NOT AVAILABLE | Action: TAKEN
shorthaulfarm.com | Brand: -63 | SEO: 5 | Final: -58 | Status: NOT AVAILABLE | Action: TAKEN
shorthaulfoods.com | Brand: -63 | SEO: 5 | Final: -58 | Status: NOT AVAILABLE | Action: TAKEN
digifiduciary.com | Brand: -63 | SEO: 5 | Final: -58 | Status: NOT AVAILABLE | Action: TAKEN
1ghost.com | Brand: -60 | SEO: 1 | Final: -59 | Status: NOT AVAILABLE | Action: TAKEN
twshopping.com | Brand: -73 | SEO: 9 | Final: -64 | Status: NOT AVAILABLE | Action: TAKEN
connectthelove.com | Brand: -86 | SEO: 5 | Final: -81 | Status: NOT AVAILABLE | Action: TAKEN
makeandprosper.com | Brand: -86 | SEO: 5 | Final: -81 | Status: NOT AVAILABLE | Action: TAKEN
